194.002 10.4768 1.87036 14.4506 11.0263 4.37961 3.53369 8.58528 15.005 7.38985 9.39777 12.58 4.45147 9.9931 6.81531 7.76825 17.1091
189.233 8.5411 8.04581 12.7449 8.05342 10.4706 16.3671 7.82444 6.15908 7.24168 19.9744 15.518 12.5916 6.12071 11.7455 3.421 15.7632
204.666 8.75111 8.84438 9.03116 6.55065 16.9453 6.42759 15.6788 9.49634 10.3112 7.12491 19.0773 8.0706 10.7845 9.66199 15.7967 17.761
205.252 10.2545 15.053 3.15072 6.30952 9.25174 17.1309 8.84194 17.5575 10.0837 9.69855 9.88375 7.28155 12.0176 11.6056 13.7715 8.43455
189.605 10.6885 13.8216 4.33765 10.7563 6.67565 23.4787 12.629 4.996 9.7731 5.28086 5.97265 14.8716 11.1723 10.7165 14.155 11.9857
202.885 6.74817 4.29327 3.93198 5.62198 8.80277 10.8079 23.2224 6.00299 11.7738 11.7495 6.90941 17.0589 8.94951 8.14359 12.241 21.179
173.796 5.04517 7.3136 9.27732 14.0808 11.5827 17.0936 5.76134 9.31593 18.7979 17.9817 8.81678 11.9656 8.33843 14.5589 6.7296 23.1837
181.577 2.37048 10.182 4.05808 5.78426 4.52976 10.9241 6.82763 9.57656 14.7298 7.61894 14.0333 15.5847 10.4056 11.1905 5.90352 10.6955
178.644 7.22476 10.4087 4.52695 13.6457 13.2435 8.94588 7.81171 7.99156 11.3091 11.2404 16.1229 10.7024 11.423 13.5753 10.7666 15.6714
186.54 11.1514 9.65236 13.5346 11.3164 10.8159 6.50176 7.62839 11.9242 12.5704 14.0697 11.4579 11.5555 7.02463 12.7643 9.45089 15.332
181.428 10.7156 14.244 11.5497 15.8039 17.7482 3.70715 7.82146 18.3392 9.42782 13.3927 5.01813 11.314 8.45606 12.3846 4.29327 16.3563
184.511 6.43744 13.5653 13.2465 3.57208 6.86818 8.88802 12.1416 8.54131 12.3462 13.3982 6.8306 11.2015 12.8089 11.0531 9.85161 10.6983
174.344 7.70487 12.7628 13.0696 12.1769 3.56133 9.09437 11.2805 9.3221 7.1979 8.46151 6.62692 14.4121 20.1347 7.14167 7.35883 18.4422
164.761 9.616 18.1808 5.52941 13.6081 12.8379 12.0327 8.76958 6.77961 8.43701 9.68757 4.20427 11.7865 7.25044 11.0877 22.8928 8.11306
177.014 3.68939 15.8458 18.8271 5.98873 12.206 12.6716 9.66884 8.36387 16.1402 5.7288 6.82412 11.8857 12.9262 12.2281 2.81158 16.8493
186.068 8.07395 14.2697 8.41389 8.3663 3.56634 4.77867 2.02744 8.31861 6.14569 3.32585 4.20692 6.34317 6.65741 3.85027 10.7191 13.0237
186.386 9.88266 8.04862 10.3756 9.81673 6.06959 12.0523 14.5057 8.87698 8.66625 10.1443 11.4906 6.38906 11.8528 12.4258 5.77977 16.018
188.939 11.5211 5.93797 9.05385 11.5671 7.70611 12.6067 10.5542 13.8771 9.158 13.4521 10.1692 3.65941 12.6184 9.57863 6.51046 12.755
189.115 9.15183 14.2599 10.5736 7.00487 7.23412 8.29603 5.4078 8.81318 6.10995 15.7324 9.9295 8.16416 11.9039 8.79401 6.2383 14.5102
197.742 8.482 4.13549 7.9281 7.77287 6.67415 13.8983 9.74701 10.8825 9.38212 7.17712 6.14369 14.7169 13.7719 10.7146 12.4395 13.6559
174.516 10.2301 6.53987 9.09253 11.4485 9.84472 5.12217 7.77735 5.25593 5.37258 11.611 12.9982 7.69628 12.7959 12.2684 9.46426 13.4919
187.264 8.53784 5.59286 11.5529 6.11551 4.45534 13.1769 3.87931 4.48529 5.24869 5.64977 11.5556 5.24985 11.1407 11.915 6.68702 11.9173
191.113 5.12851 8.16512 10.3483 11.2529 5.28102 10.756 6.41085 8.05385 6.76809 16.2592 12.4353 12.2629 14.0373 5.60878 10.8244 11.8958
183.302 10.5421 12.5171 12.2427 10.152 14.5806 4.93141 6.42236 10.5046 7.51769 7.34468 12.7811 9.93756 8.38919 10.773 10.5622 13.2228
184.354 6.93509 6.84554 15.9339 9.01848 14.6579 6.79408 7.83236 12.4835 7.71894 7.93468 5.25866 8.27896 4.00057 9.39376 8.39797 6.52482
176.903 7.58785 5.88977 6.52936 11.1149 5.31039 6.73998 7.62657 14.5702 9.12273 12.7406 10.5368 9.77313 5.17866 17.4577 8.12831 18.3549
197.49 9.49338 4.79519 12.5852 11.0724 5.18844 6.41351 7.21285 13.1576 5.90905 9.76597 7.69922 8.55664 5.02682 13.2907 9.54817 15.4309
190.763 7.84593 13.8055 9.25705 9.74392 4.91126 12.6728 9.64063 13.5628 13.8639 5.50696 11.3487 8.3973 6.93776 12.0382 16.7879 17.1004
198.398 13.255 11.9732 14.4665 4.78765 4.74878 12.2933 10.5829 6.60267 4.68004 9.90158 9.09159 16.0811 4.19206 11.393 16.2028 12.8154
193.533 5.48708 9.79064 8.32521 9.16876 4.79111 8.60437 6.9256 7.23 13.9221 13.9979 10.1406 19.5389 10.852 5.74719 17.5833 8.85791
191.971 7.7213 1.78381 6.86 8.43586 11.5121 7.70768 7.4082 8.43042 11.3576 15.8881 5.49387 6.53364 5.41902 10.468 11.3535 9.80342
195.21 5.87598 6.10468 6.0652 7.78786 6.85551 11.59 11.8532 11.1991 3.51074 9.13517 13.9715 5.75079 12.5537 16.0613 11.1605 17.3785
188.048 7.67877 7.60004 9.16747 5.89281 7.04965 5.91256 6.66212 11.1498 8.09956 5.17641 12.9446 12.6404 12.2098 15.6214 4.14885 11.1478
186.829 10.6055 5.53355 25.5245 10.9712 2.20632 15.9071 11.4068 16.2639 6.73333 7.27558 17.1855 11.8328 15.9129 7.42065 7.66309 17.6803
183.358 6.62158 5.32417 9.8433 8.37302 11.9828 9.67954 4.61155 8.93424 6.47423 13.5794 5.43875 11.6462 19.3904 8.40151 9.68621 12.3429
200.995 11.4614 5.94421 6.2372 10.2083 8.49836 7.78127 7.1281 6.34065 13.8653 6.11006 9.34667 12.0337 10.1777 7.28833 6.23647 13.0566
194.597 7.73694 9.94772 10.2026 14.0456 13.286 16.8319 9.8432 8.87354 13.7627 14.3201 9.33318 15.6463 12.8839 5.74002 12.7064 18.2287
199.514 5.47191 12.3254 7.48843 4.59996 14.4887 13.2147 5.75311 9.47066 16.8074 4.02871 7.45084 6.30592 12.967 4.08665 20.9929 17.3663
194.844 9.37302 11.0987 11.1373 6.49552 11.0137 6.92732 16.27 6.68764 6.34903 8.67069 8.92352 8.32105 12.8699 10.3046 13.2058 12.0003
189.668 9.21553 8.15914 8.82435 15.3358 4.32092 17.0445 12.5165 13.3952 11.6852 8.5019 17.4947 13.5242 4.61307 8.86624 9.51993 12.89
192.136 13.5013 8.39472 19.6945 3.87412 3.26116 12.6955 8.75005 14.4023 6.49227 6.34046 10.686 3.53519 5.76055 10.6451 11.1395 25.201
179.735 11.0901 11.0935 11.9029 5.97442 11.9126 10.3127 15.4977 9.13625 5.97961 4.51151 7.23236 20.8994 5.86124 8.99247 10.3952 23.6414
181.08 7.74233 11.0958 14.4785 20.7643 26.0683 16.7362 10.8272 7.881 6.33952 6.95891 8.57834 7.32267 13.702 4.90714 15.3025 20.0445
179.448 4.55559 5.64366 13.9232 8.80669 6.24105 7.8816 12.2936 10.0292 14.5016 15.9649 11.2903 4.9217 11.3408 7.18392 10.664 7.27152
192.697 15.8373 13.4734 11.2873 9.14713 5.10946 10.4711 18.3651 14.1369 5.82791 11.4545 5.2644 15.8116 13.552 12.4188 11.8698 5.794
196.377 5.28043 7.87923 10.2149 8.44363 18.568 6.62594 9.24794 5.34008 12.329 12.5278 4.45982 5.94595 5.34127 5.80341 6.67014 11.4868
194.583 10.2068 17.5508 6.4252 7.28651 9.20183 6.20539 15.0129 7.24041 9.9404 13.3808 5.1736 10.928 8.66939 6.57033 13.7766 14.1219
194.655 13.9471 7.07374 23.278 7.59083 11 18.1597 9.41004 12.1975 6.11646 5.75489 11.6434 13.0697 7.39503 8.64756 9.92211 17.6057
195.758 9.02154 7.48938 19.5514 6.20059 10.1618 18.2601 4.63256 12.9355 5.07949 4.91984 15.3277 24.1705 9.09128 10.9969 19.5641 16.1962
198.182 12.1907 14.339 22.0807 12.0949 8.99544 7.211 5.13288 6.7074 10.2019 6.21599 9.86201 14.0048 10.6506 6.16765 6.6966 16.7
193.696 17.5963 14.1696 14.9658 5.31873 3.26485 10.2093 9.55751 9.74997 12.2947 4.91589 18.2408 4.7582 7.05555 9.00948 2.0971 13.6393
207.939 16.0792 4.65128 6.35587 9.8948 11.9515 12.9483 7.31173 15.1298 9.15582 15.323 19.1879 13.2355 5.537 12.4161 10.178 6.36305
177.465 13.985 9.86264 7.78141 18.4733 8.32425 8.87676 4.97172 9.61497 7.11959 11.1551 12.6797 7.30211 5.537 12.65 6.88071 8.58449
181.796 9.50381 11.3472 3.81358 10.2778 5.807 8.72624 4.57194 7.6253 10.2379 3.02964 7.2973 6.73456 2.59442 8.20519 8.63842 13.6576
185.27 7.08042 14.4986 11.5648 4.77452 11.7728 11.7807 6.26143 5.15307 8.30426 9.95709 12.1177 9.57129 6.58077 13.4818 13.4468 15.6383
202.185 9.26808 18.7318 4.54031 8.92435 9.56289 12.076 14.0956 5.67959 10.9828 10.3797 5.55409 19.2603 11.9021 6.922 10.8005 11.3033
199.041 10.3962 11.8402 9.01186 8.90186 5.87957 17.0262 10.6152 8.15532 10.4954 4.35087 10.4807 3.16452 9.91684 7.2429 8.44275 20.7416
197.285 5.91424 12.2949 9.72449 6.84503 5.18519 10.1194 14.0991 7.57767 4.79453 15.0727 6.1593 12.882 9.42679 13.6283 10.8058 16.5175
195.387 14.2686 6.97302 11.1832 10.095 6.11011 16.0716 6.41103 9.25436 5.25853 16.0845 7.40248 10.6339 7.44953 4.71441 9.48339 13.869
183.328 5.25802 8.38661 8.72388 7.31279 10.062 12.4934 6.74132 5.47072 6.40556 17.2725 13.1452 7.67047 8.55253 18.0068 12.8841 12.5098
181.091 17.8364 6.13805 10.0986 7.60692 15.6437 16.1235 12.2036 6.89112 7.90816 10.9813 8.84785 11.537 14.2436 17.6596 8.56547 16.7582
185.313 6.12343 6.84609 10.1427 8.18946 9.5712 12.5252 13.8291 7.36825 8.19882 10.0222 9.02125 11.157 7.80246 6.45284 8.26781 16.3473
192.131 7.11789 16.4962 15.6976 6.28194 8.29228 7.84418 11.998 10.3671 11.4327 11.9819 3.75846 11.5866 8.11701 12.2826 10.7408 19.7807
182.386 16.2669 9.45706 14.3729 6.75423 7.11277 12.6539 10.7645 16.0479 11.8381 8.6021 9.34619 11.824 9.65425 7.74782 5.51456 11.1976
189.158 15.4035 11.0729 8.2094 5.55471 11.8803 14.1228 8.32928 11.6869 9.31481 9.68807 7.29347 4.10137 8.58032 16.8821 10.5979 9.33327
197.889 6.7044 14.9927 4.32042 13.7108 7.22835 6.42542 9.12008 8.16418 10.2469 9.22893 4.32493 12.2088 8.76734 13.7046 13.265 14.7776
181.859 19.6931 10.5067 12.4511 13.1476 4.26869 10.6157 10.1964 4.70861 10.9654 9.9619 8.84535 11.8856 10.885 16.0289 6.83213 19.921
189.557 4.74363 7.76763 6.3676 11.2906 18.4884 13.71 4.34585 8.72131 10.2483 5.88923 5.95643 13.8343 9.07733 7.77198 14.181 17.8064
178.181 4.63596 10.1635 4.68242 7.20868 15.9143 11.7292 7.73417 9.57771 16.0272 7.36572 11.4106 5.82318 9.99217 15.7953 6.73398 12.1465
202.868 8.84256 11.8697 4.26692 8.78396 11.9048 10.388 17.8057 10.053 8.18232 5.06853 3.70323 10.685 11.2081 9.98601 9.55487 15.6375
188.329 15.2317 6.92454 9.26146 3.31685 20.2343 6.0342 9.92555 6.50478 12.8304 5.11849 8.07466 6.22342 8.30179 12.9182 11.6302 27.0699
197.992 12.1382 12.1556 11.0301 5.84445 13.5241 7.86995 11.3076 6.00587 10.1192 13.6707 8.62322 12.5426 3.72865 16.487 10.0781 32.3886
185.079 6.7147 11.3347 11.8211 5.92923 16.6656 11.8609 10.372 2.17344 7.87914 9.37679 2.14371 6.92508 7.53091 8.53655 10.7143 19.341
187.148 12.6598 9.84178 19.3687 5.6711 10.4748 12.4307 8.54844 6.27814 6.41573 13.434 9.23587 12.764 10.9694 8.09506 11.7006 14.8126
190.746 15.779 19.8411 19.2615 11.4764 4.04441 11.5528 10.5321 10.6853 4.2425 5.28822 7.28716 12.7208 19.1471 5.09635 13.367 9.46093
182.43 11.0673 8.56946 18.8799 12.907 6.22565 16.5282 6.37886 22.4516 12.7003 6.80395 9.78311 11.8637 6.7694 11.7564 4.28468 13.3035
177.996 12.178 4.95733 15.8106 15.2083 7.94759 10.7321 14.7002 8.65947 5.91547 8.69143 12.666 14.0955 7.74381 13.5488 14.0068 17.5905
191.355 7.95939 5.90545 14.7098 11.2422 7.76638 11.9079 19.8729 9.39792 9.55537 10.6148 8.81073 12.2455 7.42194 12.7878 8.17242 9.86032
191.966 8.1842 13.4861 15.3771 5.50857 7.20058 7.8194 6.84994 4.25244 4.10863 8.36585 4.46191 11.6601 9.4247 19.2786 12.6053 20.0306
195.492 9.23222 9.09778 4.20169 12.0015 8.64565 5.59183 12.7444 11.1816 4.16282 9.60863 18.6225 9.43959 7.70028 10.0204 7.94819 7.94443
175.342 11.0484 1.74131 7.41701 6.91369 6.43202 11.0753 3.58131 7.52079 13.2773 2.42534 11.2497 14.7958 9.86763 12.8472 6.09589 13.8131
183.513 10.2676 3.05911 8.96244 5.93609 7.95071 7.54156 3.40968 5.46214 12.5601 4.92125 10.5541 15.0693 14.7659 12.7364 15.3092 12.6321
178.942 3.59639 12.9885 6.03229 7.592 11.1436 7.5864 16.2397 5.00101 6.6707 5.37338 7.02178 11.3874 9.05513 12.8029 11.3683 12.3141
185.781 7.64978 1.43482 10.2294 9.3483 8.64726 8.05609 6.34626 10.1047 12.3398 6.42042 7.1822 7.84123 5.63868 10.5559 9.86558 13.9463
193.262 9.74692 11.2366 11.1822 10.5364 11.7644 11.6171 7.54653 15.7372 8.3175 6.59018 9.0514 4.97873 5.32729 12.9117 13.4504 14.788
184.215 9.4801 9.13217 13.7963 13.3636 10.9214 10.6028 11.2559 13.9541 7.8153 8.29321 16.102 6.41478 17.0829 13.9216 16.4726 20.9977
184.909 7.02919 13.5372 8.58903 8.80704 11.735 10.0893 9.11294 9.85591 13.9435 9.28876 16.102 10.5132 11.857 17.8065 15.9921 25.0205
195.893 8.04887 8.01033 6.66557 9.68745 10.1114 10.6715 7.39103 7.56278 8.64915 7.72645 4.79809 10.4749 6.97215 21.5739 8.61915 18.1442
195.522 11.2876 6.97785 8.55395 9.94882 10.1587 12.6017 6.86299 11.5587 5.40043 10.9246 11.3436 14.0535 16.2976 4.23825 11.1389 10.936
187.881 7.32141 17.639 5.411 8.59448 8.64464 13.5122 7.77293 5.45264 13.1694 10.8003 4.92906 9.96815 9.20876 10.5836 19.4522 14.8503
184.362 8.09761 2.79991 7.34059 14.7676 8.37793 17.1116 12.6763 7.95757 9.74219 8.54042 4.90449 7.10335 5.47946 8.45748 2.97476 15.3221
182.861 6.02324 6.46913 8.76059 6.43459 8.72125 9.67106 15.4164 18.249 5.20708 9.50511 3.11108 10.5501 5.23655 8.86299 6.21791 13.4
184.919 8.72293 3.67777 11.221 7.91518 7.09625 6.63652 9.45155 14.8642 5.26518 7.29039 9.43916 10.5616 5.80032 11.7041 6.37716 11.78
191.268 14.419 16.1522 9.5259 4.41461 9.40329 7.36806 11.407 13.023 22.316 4.94898 4.86136 14.0257 8.74614 8.73615 5.06286 12.493
185.698 9.93099 13.0622 10.1615 2.59055 3.30912 12.7992 7.80503 21.1701 11.3018 6.02186 5.02741 12.3609 17.5177 10.4176 10.3765 15.4794
181.661 8.7068 6.56611 11.0605 8.7821 7.1986 10.9444 6.17558 10.1485 11.7967 11.8066 3.15718 11.833 7.97444 18.0652 14.9541 14.4147
187.64 5.45418 14.728 4.7838 3.82816 9.32343 9.53984 10.9836 8.26548 11.835 12.4503 8.13694 16.7823 11.6853 13.9973 15.5422 13.0689
192.535 5.25922 16.082 6.69307 9.11892 7.57252 10.885 8.33515 10.3983 12.1688 3.751 7.73521 19.7867 11.136 13.0763 5.79444 11.5543
178.526 18.5162 10.9361 14.6098 4.58737 9.19864 8.21628 14.5582 15.9933 3.88444 14.248 9.61795 17.1388 8.76219 15.1115 8.28811 12.5964
191.686 12.6614 8.64573 11.1878 9.10456 6.88134 11.9261 31.4446 12.938 14.575 9.99177 6.01374 6.09045 8.77999 13.9696 2.33865 11.5014
189.308 9.54835 12.9187 13.796 5.48523 8.08346 21.8277 6.58848 5.60457 4.29532 7.82375 12.0669 9.26698 12.4371 9.62186 11.6487 15.6106
196.788 4.4611 2.11321 16.3897 3.2996 9.67557 10.3902 9.76434 5.09841 9.99912 12.7561 14.0533 14.2204 9.17534 19.6261 20.4626 22.267
187.561 10.1374 6.79703 8.47613 6.61919 14.4876 7.82001 12.2348 6.08442 12.7913 10.3312 13.8405 13.8191 14.6453 10.8935 8.35124 22.1675
197.19 10.2615 5.39025 16.2117 9.93844 13.289 16.117 8.4118 5.76982 10.567 8.27139 9.17879 6.75323 19.4678 10.8549 8.07733 15.4082
194.56 4.29712 9.81484 5.17599 9.46333 13.7437 12.8671 6.84111 14.4394 6.51783 12.7977 13.2625 7.46837 14.5039 10.7089 9.66771 23.6571
195.325 5.87532 6.77379 10.7288 8.7615 5.34479 15.0684 9.39358 11.0734 5.07291 4.72157 5.99885 14.0635 10.0093 10.4191 8.99709 17.0573
198.022 14.2824 7.7852 11.0126 12.6174 9.7452 12.09 7.34016 4.05153 11.7475 8.66101 7.47621 7.06756 8.84842 13.2894 7.6467 21.3119
183.093 11.8326 18.9903 11.7738 18.9047 5.82307 5.49679 12.5114 8.85763 5.4489 8.90938 12.0053 10.0091 16.6529 10.341 8.46226 12.253
185.184 22.4511 7.61457 17.2257 8.56703 5.70983 10.875 12.8087 9.74037 8.45559 9.00182 2.73629 9.18179 17.9266 16.3752 13.2433 13.6879
188.399 8.5672 8.56131 12.0773 6.8063 11.2319 6.87965 10.1924 12.6714 11.4288 7.58714 7.11948 3.07381 11.1943 9.38944 3.81917 12.7117
181.735 5.46404 9.42253 7.45271 5.92175 7.41011 6.30949 17.5469 8.2787 8.23913 12.4604 6.88221 13.8989 6.90856 11.9471 6.16169 10.2957
205.019 14.2334 8.2238 11.9555 7.08677 9.95149 8.14877 4.51927 7.37577 7.05789 2.71436 11.6707 7.06088 3.35837 18.0758 11.1427 19.6962
182.607 6.60534 10.7738 6.61786 11.807 11.8608 18.9525 5.49946 6.75721 6.10451 8.009 11.4388 13.2989 18.2484 18.3288 6.23159 9.46468
182.322 13.9141 7.60921 10.3386 4.19426 15.8136 11.5316 3.29612 2.67087 6.50715 10.6205 6.38065 15.0071 7.55562 12.8325 8.71729 11.8896
178.631 9.96685 5.89032 7.39526 5.12798 5.11722 26.5074 10.8344 15.7876 3.20525 10.5107 7.03635 9.99501 6.41468 7.59864 5.5999 10.6632
189.326 12.4995 4.94527 13.0726 6.88627 10.7708 11.6325 11.8389 4.51681 11.1378 8.25071 7.6578 15.6931 10.2101 5.70756 15.3606 21.515
178.056 11.5591 3.86542 12.5935 11.3457 5.8263 16.1931 1.53136 7.47751 9.49951 10.5515 11.8162 12.7194 6.9191 7.47787 8.74964 19.0952
190.917 13.0777 4.54091 13.875 4.54272 5.16305 10.64 9.34121 11.5617 8.8856 4.94186 14.2965 12.7317 4.54544 16.3001 6.87885 20.8311
186.386 7.21839 4.6592 17.559 7.75387 5.86697 16.3867 7.89869 12.6773 9.14244 4.58271 11.3707 20.9916 3.22685 9.12223 9.26485 14.0779
189.185 12.8843 8.0565 19.4061 8.54529 6.62481 16.7059 7.22124 7.81615 9.63411 9.16837 11.5941 15.2356 10.8715 10.8505 8.62657 14.923
195.114 15.512 9.69108 6.25361 8.42958 6.55094 18.9016 13.1351 5.34176 11.2727 8.53152 5.35504 13.1286 8.50297 11.4803 14.41 9.48559
193.672 15.5164 11.244 7.89994 10.8704 10.7123 9.4993 6.06753 7.32075 10.4299 12.3771 7.83939 10.393 4.74811 8.26408 3.27615 12.1367
191.505 6.25107 4.94106 5.84664 7.65097 12.4268 14.1939 11.4818 12.2906 6.94037 5.6609 6.07415 5.98241 2.19708 14.2859 11.796 13.6991
189.573 7.35791 15.5508 7.67944 4.55259 12.0929 10.564 8.00173 14.8374 9.78156 13.0464 9.33665 2.7213 6.18009 17.7251 11.1686 16.8269
182.334 16.3113 9.0751 8.24125 6.27477 10.0185 7.69441 16.6137 14.5309 13.3771 15.541 3.51979 7.89383 18.3409 19.9127 19.1177 15.9464
172.979 13.3603 5.39339 12.0993 7.52298 13.339 16.1462 11.1497 18.1615 5.89308 12.4371 4.6586 22.4659 13.2663 15.5443 11.2464 13.4978
192.658 4.59657 14.753 10.8276 18.6904 13.4813 17.1828 4.89447 2.19869 11.5938 10.3693 15.2805 16.8862 9.32029 14.0777 9.51102 12.8696
178.136 10.3575 11.1026 4.3756 13.6912 7.2476 12.2686 3.42433 10.9607 10.3499 5.19158 10.6184 11.4005 8.31338 7.59945 4.06977 14.6545
184.845 9.31513 9.55156 6.77486 17.9017 12.5673 8.14288 8.84001 5.58079 19.8115 11.8197 9.57953 18.225 14.1608 7.74024 11.801 11.2258
170.7 4.16916 11.7236 5.3827 6.75256 14.2961 8.1323 11.1772 8.76455 8.08791 9.67112 5.56089 8.68817 8.63043 6.38734 8.75841 13.4466
176.614 5.09233 12.428 9.14977 9.76464 4.65805 9.78139 13.8785 9.25316 7.22704 6.56101 14.8067 16.6161 14.5094 7.88854 22.8735 17.072
167.896 7.37774 10.8025 7.715 5.42985 25.2484 8.12367 4.83827 25.4751 5.72887 7.56935 10.2189 22.4404 13.193 18.8602 17.2705 25.9131
180.07 12.9219 4.09345 9.69892 9.52106 10.1871 30.0315 6.46755 13.4044 4.19399 8.01974 13.2685 11.0873 2.20337 16.2716 7.55288 6.73214
173.226 12.8048 13.1368 15.9117 3.15282 13.6232 13.7469 6.0546 7.56104 4.70788 7.50324 17.3695 5.74133 12.8866 10.58 7.97818 19.5712
191.893 6.84484 10.9794 11.3539 4.56631 1.95877 14.7256 14.4017 6.56255 8.24849 9.38869 9.95017 5.98994 8.58817 9.36374 9.82912 31.2047
197.414 4.77091 14.3268 6.01607 6.66768 6.04933 14.6749 4.57418 7.0205 6.27054 5.53366 4.79643 12.6143 6.02834 8.09842 10.8224 12.3526
200.073 4.32793 7.50401 5.71999 11.6916 8.59344 14.5707 11.7542 9.7501 10.3216 9.36047 9.80674 10.7286 5.52526 7.57431 9.0364 11.8062
193.162 3.31799 17.5529 6.26949 13.264 8.64742 12.8561 8.35233 6.17727 8.42397 14.4251 12.1315 9.53174 7.23743 15.8721 4.95268 4.84301
196.43 8.27521 9.49638 3.66387 8.38495 1.68107 12.1716 13.6794 6.75773 6.33259 12.7371 10.3647 12.619 4.22776 8.40064 7.71766 13.3878
191.117 7.87083 10.9979 14.0548 7.96249 9.73902 9.94363 10.7899 9.03232 13.3068 12.6013 11.0693 12.8426 10.8751 2.84932 4.97268 21.6026
166.732 8.55648 24.7423 9.20861 9.29403 3.95328 18.3734 10.6889 10.098 9.91001 7.14792 18.9879 18.6812 4.6504 5.19036 20.4385 28.0238
181.951 11.4267 15.7312 11.1443 9.73942 12.5494 18.3422 7.35393 12.4115 7.80884 13.167 11.0246 15.4938 12.3243 11.458 11.9675 11.5489
180.53 11.949 8.33243 10.425 6.3373 15.8241 15.2129 7.57037 6.52375 12.4857 11.467 12.1116 10.2117 20.071 9.69166 8.30267 17.7632
193.256 7.028 6.71614 3.59408 6.9436 11.8974 14.4876 9.64397 7.67172 9.53205 3.73962 4.51249 5.07374 8.41574 20.703 5.61905 18.119
187.264 7.47446 5.10774 5.46026 6.0257 10.3065 14.6153 5.95152 15.3212 9.75554 14.6269 7.20562 14.2183 10.3529 11.6597 18.8532 19.0989
176.789 4.26338 17.4241 24.9169 6.28889 7.95123 9.46492 10.1366 8.51605 2.81558 8.82924 8.57456 7.96039 6.73984 14.0741 16.6732 12.4681
199.863 12.1315 5.41731 13.345 5.60795 17.4623 16.7789 11.231 15.1818 6.18196 18.03 9.86575 7.45251 4.30303 11.2795 6.17039 14.7674
187.283 4.97025 12.79 6.26535 15.4694 8.13141 8.64687 8.42373 8.57375 7.43999 17.0499 3.25049 22.4543 5.85273 16.5824 19.4858 18.0941
184.549 7.65728 14.372 7.46187 16.8389 10.7188 7.52047 6.37473 11.6201 7.41334 12.9488 3.83538 10.042 9.25514 8.42298 12.4202 17.9244
182.584 13.423 18.369 9.62296 9.5782 20.401 8.28778 7.81841 6.30744 14.3003 12.1111 5.02296 20.4294 10.7185 12.796 9.50025 10.9521
193.942 8.03888 4.21917 27.9339 5.83417 11.9562 5.36993 9.73 13.4841 4.41754 15.9453 7.65085 11.0099 11.147 16.0341 13.3314 9.37172
189.989 4.6454 7.12643 19.5206 9.43324 11.3082 10.615 8.34462 11.2326 4.21504 5.35272 13.6002 7.30522 7.68213 14.2294 11.8695 16.3841
186.344 11.7192 8.22271 7.32459 14.7609 6.61816 19.0182 8.37204 13.467 2.85185 16.2957 14.8515 5.08305 6.27808 6.67584 9.89809 3.17506
208.294 13.034 8.72078 8.54962 9.36776 14.4841 6.53621 7.52674 16.1265 7.15801 10.152 10.6874 9.32778 9.06601 9.2134 7.94401 17.449
199.182 18.4718 5.44628 9.18653 9.75727 21.3181 10.4427 9.16181 6.98252 11.5938 15.5623 13.7455 12.2684 6.3556 8.18581 13.3877 8.66685
203.156 8.84235 15.3958 15.1367 3.13943 9.94612 12.4763 7.20626 9.87714 8.04846 10.048 5.53315 9.83305 16.5355 6.18484 9.98519 11.7464
199.077 13.438 12.9339 12.2993 6.6786 7.07035 8.42858 11.4283 9.78223 5.29025 9.54043 10.5935 6.20562 8.38822 12.723 5.2563 14.1481
189.09 9.63713 12.7722 13.4439 14.0535 13.2305 11.7736 14.2898 12.1191 11.3394 13.5774 11.4515 10.4236 3.38533 16.8906 3.95824 8.89181
175.509 9.70973 4.58784 14.4734 7.4131 12.0659 17.2015 8.63977 18.9434 8.94342 14.0182 10.0526 10.66 7.83287 3.15898 14.8411 13.0682
182.404 18.4946 5.40848 7.51619 7.70234 9.74419 6.08294 13.0598 12.2813 7.73571 11.33 8.90304 14.7441 11.1627 12.3163 14.7996 12.1594
188.729 9.2708 4.1232 5.0122 8.81706 8.5309 9.82454 20.4124 10.3057 9.03857 7.50987 16.8305 19.7562 9.99279 11.9841 15.338 15.1151
186.008 4.96299 12.8368 6.85379 9.62114 21.3069 17.3797 9.87077 13.302 18.2028 12.5061 4.839 10.652 3.42279 5.0719 18.0594 14.02
198.273 12.0199 12.9222 12.1501 8.23079 5.21512 13.8767 9.36196 15.8276 4.38647 6.23139 11.8804 5.04389 8.21302 12.5502 5.41028 12.4602
195.521 10.0805 13.9406 9.60815 13.728 12.8522 23.8036 5.32082 4.04039 13.364 8.08512 9.63974 5.48612 4.2145 8.68065 4.67043 24.846
193.66 7.30201 8.37557 10.9306 10.5906 8.48011 15.7879 11.675 10.7405 11.3912 6.2301 13.0779 11.8064 8.52507 10.0586 10.6661 10.2477
187.532 7.3436 10.6204 13.05 6.11165 14.1809 10.2159 11.5429 15.23 10.2457 9.3905 9.01957 11.6642 9.26828 9.33565 15.4691 17.4924
200.527 8.56163 12.323 15.6867 17.8994 5.726 7.33891 8.961 6.14401 7.40656 8.38318 10.0994 13.6636 16.5614 11.5642 3.81252 16.9789
207.666 4.74341 18.1364 10.3972 6.16807 5.91536 14.7383 11.9166 15.1725 9.39233 7.873 8.18987 6.19503 12.4202 3.89129 11.5837 10.9613
199.93 13.2217 5.94839 12.3512 8.04795 8.68238 6.71511 12.201 13.0819 7.03773 6.32688 9.73759 4.88025 15.4618 22.1106 4.52268 19.5658
190.561 7.73451 14.5485 20.2056 5.89795 7.73057 9.65729 10.6758 12.7198 8.92709 4.44745 10.5545 6.27467 12.8267 4.16084 5.78821 16.8744
196.489 6.53805 4.85151 8.18291 7.92804 4.73674 10.7692 4.72273 14.3937 12.4306 4.10166 7.54815 10.9761 5.49774 12.9163 9.0531 18.1817
185.923 6.00923 8.40336 3.36767 8.20468 13.7057 7.18991 6.88892 8.01537 12.5212 14.2081 3.49441 10.4248 8.93164 12.1919 16.2146 12.6973
181.436 10.2777 12.5232 4.20524 11.0152 7.05319 10.7292 7.15066 8.29614 13.7033 7.72746 14.7001 11.047 5.80015 11.5872 12.7967 22.5136
191.502 7.15269 6.0955 12.8131 8.45969 10.3771 5.68022 5.13689 13.7825 15.3361 9.10083 5.32965 16.9283 9.738 18.5663 8.27587 13.5614
186.554 3.28489 12.4287 14.3336 12.3774 8.50997 14.2015 4.45866 10.2197 10.3531 16.2361 9.83737 13.0336 9.41923 17.0857 20.5161 23.1342
192.006 13.2615 17.4713 7.98325 17.2697 20.5362 9.38141 11.321 3.0467 10.8078 10.0589 13.6544 14.9638 9.49044 13.4428 16.5258 22.379
193.324 3.76938 7.30292 14.0455 9.36991 9.53191 10.7874 3.25639 4.20165 9.6516 6.37952 8.9817 10.1405 8.98513 9.75629 13.743 13.706
196.698 6.56873 12.8304 8.98123 14.6421 7.99376 8.51648 14.4769 10.7093 6.89157 15.5593 10.6893 15.7532 5.08043 9.22432 8.97453 17.9439
189.392 9.37356 15.6326 10.5273 11.6971 20.0733 11.2154 11.1548 9.99238 6.53715 16.616 11.207 17.3496 12.0105 8.8307 9.61916 13.4757
189.78 8.21069 8.38508 12.6783 13.6421 5.03362 12.7873 9.15034 18.9005 9.77131 5.3889 12.7246 12.7571 12.1129 6.36505 9.00053 17.4571
189.576 9.14019 7.13829 8.74507 10.6889 11.2841 8.59549 3.77526 14.7631 8.33896 9.25646 13.116 8.83119 9.19124 8.19055 7.66582 14.8699
178.376 9.50225 6.83342 4.49936 3.78052 10.8022 6.97193 5.27557 10.5285 5.69943 11.5902 12.8664 8.86095 10.919 6.78021 12.5972 9.42399
201.21 13.272 19.1437 11.99 6.09224 11.2968 6.68838 6.43975 6.64349 9.63135 11.2764 5.24046 9.30547 8.56238 10.5593 12.0388 13.5633
176.745 8.38178 5.921 4.69053 11.8279 9.64191 10.0195 13.5983 5.9926 6.95638 3.62022 5.16524 17.7259 15.6663 6.50776 19.9785 9.826
189.479 17.9928 10.6368 16.2428 9.08621 7.52263 10.8082 5.80255 14.982 7.82974 11.7728 10.8126 14.8477 7.40535 6.595 10.4157 21.7089
182.842 16.4017 10.3246 3.10337 9.80545 9.45662 9.04863 8.50271 9.18776 7.27417 7.59763 11.153 12.858 5.56194 6.49872 13.5018 22.2742
187.323 9.12372 6.29844 8.68955 6.213 13.1953 17.1011 3.41474 8.42916 8.14371 10.0187 14.3781 16.8572 21.3522 9.71639 6.72103 15.4644
185.311 8.56404 4.57637 11.3026 7.04819 7.46336 10.8151 8.52515 7.33309 7.5139 9.88273 8.80979 17.015 4.24268 4.30936 6.50616 21.7823
183.562 8.20225 9.47807 7.46136 10.3141 10.8498 6.23734 10.323 7.15678 12.6363 8.01783 7.96088 10.8045 11.253 7.26184 9.52908 17.3739
173.012 13.8836 16.0964 15.0965 4.43727 7.15165 10.2772 8.70643 12.0553 10.2026 6.53081 11.215 12.271 3.62084 25.4679 13.9385 31.6131
194.971 6.52709 12.9438 12.7408 9.86743 8.21509 12.4476 9.32779 8.60793 16.2192 8.2326 14.7473 7.54573 7.64753 10.2933 15.9254 5.44156
190.633 2.7788 6.9298 5.18822 11.6953 9.34412 18.4712 4.73663 10.0096 6.1324 11.0657 9.97569 7.99317 16.8906 8.18815 15.3525 6.38898
190.169 11.8689 13.4008 11.3684 4.43513 10.9614 14.3476 4.56468 10.2312 5.11603 9.95519 14.2881 8.20797 15.3145 8.37155 10.097 13.1756
196.066 6.82959 8.0357 11.7917 9.02811 5.23681 9.54575 5.28954 7.73776 12.4389 4.17218 5.36927 9.56402 25.101 11.9974 10.3388 17.1991
175.119 4.11028 8.00791 6.01706 4.87093 12.4756 11.487 2.43383 6.2267 11.8475 7.25336 30.2459 11.5765 9.84538 10.788 14.4412 9.20363
175.521 7.2217 6.48472 6.62283 8.92878 5.91088 7.93826 5.98392 8.17826 19.1834 8.1567 4.1099 3.78273 13.1089 17.5092 12.8879 8.27414
186.891 5.34428 11.1309 7.88099 6.72534 4.13306 10.5316 7.02557 15.2426 7.34934 8.47503 6.69126 6.20336 15.976 9.82862 11.3463 14.0049
186.769 8.63738 3.26762 6.98684 9.40985 7.78096 17.7523 8.78561 10.3942 13.1148 8.17717 2.44202 9.93782 15.1141 21.1441 10.2245 15.9721
180.65 6.62224 12.2987 4.70542 3.39519 2.69182 15.8809 11.659 8.21995 4.13354 7.02932 2.38786 14.0165 10.302 8.09428 7.74115 11.8537
192.732 5.82968 3.90633 6.49477 6.95394 10.3383 8.20726 10.6926 2.59805 7.31438 5.65396 7.65297 24.1096 16.3398 9.45905 13.0491 14.787
186.502 4.50994 9.29318 12.7811 11.3369 12.207 11.9587 7.86796 16.6518 4.85943 7.30065 8.60413 14.6697 9.5099 6.86344 14.9744 13.5309
185.99 9.57864 11.9313 10.7982 4.08629 8.37306 7.87219 9.22205 17.1284 5.24484 7.02276 14.131 15.4787 2.55237 10.7842 5.56664 18.1424
183.314 15.2651 7.28221 21.2714 7.79712 10.0307 6.42845 5.97256 20.9924 8.64106 9.49223 8.52652 14.2877 14.4892 11.5006 7.54245 16.3707
179.926 5.06093 7.72099 10.6816 8.3675 6.11568 8.23001 6.52049 7.04298 6.59141 11.6389 8.51128 11.9981 8.07096 8.25581 14.6533 16.281
172.861 7.61357 7.94021 10.1801 5.66245 5.56566 8.11629 7.77177 9.52397 4.2122 4.90821 15.3019 10.3793 6.86397 7.12854 9.86124 19.7455
192.452 13.8558 12.8539 15.0428 11.5302 6.03165 11.2591 8.1644 11.8671 3.97753 8.14673 11.5027 16.048 7.34911 2.73949 5.41759 7.81493
191.911 12.3061 9.00746 20.3839 11.7951 12.0465 9.82166 13.9569 13.4165 5.12504 7.17209 9.42922 27.0356 15.2155 10.5821 8.82529 16.0092
193.464 7.89323 8.89154 10.5657 7.09542 9.57208 12.774 8.61866 10.2305 8.61362 11.8975 6.00571 10.9534 10.2644 4.92839 9.56333 4.1923
190.982 6.36374 11.128 15.1033 13.1315 26.8437 9.84288 4.50251 17.0816 14.4959 3.6733 7.27257 14.1479 13.3442 10.6326 11.5015 12.9291
181.241 13.6197 9.54989 12.9364 7.34024 19.3818 9.9134 9.41717 7.03362 2.51988 2.7395 15.7304 11.8942 6.4161 7.18632 13.614 13.6551
184.071 4.75188 10.2892 15.6446 7.68859 14.4015 10.7653 5.71909 11.4102 11.5857 4.70342 15.896 1.21673 9.19755 5.69964 11.0752 13.7609
169.095 5.89911 3.32929 6.59444 8.54026 11.5629 10.2161 11.6616 13.4551 13.266 13.2402 6.49412 12.1368 19.2105 16.5641 8.52748 9.29286
177.365 9.42526 8.60655 16.0089 13.885 12.2854 9.13052 8.83345 18.9782 18.138 12.3614 7.84539 10.3929 5.90654 14.5126 3.08138 17.9292
174.329 12.5794 12.7012 14.5233 7.41455 12.8882 21.2716 9.73172 13.0481 6.02607 8.90069 14.9263 6.67136 7.6252 14.0134 15.8669 12.2174
188.516 17.2705 10.7319 7.43474 15.0741 5.39066 15.0133 8.18552 12.5341 10.66 4.08834 4.56498 9.54987 7.22735 11.8926 8.17015 18.7055
187.521 12.0373 5.87796 12.4223 7.25162 8.76577 12.455 5.95111 6.36296 3.43764 13.8704 12.4343 6.18721 11.2004 7.24497 6.55823 17.4678
177.052 6.56507 10.5118 11.9107 12.8976 6.6352 4.01899 9.96559 8.09497 5.23188 2.0159 12.792 10.1564 14.7544 8.77577 6.86336 7.22233
190.379 4.77449 7.24824 9.9752 14.7988 2.61103 16.6996 13.6865 6.07043 6.37612 9.22686 11.572 4.33632 17.1547 9.12075 4.17366 18.4494
198.284 8.4448 8.25607 6.3694 24.9099 11.4882 9.72595 7.4791 14.1905 12.5068 12.5049 8.22077 10.3077 11.6306 9.24571 9.6169 16.2203
179.875 7.83147 17.8617 12.4702 9.01766 11.9631 12.6271 7.6426 9.64923 11.1441 7.36963 8.82479 9.69626 11.9907 6.64588 4.57107 26.1981
180.924 13.0152 7.26774 5.97119 5.5839 3.32677 12.3591 11.7853 6.29007 6.42006 9.6687 14.287 13.4371 11.3335 12.4647 7.96046 15.8399
177.511 16.0049 7.87739 5.75318 10.7465 9.17365 5.25927 6.16369 16.1478 6.4465 11.4374 7.2312 13.4604 10.2774 15.6121 9.3624 22.5477
183.431 10.677 6.18756 2.41452 14.5855 11.4573 10.0376 8.71221 6.34039 6.55574 9.56829 12.9875 12.2799 8.49881 12.2666 8.34193 7.28109
181.402 9.50602 24.3349 12.0768 16.7332 19.2185 10.5893 13.4061 6.35093 5.22027 5.36079 15.7603 9.66091 5.82145 7.41447 22.5094 8.43696
178.352 4.45549 14.5698 6.46665 3.33699 11.6097 10.754 18.6834 25.4782 8.00915 5.31212 7.98234 14.3571 5.26357 11.945 10.2781 17.6034
189.856 8.1437 12.5276 7.99138 10.1489 13.1542 9.26101 9.04151 6.99622 12.6872 4.77739 7.22983 10.4026 7.52098 7.27418 13.0344 14.4711
188.64 9.80052 9.5759 8.37883 6.48557 6.22633 10.036 11.7267 9.2978 3.34587 17.3116 8.13149 8.43196 11.6577 11.8588 12.4727 10.0577
198.013 12.0465 9.82434 5.48894 6.56653 7.30058 7.25642 10.5179 20.114 8.25432 12.3408 5.58017 10.4668 6.08432 13.5682 7.66638 6.44564
178.816 11.1258 9.3067 10.8804 7.60989 7.07286 3.40496 7.26465 10.3603 12.4959 7.25788 4.51558 15.2583 4.94016 13.7106 12.0001 25.0991
199.126 3.25691 7.8801 11.9763 7.55954 6.16696 7.97401 10.1642 4.1662 7.028 15.1709 5.66906 2.67901 7.83727 16.5606 10.7492 19.1305
194.474 12.2544 3.89842 12.9375 9.4414 7.74701 6.87241 11.6603 7.5383 10.2627 17.6633 5.88949 9.84125 8.71002 11.7123 7.8149 18.6435
185.726 12.3328 3.93871 8.36547 8.43738 2.2484 4.50159 9.3441 6.1064 10.3067 17.3248 8.96207 15.5502 8.36303 8.26491 8.60907 18.7933
187.601 11.0867 3.69675 19.1882 15.3977 8.24215 9.68112 14.1661 12.4309 11.0467 16.9073 15.7065 5.95374 10.4963 7.13908 21.0476 21.8617
194.209 5.21697 7.69703 11.6944 6.99923 7.64827 2.71256 12.9139 10.2847 4.94754 17.4593 3.8473 9.85976 14.371 8.09312 13.1827 8.15032
210.278 9.44441 11.4795 2.27547 9.45971 6.19262 8.57469 4.19075 9.94272 5.16354 1.40929 5.00882 18.8682 7.55218 14.4382 13.5157 15.2656
185.889 9.00279 7.44981 7.80386 10.8298 4.12122 12.171 11.2713 5.65908 4.91085 8.46382 14.3059 11.4692 6.65865 7.10702 11.5913 12.9756
203.685 15.3702 5.96074 4.41984 8.59371 11.8363 4.76441 15.1496 10.0606 2.78123 10.3952 10.9635 10.1925 7.29819 15.6431 15.4057 13.1401
189.179 13.3486 7.902 8.37533 9.59927 11.4121 9.07752 6.4364 4.70166 12.9498 10.5976 8.63419 5.0379 7.26466 18.1685 10.6887 13.3627
188.541 21.8514 10.4441 5.88518 13.2524 8.73969 15.8285 6.05767 6.77385 6.13222 7.47593 9.09177 8.46916 14.6219 9.72956 12.4305 16.7195
187.875 7.18513 20.1635 8.05414 10.8523 9.56331 15.5271 9.64942 7.27145 10.0748 6.07146 13.451 7.38189 12.9802 5.88568 13.3968 21.3159
186.465 2.89859 5.97536 13.3612 8.04498 13.1834 7.79417 7.71502 5.6291 15.308 12.1883 9.53167 7.99698 8.32415 7.81237 12.6328 22.8352
198.007 3.54425 14.1529 14.8418 9.64217 10.01 12.6799 8.85276 18.2399 15.1276 10.8418 8.24011 6.5592 6.90905 7.42669 12.7613 16.5865
190.955 17.4402 14.9751 9.28345 9.11226 9.89616 6.11689 8.01649 3.79411 14.9136 2.96156 6.08162 5.5329 20.2828 14.5935 16.5471 11.291
196.703 6.2815 7.95344 3.75623 7.86456 6.68663 11.1543 8.11745 8.45841 10.229 9.67499 7.64076 7.18908 8.55011 17.6733 11.6231 11.7714
183.408 10.2802 8.01951 4.77538 16.5404 11.1895 8.9291 13.229 3.87138 8.33798 12.9004 6.11658 5.61334 13.4061 14.3798 7.92167 18.2075
192.842 6.85746 5.18541 16.7257 17.3463 10.2628 16.584 11.551 9.01642 9.4744 10.5508 7.96573 16.9624 9.97469 9.9483 9.69757 14.3705
192.705 4.88987 11.1818 5.58381 18.7505 9.10628 14.8645 8.39349 14.4414 11.8057 8.89145 7.86555 17.6189 14.9767 13.2861 9.19836 16.1078
191.064 4.79909 6.14664 5.98444 3.68538 5.44746 5.91332 7.15801 5.36493 11.4207 8.73669 8.05066 20.0413 8.85215 6.45563 9.01028 17.661
194.84 3.96478 6.99101 11.4003 19.5885 4.60428 16.2217 10.2751 8.57125 8.67587 10.2836 4.75214 13.0405 6.60505 3.0491 7.87008 18.188
195.556 5.22671 16.9613 17.4472 11.4849 9.83461 12.644 11.5182 4.95945 10.0988 13.7357 10.6692 6.22266 11.3082 8.25551 17.5167 21.1232
195.585 18.2099 8.43725 15.4164 11.8723 17.3804 11.9482 15.2403 9.08608 8.87758 9.73834 5.38424 9.57535 9.73808 12.5768 11.6525 10.8308
185.813 11.0452 10.2518 10.3457 5.94048 11.1275 20.3327 16.2857 6.18988 9.57368 13.7197 4.41984 4.19182 12.5786 10.7412 20.24 15.7761
183.641 14.3709 17.9772 20.469 8.5259 7.20013 6.14762 13.0666 8.81576 7.51089 7.21565 6.3263 7.58905 7.67667 9.30593 7.97203 17.625
191.582 8.4418 4.72512 11.4642 6.71844 5.61549 14.8172 5.36337 24.3975 1.77102 7.66362 5.89173 6.86966 5.44858 18.4314 5.00712 25.9993
193.64 11.5408 7.6961 19.1812 8.31007 6.20966 7.67398 3.89552 9.15971 7.50217 3.03178 10.5448 11.4659 5.9198 17.1907 12.8299 7.31391
201.234 12.4317 3.80054 26.8242 13.4971 6.69201 4.30191 4.25801 25.0566 4.26199 12.0691 11.391 6.93033 11.1418 12.8643 13.2542 12.3112
196.634 10.06 18.5744 9.10423 5.03137 7.28789 7.3593 12.2007 25.0566 14.3269 6.57683 6.16946 6.42334 10.7481 12.5206 13.1805 18.3087
186.136 13.0063 10.02 7.44046 5.9907 14.0043 20.3995 14.2533 9.54802 11.5087 9.58614 11.2384 9.75102 13.9262 12.4979 4.30508 11.2828
184.529 14.15 12.9867 13.7147 11.8712 10.5831 11.5119 13.9705 17.0782 6.52156 8.09274 13.4604 11.7511 11.3775 18.1014 6.19367 12.0569
176.354 14.1498 11.5132 10.8105 9.09045 12.5655 16.0995 15.3853 11.057 11.4475 7.81641 18.0028 7.23048 11.6094 12.5253 11.4066 12.3009
193.718 14.1201 8.33364 9.05713 4.85978 15.4653 11.4109 14.2238 6.64129 11.6722 11.0818 7.74262 10.7885 16.7352 11.3692 17.1866 13.6769
184.866 14.0597 14.5923 18.259 8.12677 8.71483 3.40442 8.03297 5.14145 13.7096 10.9549 9.08055 19.1923 15.9717 11.1896 8.42886 15.6167
182.791 19.823 4.67122 9.91485 6.27864 8.68622 15.9652 20.0309 7.17028 4.45204 15.6511 12.5891 15.0866 11.0104 7.79988 8.21542 12.9557
191.196 9.49593 13.4154 10.5866 5.86039 7.40169 11.4276 8.85285 9.92486 15.6213 17.2601 6.36878 14.0512 8.06239 10.4948 2.98391 11.4278
188.565 11.475 11.6813 16.0812 8.06478 4.81209 15.8174 6.5481 11.7304 10.0917 7.33838 13.7774 15.4009 7.41759 12.6022 9.63312 12.2798
192.912 7.88405 2.46756 13.0586 5.04158 1.81487 24.1506 12.6431 12.9779 8.90872 8.81713 12.4642 15.8427 5.26034 6.35327 14.0247 7.92742
182.682 14.1579 9.6064 11.6272 4.24712 9.35892 14.4381 8.50052 7.01869 6.01296 2.55529 22.7531 8.02545 7.24877 6.74441 10.6851 19.6868
174.833 9.29107 7.6758 14.3633 9.40836 4.15709 10.0919 18.864 9.05674 10.0982 11.9392 10.8152 10.2959 6.98074 18.4089 8.54783 14.1866
182.478 8.60295 14.0836 9.8638 10.2629 3.91172 9.33389 15.0068 8.21477 4.25729 11.3976 11.2497 20.6154 9.84642 11.6924 11.2211 14.2972
190.918 9.26492 20.9848 11.9175 13.8294 3.06752 9.58011 8.20552 8.25999 7.55014 14.991 8.69616 6.76742 4.40405 14.8315 16.4013 21.5809
180.227 7.64324 12.1159 13.6285 13.9015 5.62351 10.7129 6.37097 9.54785 6.99128 12.9979 7.74865 18.1881 7.42171 6.55744 9.7345 17.5639
185.666 3.38707 5.01958 13.3729 12.4305 5.67506 13.7421 5.35159 7.74329 7.77787 7.57174 5.05883 9.2857 7.87846 9.3275 9.11763 17.4414
185.035 10.8943 19.2347 8.70678 14.1917 15.2056 18.0995 5.58538 12.0445 4.42128 10.5384 3.4387 4.09999 8.58086 7.41337 15.361 13.488
206.409 30.1076 7.82611 2.55284 19.5428 4.93929 11.7456 18.3888 3.79188 4.62163 10.5392 15.8977 9.21219 11.4184 15.5174 11.0787 13.9085
206.183 11.6961 10.2773 5.52797 10.0066 8.91538 7.45439 18.6745 13.9535 8.10056 4.09366 20.0181 8.38178 11.6968 8.52349 6.40079 16.0273
196.411 7.42741 19.7461 12.4985 12.243 8.47045 5.29544 3.11149 11.6649 12.1693 6.16352 16.4401 10.014 12.3804 9.18131 7.87323 8.40951
185.93 7.25748 14.0084 14.4286 6.58716 8.91175 7.47363 9.36291 5.35808 6.54357 5.31675 10.0607 14.2357 6.34243 8.85919 6.14507 18.3063
195.546 3.35481 11.5067 7.00584 10.4179 7.36039 13.8685 12.6651 12.4077 5.31923 4.58952 8.87678 6.47227 15.7105 6.06223 11.9361 11.1758
189.77 16.0624 9.05737 9.59871 6.79391 9.65255 6.60823 4.67575 9.94275 5.95501 10.1887 10.999 12.1316 5.12284 17.6991 11.6863 17.9128
192.555 7.84936 5.29571 21.4323 7.97897 8.35145 6.61241 10.2748 6.93539 13.3849 9.67105 10.3261 12.8057 5.25507 12.1498 14.7134 16.394
210.306 14.0753 5.60748 8.27965 7.49433 4.61116 13.1621 9.12626 8.6081 15.1842 9.7753 10.8973 12.7271 13.2509 8.09498 7.59474 13.1064
197.757 4.24465 7.74379 27.9431 19.0984 7.53839 14.5313 11.9226 6.13027 2.39757 7.33044 10.6149 16.4996 10.0914 10.1229 15.4874 12.3729
196.137 8.42404 18.4822 27.9599 2.87283 13.5976 19.0603 2.56637 4.57715 11.6744 7.34903 8.62011 12.4655 11.7062 11.2559 8.6941 9.23953
191.272 7.68997 9.10549 14.9217 11.1913 10.1353 5.81548 4.62088 8.60616 6.47631 13.1609 14.461 8.649 7.14642 10.2449 17.0815 11.0213
179.326 13.4303 7.71442 8.97893 5.54853 14.0292 7.43106 4.42626 12.9336 6.49311 17.2542 10.2591 6.65187 7.96097 15.2549 4.73001 15.9516
198.291 8.87693 9.40792 13.4661 3.65695 10.7629 9.71434 8.83986 20.2006 7.96193 16.7905 7.36958 11.6667 5.22661 11.3288 5.50679 9.34427
186.149 8.69239 12.0131 3.84254 11.2588 16.7073 4.81302 10.3535 3.92561 2.63102 16.493 9.47574 10.4819 7.64395 15.1527 15.2877 28.4927
189.103 11.353 14.1689 8.40841 11.4939 4.66178 13.1249 3.67806 7.96793 8.17179 9.46841 10.9003 10.8951 13.7287 5.81448 6.03328 10.0963
182.084 6.40595 16.6549 8.73901 13.9662 11.4791 6.64439 5.95753 13.5723 12.3004 3.76549 8.48198 9.00571 18.8783 13.1294 5.26156 13.4181
196.77 6.94414 10.317 8.80721 4.4321 2.68673 2.28996 10.4534 10.4727 18.9827 13.8521 11.4716 8.95012 10.2795 12.2554 9.69444 18.7441
208.122 7.23247 9.9368 6.76519 4.30304 7.77524 11.6837 7.06723 14.9186 13.0457 9.98915 7.80604 6.43423 7.76192 10.5414 5.54275 10.3227
191.538 2.42616 12.7337 8.46021 9.78328 8.5016 8.37457 10.5737 9.28337 3.46881 11.8386 17.3538 8.325 8.58331 10.2922 10.6398 8.98015
183.064 4.15823 6.09845 6.35609 18.3348 4.82547 2.92547 10.0681 6.59797 8.44856 9.58784 12.3766 4.51166 9.04782 15.5778 10.7258 7.20534
172.701 11.2399 7.86326 8.94356 13.3259 8.82674 19.7983 5.13095 7.29289 7.2457 4.93465 12.662 5.07784 11.0813 8.15442 8.2478 16.5646
182.551 12.7745 5.73154 4.32834 16.4937 4.47394 9.15234 7.09201 9.14802 11.6524 20.0593 12.2812 10.2059 5.3013 18.3726 7.73131 21.7989
178.807 3.66844 4.76045 14.5089 10.1972 12.5048 4.26312 11.0082 9.99054 11.135 6.67445 14.2055 10.5337 7.44582 7.56107 11.1168 22.7583
191.177 10.4949 2.08723 15.0753 8.75856 2.83549 5.94832 8.6768 12.1662 2.3485 7.70866 19.7423 7.09841 3.05064 13.3416 21.9455 14.7493
192.907 7.51473 27.1932 11.2538 4.12352 3.01434 5.17988 24.678 7.10964 6.96968 10.7051 3.20464 11.4509 8.49962 10.4004 9.01289 10.378
183.036 6.47394 11.9877 5.2724 16.7782 4.61994 11.0295 10.7803 7.50543 6.41983 11.9397 8.2757 10.0821 9.10614 7.98905 10.4703 18.1991
196.077 9.72474 10.8083 12.6624 13.1921 23.3667 17.5666 19.6954 8.68901 11.5104 12.8032 14.8731 8.93475 6.46467 14.6342 4.46622 10.8073
187.963 14.0611 14.4922 13.1542 6.05066 5.91622 14.4977 6.35933 15.6794 10.3063 8.6725 19.6141 14.6025 10.8225 13.4718 7.84597 18.6585
193.847 14.0776 13.6813 12.8511 18.3673 14.4531 13.6736 12.3964 8.17205 9.68403 13.7533 7.40636 19.1535 11.271 13.3164 7.58628 17.7442
195.186 7.5061 17.1867 8.51599 12.9852 13.0711 16.3546 6.20084 14.4415 5.28906 3.62313 3.66874 20.4277 9.8807 13.5014 7.33614 20.0243
172.927 3.34705 9.5414 13.952 9.42736 12.6898 9.90708 10.9909 7.05692 4.92771 3.5592 4.0908 17.8646 12.6961 14.3136 19.3158 25.1899
184.884 12.5305 3.23721 15.0702 7.12863 7.93968 8.0925 12.3194 5.34846 5.83093 8.39942 5.3135 13.2384 10.6976 21.4578 21.1991 26.0125
192.062 2.93017 8.63399 16.7589 6.70087 9.23419 12.6888 8.05238 9.63782 2.93831 12.5033 8.54802 10.0305 17.6802 12.6124 27.1501 2.18634
181.627 6.48628 4.96886 10.2666 7.73586 10.965 14.9141 8.60379 5.19909 5.23061 5.95495 10.8244 4.05427 4.71925 8.29368 13.2901 12.073
181.683 9.86861 11.1443 3.82419 15.1051 10.9061 11.99 11.4492 9.3115 9.16095 6.25624 15.71 12.1563 17.6349 11.5128 13.7171 14.0772
199.436 9.70712 13.3221 8.31972 14.6579 5.81995 5.91197 5.10961 5.59384 7.685 5.22852 5.36385 17.2604 10.7803 9.57613 11.0817 12.2229
191.091 11.727 8.64721 11.5298 8.67161 10.8599 5.88528 3.40721 11.2003 6.36517 10.3977 10.1581 16.6791 9.70946 10.0442 10.9126 14.1021
184.61 7.77338 7.67946 7.62189 12.9662 8.65254 16.754 11.672 10.8681 13.7313 4.05669 9.95365 9.46435 7.70134 18.7889 8.38179 9.52375
196.66 10.6728 11.0071 12.277 11.4246 3.43096 6.54741 9.43853 13.8506 17.1865 10.3441 11.3683 6.50746 5.53007 12.8137 11.2593 8.22377
195.874 12.8648 7.09726 12.0067 11.8261 4.83734 14.1479 10.4384 11.3951 14.0995 5.99547 9.27865 10.177 7.85327 9.8405 11.5102 5.61472
195.862 6.68367 8.57234 11.9689 14.0747 12.3139 4.8078 10.4713 5.95256 8.5265 10.3585 18.7421 5.19265 15.2528 14.6986 4.13459 12.836
186.04 17.5173 13.3345 10.7897 11.9334 7.00114 4.26034 6.57103 13.3411 8.75517 12.9322 12.5637 7.43435 14.3736 14.281 11.9881 10.8044
187.77 10.3042 7.17882 23.682 6.92073 6.88179 21.116 4.58328 11.9439 7.84929 9.6584 9.26544 18.8245 10.7962 14.2304 12.2036 8.82215
175.879 10.343 7.06653 27.2873 5.88709 6.88179 9.61466 6.26027 12.9114 3.81529 5.12513 7.39789 12.8016 4.25228 12.4183 14.626 23.0834
186.397 8.52729 8.41374 7.82523 8.91919 4.96347 7.76359 9.09308 6.52874 10.386 10.5055 3.0388 10.6469 4.23687 15.4964 8.40066 25.5954
188.537 11.6368 7.26871 14.1553 6.7714 12.9797 15.5188 6.38055 19.7647 17.1066 9.34431 4.98323 10.321 6.01743 9.53516 7.29446 11.5166
186.875 11.4944 9.07065 13.6938 12.4291 4.85451 10.9877 8.91918 21.4294 7.20431 11.9188 4.98173 12.1342 9.53822 12.4162 16.1503 15.0508
195.075 12.7949 7.2237 10.0872 8.94593 8.34235 17.959 5.86676 20.6866 8.70956 13.0873 5.50389 8.43675 6.22015 13.6165 19.0108 8.27093
201.042 8.81627 8.92605 14.5246 3.81742 13.4764 9.86182 11.0814 17.0773 9.22527 12.411 10.2382 11.3509 11.0336 7.48376 15.2565 21.0755
194.611 9.55647 12.0175 16.2639 6.53865 8.16137 10.6644 4.12587 7.36469 7.32378 11.0711 13.402 11.8493 14.0908 14.5577 18.714 9.19337
184.047 9.01673 23.8101 6.95467 8.56728 7.84357 10.5839 16.5335 8.10054 9.92645 15.464 3.9725 15.5552 5.57798 12.2838 12.1002 17.9746
195.573 20.3899 11.0907 8.87668 14.9785 7.61986 10.8274 5.93057 9.43792 9.23949 15.4672 2.97918 10.2413 9.27282 15.8195 23.997 13.6608
183.258 5.18854 18.9791 4.88943 10.9478 3.35814 4.3295 15.344 9.88919 8.43552 9.3828 13.8159 5.08829 17.4048 7.85085 13.693 14.8038
175.539 7.03765 14.8663 10.8061 14.7545 19.2018 22.8562 10.3845 10.2922 7.54474 16.0191 5.45836 11.7531 7.28343 8.25995 11.9936 21.1283
184.251 5.84613 17.0458 7.00848 14.3646 12.069 16.7862 3.7149 24.8943 9.6268 15.5726 13.1033 10.9886 6.41872 10.7114 6.3385 16.4984
188.071 4.27469 6.05988 5.56782 8.96541 16.4481 9.45319 13.6036 13.8424 7.44994 11.8385 14.927 12.4211 10.0767 16.0902 8.50055 15.4038
188.858 4.11144 5.61282 6.31534 12.4482 13.6694 13.4709 11.2407 10.0524 6.34796 3.48852 14.6648 13.0788 6.37279 12.7616 10.6503 9.042
181.632 5.81015 3.12371 6.15713 10.1588 14.0037 15.0833 7.74755 11.5494 3.16597 11.5719 6.60835 18.7101 7.47605 7.32371 19.2146 15.9893
166.51 9.70292 14.1361 18.7833 4.32289 7.51499 14.1512 5.46436 13.6913 7.2803 8.27596 6.59017 10.771 10.729 9.56526 16.6101 21.035
188.52 13.7048 15.2619 9.3585 11.7433 9.20074 15.9156 15.6566 3.62168 7.31734 5.07276 5.94812 14.7148 15.325 7.44903 9.02141 18.84
194.808 12.1835 19.5402 8.20803 1.86814 10.1472 11.9444 11.3125 7.09417 14.0399 10.8369 8.17819 4.79379 6.40823 10.4991 12.6501 12.7808
189.127 10.3968 16.7379 11.5942 6.62474 5.30875 12.7384 11.6229 6.86777 13.2714 5.80128 13.9033 7.94824 11.4915 12.1799 5.49496 10.4933
184.268 8.40313 11.3797 4.72827 5.18101 4.45937 9.35253 10.6639 10.8442 18.07 7.53128 7.11004 6.11339 8.2293 3.77992 17.8537 3.48726
177.943 6.14336 12.9193 5.11854 6.07036 5.36476 19.3466 10.437 11.0215 13.629 2.75701 7.07578 14.5145 11.4787 14.7271 12.0586 12.4277
194.624 7.3761 11.828 6.20862 9.62735 6.33139 12.2564 16.7791 3.63585 12.4748 9.78995 5.70539 11.8 12.7975 21.3865 8.32125 14.3739
183.891 2.09989 9.1275 8.03366 5.04474 10.2943 7.08066 1.97401 16.1683 17.2631 10.6271 6.59492 10.1944 12.5796 3.28563 14.7688 10.8349
185.161 14.7416 4.89937 16.8865 21.8492 10.7302 9.43362 16.0975 12.1779 7.00966 16.625 7.3207 8.74786 25.3298 20.6466 6.73509 8.84511
187.394 12.075 15.447 5.82512 7.36442 3.8081 13.619 15.9465 5.82696 15.3384 7.87183 12.8088 16.6214 19.11 9.65655 9.98681 18.0459
192.969 24.95 7.51035 20.4385 6.45018 3.56766 6.01834 16.3988 8.86143 12.5227 10.3233 10.6347 7.86443 13.3564 6.58345 4.65188 18.73
189.234 11.9865 11.2495 10.9662 10.1513 8.10001 5.94661 8.74997 8.90378 6.40478 7.91682 10.4182 14.6244 4.66216 10.5375 15.3292 20.6081
199.666 10.1388 7.16585 9.5381 8.78751 4.82938 5.7914 9.92971 7.43632 11.5775 8.71347 10.4018 4.03114 15.7084 11.5613 5.96105 10.1019
171.191 8.94269 15.6807 15.3392 11.0022 8.98297 10.5345 4.1345 14.2725 6.54273 13.0171 3.47103 7.26099 18.1461 8.68856 7.49458 8.66432
195.337 9.01047 11.3312 14.9686 10.1315 6.56936 6.71953 11.4685 11.5458 10.1048 7.49387 21.2078 7.62461 8.70836 5.97003 19.7267 19.4828
186.184 1.65965 12.9451 7.55725 7.62586 7.58639 6.21982 20.5436 11.2686 6.19904 7.8563 12.1669 18.1005 9.32046 10.938 12.0581 16.2225
185.249 4.73128 4.36751 4.03935 14.547 4.66033 3.73725 5.10994 8.31818 5.2466 6.68006 27.3546 7.86783 11.7523 10.3505 19.0707 16.5247
184.598 5.77845 23.5115 7.12089 4.42322 2.77586 10.7267 7.13415 5.94727 7.8167 7.03026 8.61575 15.7022 18.963 8.10741 7.13011 14.138
187.009 8.72406 17.1676 9.91284 10.8812 4.6651 17.2575 7.82023 4.10827 10.2831 12.3858 14.9252 8.16253 6.90632 8.55755 17.038 2.22882
203.652 5.25161 4.1027 9.12855 11.3597 8.06996 8.9542 5.64486 13.6462 8.22979 9.61901 9.64977 6.79125 7.0445 5.37627 5.74516 15.782
191.73 8.3609 4.86159 9.03862 13.1219 9.85868 9.0426 11.4013 17.5538 8.13283 13.4076 9.73757 8.36959 11.0671 11.4521 15.6601 10.5692
193.864 5.67138 9.71649 4.61626 11.5623 8.21993 14.3035 21.3605 4.34274 7.36519 8.82274 11.5648 12.1493 6.69919 5.8503 18.3954 13.9084
195.891 9.37374 8.36726 2.65453 11.2325 17.0533 9.19407 15.7737 5.80977 2.22618 15.2842 10.8748 17.1896 12.7372 6.42431 8.6367 13.4334
189.486 3.5268 5.50148 8.27402 9.99107 8.16087 23.3056 16.6975 13.17 9.73815 18.2438 12.2205 8.75468 3.47308 11.1656 6.39141 5.50701
193.412 5.44252 6.92469 4.13988 11.5 11.4387 7.23747 11.5344 8.39948 11.4958 7.23858 14.7964 8.26767 11.4512 7.21978 2.84263 13.2455
189.434 9.36903 7.60379 9.30591 5.52222 10.1208 16.096 9.97296 11.5476 11.049 5.5311 6.95961 7.43441 10.2399 16.4243 5.96656 14.7021
184.536 7.6765 4.53953 8.96598 6.54552 8.40246 8.09622 18.0934 6.28278 10.6855 8.03314 4.04729 7.37324 5.48045 15.235 13.6493 18.6189
190.328 4.39714 5.83458 13.4307 6.53193 11.8745 6.19277 5.07881 13.4206 14.8829 7.79534 10.7417 1.89537 2.77413 14.1012 16.5298 26.4968
185.521 9.04184 12.1371 10.8606 8.3428 6.17955 4.76334 11.2474 23.4767 9.51269 9.30041 6.37074 10.8341 9.84675 13.7965 12.6239 13.4848
194.901 1.26117 9.07367 8.36201 9.75436 9.01665 12.3351 4.28301 10.5152 10.885 9.39747 17.6527 8.83439 4.49793 7.943 15.6184 21.411
204.747 11.5695 8.31331 9.46956 15.2574 8.04598 8.07628 14.6958 11.1372 7.21379 5.57747 7.32559 7.96705 13.8271 12.1466 10.8925 16.7339
192.283 9.03728 10.559 10.1699 1.83915 10.6647 6.86259 15.5891 7.71112 6.28405 5.83782 7.38443 7.31865 3.00818 15.4878 15.5462 19.0917
194.344 11.8256 10.0106 9.71848 7.80346 9.18325 16.3967 20.2502 8.78834 13.3196 17.7719 10.1728 13.9924 3.5922 9.55117 14.5271 14.5925
199.532 2.67571 13.7708 7.21632 6.89543 8.26947 12.8044 3.96225 4.65581 8.14112 11.1697 3.11481 16.4869 7.44452 11.7594 14.0226 14.0006
208.363 7.87277 5.55125 12.4206 10.7181 6.46147 12.0551 7.29579 18.6674 10.2801 6.99329 9.35918 10.6699 8.3954 7.00867 12.1151 11.8794
203.949 16.9753 4.88759 16.1959 12.6207 4.42544 9.59325 10.5883 8.2844 4.23133 9.86226 20.1704 4.74129 12.4292 10.7943 4.56951 19.8119
182.125 9.74356 8.74392 6.31506 12.9744 10.0865 7.08965 4.64843 10.6994 8.50786 17.5635 20.4928 3.54453 12.2478 8.60412 9.5225 8.3464
177.378 10.9124 9.78693 10.1274 10.9023 9.38865 6.46534 6.19501 22.2547 5.08456 9.40438 10.8665 18.0651 15.1593 10.0993 8.69991 11.1382
190.487 6.15603 14.1021 10.4499 8.82972 9.42623 12.6771 6.73823 7.20018 18.0895 12.6458 11.6005 15.6691 8.8546 2.61145 6.50752 14.7443
198.026 8.97392 10.9317 7.52617 2.48607 10.0813 11.1968 4.07501 7.74986 10.8719 12.0011 4.40843 4.96686 15.7806 15.5619 18.2424 7.68374
190.406 10.8848 7.03374 12.7838 12.2342 10.5947 16.709 9.81896 12.2859 6.68039 12.0433 17.1142 8.22225 12.6177 16.9036 8.84731 15.7972
199.007 8.47332 17.5209 6.67981 7.04499 10.1212 11.2654 3.85733 6.35509 3.17978 11.5927 10.803 5.87465 10.4304 11.3925 11.4435 13.0813
196.969 2.61881 19.2544 17.0053 5.0777 7.61017 12.9331 8.56953 2.39038 12.0498 5.67681 7.4269 6.9668 9.28815 6.78396 7.59577 13.0581
209.229 9.9602 4.78055 12.6589 6.00417 18.0005 6.09804 8.34593 11.7793 7.89856 6.1095 11.6541 7.16918 5.60894 18.8194 14.5864 13.6858
176.519 11.4852 10.8991 7.16795 11.1323 15.8994 18.1467 6.94319 9.1848 4.93538 12.6567 6.4002 19.26 5.60894 8.5476 13.2798 9.81732
167.19 2.92348 5.41047 6.2423 13.3396 7.90711 9.81894 10.3281 8.21584 5.65534 7.827 13.2716 14.0098 4.92191 12.5977 6.27296 18.5943
184.512 18.6755 2.90551 14.0009 4.92295 8.90823 12.552 10.1118 7.54941 4.33958 4.36218 13.3398 10.9906 13.7815 12.3581 6.10169 18.4847
181.017 15.3628 3.63854 10.7242 11.794 6.97513 9.82842 6.48075 4.58438 8.75512 12.3968 6.8404 6.43541 10.6691 10.3631 9.60103 7.9546
182.328 9.58681 8.89329 5.60235 5.58442 4.50911 6.60862 6.95499 2.43652 7.81445 9.32399 6.24322 10.8803 9.70652 13.033 8.58191 9.04728
185.681 8.51991 9.90501 15.3504 7.64207 7.93638 14.3328 14.5468 13.0678 8.51395 10.5447 12.3861 4.80991 5.62408 10.4487 11.9974 11.6685
179.732 2.49416 5.56259 6.87737 13.7873 3.81106 15.3598 22.1472 14.6642 3.85408 10.7537 3.37795 11.5781 9.66368 8.38224 6.29408 6.23476
184.889 8.46485 12.3658 12.8706 19.3015 19.0283 9.84434 13.0892 20.4626 6.33622 10.6721 9.0332 9.82474 10.6123 19.8173 14.0921 10.7295
189.156 9.60513 8.93569 9.53547 18.7811 12.2262 10.5215 6.39553 14.3141 7.95318 9.22541 11.7647 9.47146 13.3748 7.88642 6.79196 10.4762
186.991 4.44802 13.4085 13.7882 14.6556 10.8729 13.1087 5.55996 4.94197 9.83922 13.3493 7.02005 16.418 14.5146 2.82995 10.5446 18.9132
193.028 24.1922 6.32871 3.00432 8.98974 6.2387 14.9256 5.96965 10.0815 6.69863 6.01054 9.4358 17.2679 11.202 9.77112 11.4308 11.8956
191.793 19.8919 13.8932 5.32471 6.81485 5.2682 12.6407 7.69543 6.60631 10.0215 7.90258 11.7856 16.8927 11.6459 14.5497 9.25524 11.5965
192.151 11.8702 6.25504 5.84312 12.1536 8.32364 4.317 8.72308 13.2178 6.06389 6.76804 14.4476 18.0702 15.7146 15.0264 8.54312 25.0753
189.71 10.2009 10.2906 13.7004 6.79446 10.0798 9.91226 4.90979 16.5055 8.94185 8.91342 4.36765 15.5886 6.73164 12.8251 5.7719 26.1963
193.58 13.1794 8.19271 4.46316 9.73055 8.89608 17.4913 11.0748 5.91718 7.87151 9.2476 6.1407 20.7406 5.84716 9.66891 23.251 29.5596
184.597 15.1284 6.67692 7.15903 7.45315 7.65901 20.027 11.6013 11.3456 5.82831 7.76943 9.05566 4.17297 4.20147 14.3574 5.0167 11.8116
172.173 4.73107 15.8227 10.0418 14.6636 3.09951 18.7505 4.81553 20.2134 3.95571 9.37431 10.2771 15.5524 12.6089 13.9514 8.6354 16.3276
186.223 14.8414 13.9601 16.8319 16.7882 8.03673 12.0762 7.72953 19.9603 8.39253 8.04545 10.4854 23.5198 8.33741 8.68311 14.2724 18.471
196.096 15.2722 12.2664 4.46355 11.6899 10.2552 15.1775 8.36937 12.3168 6.03895 16.6057 33.0105 18.6895 3.94672 12.3269 6.24278 19.581
176.865 6.55493 12.3322 13.4584 9.6585 2.20367 3.09648 10.9354 10.9046 7.81753 16.3974 8.00705 18.2391 7.63963 14.9205 14.6658 11.1646
177.177 4.57104 10.9883 10.7916 6.9774 9.14691 8.80112 5.27498 6.98494 19.0989 10.1052 17.5873 17.8885 10.0623 10.4844 12.7112 19.0722
180.303 13.2211 5.14165 14.8806 11.1171 6.69794 7.81553 4.97554 10.8897 8.62547 13.0077 3.40533 14.8837 16.8434 9.59216 9.2147 19.8004
181.521 11.0131 8.92909 11.0741 6.65186 6.07083 5.36241 18.1159 11.4901 12.448 11.8452 4.84043 14.9753 7.18156 11.1578 18.0233 12.487
192.341 16.9803 12.0187 6.81813 9.68712 17.4151 7.45139 15.1895 13.6549 12.9518 13.3165 8.15365 7.29461 16.3288 14.4972 8.40634 11.105
203.232 6.09252 6.56247 4.81373 9.19914 17.3377 4.95768 2.95727 17.5499 11.5008 7.71483 7.90176 22.3064 9.89563 7.50275 10.7546 13.5943
200.977 3.80046 12.165 8.86197 5.54597 12.0775 21.6239 10.3736 2.62594 9.02527 3.50883 3.49951 9.76527 21.201 8.04374 19.7488 13.5859
207.276 6.41791 18.2292 5.73326 7.80674 11.4515 11.5009 8.44108 6.42676 14.0297 10.2203 9.58329 4.38654 5.54168 8.1736 12.0699 24.1185
186.106 12.911 7.82806 8.03202 9.68797 8.72701 6.50463 7.23765 3.10796 8.1773 6.43103 8.89542 25.3809 10.3234 7.05792 7.65246 17.3215
184.396 6.81042 8.93699 8.50678 8.77455 14.2433 13.5744 8.36727 7.34261 4.83826 8.11953 4.1406 11.2226 10.1341 9.26289 14.8983 11.6203
177.093 11.4157 9.73313 4.48461 6.00061 7.36397 21.466 9.38732 8.21191 13.5778 7.12932 3.81432 9.34027 14.7103 7.84231 16.9053 8.87664
190.854 10.3189 6.56912 11.8907 9.69784 11.8011 18.1518 19.6715 14.469 11.9202 5.19553 2.1091 7.67763 7.6063 11.7354 13.1779 14.2565
217.101 6.56451 8.75342 13.7009 10.0064 11.4246 10.3853 10.3597 17.3008 13.3731 10.0167 3.22043 6.61845 9.17907 12.2444 5.6286 18.8701
185.437 4.95418 12.955 9.70305 10.2125 16.6891 9.5459 13.446 18.1303 8.84806 6.94248 10.8237 10.8544 11.8929 12.7103 9.61391 25.0656
177.801 11.3963 25.5459 9.23955 16.0103 19.3865 10.6789 4.24386 14.487 4.17741 11.9359 8.2985 5.46915 4.90154 9.3693 12.0889 15.2218
181.024 4.9337 9.62918 5.40663 9.59534 13.9978 10.5906 11.7897 9.33607 8.01266 9.19256 2.77615 6.87562 6.56742 8.12325 11.1982 10.8507
195.578 13.5045 6.50651 11.2487 3.03334 7.30972 4.86034 4.61504 13.3383 10.5276 2.94721 5.38067 6.3603 12.5812 5.73194 7.32792 15.445
188.246 6.7361 9.1272 14.5389 6.11639 6.26124 12.273 10.1569 3.95708 9.32915 2.48679 12.7339 11.157 11.6664 16.657 14.9989 10.8922
183.294 9.55429 4.06514 12.2363 14.1478 7.56057 18.3111 19.1308 6.6044 5.58898 9.2053 14.2365 13.5305 14.2962 16.5447 14.1141 23.0574
199.136 4.79929 5.99213 13.7291 11.2622 14.5323 8.58663 8.45602 7.4011 7.00849 9.47302 4.2426 9.39072 7.04288 17.9656 17.0483 10.3346
191.195 5.03456 17.9965 14.4119 12.6348 17.6433 11.2803 4.16628 6.80157 9.15402 5.1569 13.7897 8.60362 5.62938 13.6546 11.7315 26.1399
171.167 5.72509 11.9643 11.7699 5.30303 19.9788 6.4656 13.1422 7.81414 5.34256 5.26005 12.1248 24.5008 7.52008 6.47853 9.93665 12.6043
193.931 8.80179 11.0608 7.9163 6.07011 11.6646 6.34525 12.0772 9.73283 7.43693 16.7216 9.9286 10.8058 9.85112 22.0611 6.45671 15.6714
191.988 11.4272 5.21471 5.56983 10.7346 2.32158 13.3989 4.80936 2.18944 6.15885 10.7861 2.45443 9.42627 2.81603 9.11956 11.6722 1.93235
193.535 17.9263 5.6308 3.93797 8.4105 8.11694 11.1346 10.3282 15.7904 10.3458 5.69899 4.19683 8.81337 5.80617 11.2609 11.1922 12.8432
193.847 3.47273 8.76631 11.2007 7.58102 7.7871 17.1338 12.7854 8.21965 6.6964 3.40554 5.48457 12.3981 7.69628 4.4383 10.2243 14.3954
178.169 6.46665 7.33696 8.6461 15.8218 10.1146 4.81394 11.2059 3.84299 11.4547 10.5534 5.70757 11.8195 4.60504 6.67883 14.8235 14.6568
194.181 3.84031 7.29848 11.3766 13.7319 9.56211 5.11949 10.1216 17.534 2.60658 13.1956 16.5358 9.46335 10.8052 15.2687 4.38803 6.52731
191.534 7.27581 5.82587 6.42721 15.832 9.09975 10.0537 10.9494 4.00468 6.8049 5.20107 7.86696 11.7631 5.92146 16.2431 19.2433 19.669
181.079 5.88894 1.40115 9.58728 12.9128 12.3461 13.9767 8.06403 10.8104 6.62067 4.27622 7.60094 9.3796 8.07904 16.0829 10.5988 15.5973
193.849 19.2024 10.2671 13.103 1.53218 4.96422 8.64283 5.08956 10.3301 12.348 5.86264 6.40843 4.92298 8.30075 16.0475 11.7052 12.3731
197.38 13.0845 9.10632 10.0703 14.7165 11.7562 16.8402 9.40979 16.2642 6.38127 11.3107 6.14292 6.93904 14.9658 15.8965 13.4222 15.6471
190.826 7.2051 13.4828 10.1786 10.6029 4.69404 3.6786 12.8536 11.2285 8.38858 11.6747 12.711 12.1219 7.61251 13.9694 10.495 17.699
185.919 9.04583 7.19299 17.2833 12.6135 12.7691 8.90094 8.40399 7.29142 14.5219 8.05126 10.8051 10.9817 8.27953 7.63147 7.38726 5.64551
197.911 8.30103 6.86469 9.99717 10.739 11.678 8.03363 11.4193 6.10092 14.7973 4.96224 14.4343 11.238 14.2509 29.303 22.4559 15.209
188.031 8.9716 5.99675 11.7407 6.34349 20.2077 11.293 14.3543 7.95981 6.73691 6.06028 11.4519 6.8158 11.0004 13.6198 9.7551 6.04643
185.255 7.83025 11.6637 11.2217 8.59597 13.9365 4.17727 14.7288 16.4608 4.36795 5.1449 11.0326 14.8987 4.95196 10.2726 11.7538 22.4307
187.988 11.3855 17.2973 7.91352 8.06813 12.1841 12.1302 6.6313 15.0356 6.53987 7.4971 10.4475 13.2203 5.9383 12.858 14.7776 17.0066
191.789 7.50706 8.85138 17.5103 8.90263 7.24834 18.0245 9.60305 5.37842 12.0391 7.28101 11.661 8.91715 11.7293 7.51176 8.53329 19.0396
179.235 7.54687 8.67499 5.61428 4.71872 5.58278 10.8991 17.3256 15.7507 11.8191 8.979 6.597 11.1913 24.8777 11.0899 8.21052 20.1649
170.828 11.7482 13.6595 4.49652 17.9851 7.89683 2.52708 17.233 6.55441 10.7573 6.80222 19.0299 14.435 7.42523 8.91602 13.722 14.9726
208.8 7.9792 2.82211 12.2529 13.1183 8.19855 9.77808 4.81572 7.89308 8.9341 13.4868 6.41719 13.8508 22.0352 7.1081 10.7833 16.206
200.443 6.68055 3.83701 17.3629 11.2443 8.23925 5.03753 4.44061 6.81842 7.89318 3.22533 3.289 12.6511 3.79726 9.61808 13.8119 21.5059
191.492 8.01853 7.92175 8.27407 8.39074 8.03415 7.03985 5.75692 6.29837 6.15006 12.4287 18.3163 11.6836 16.1468 20.9743 10.0708 21.4197
184.676 14.2669 17.0067 21.6072 5.60696 5.27458 8.4174 5.74332 5.5405 4.78535 8.17349 8.40441 14.1078 8.20542 17.9149 10.2139 27.3471
186.115 15.7652 13.9421 12.4998 5.73962 13.4485 13.5853 7.49743 18.0737 6.10901 3.64541 8.72553 11.8501 8.64344 18.6354 6.37507 27.2474
188.857 9.74685 5.58543 5.40932 9.82545 3.97332 11.6632 4.29001 6.62983 7.62413 6.09312 10.6373 11.5901 7.30322 7.70531 8.26332 22.1563
198.072 14.7929 10.1136 13.7758 17.0548 5.08656 12.0154 9.85774 11.6118 13.7219 9.1176 8.46715 13.5373 8.95326 9.77766 7.10598 20.1362
195.845 6.92447 9.11439 2.52193 10.7172 7.67924 12.0218 3.45255 7.64497 5.38147 9.6837 15.0802 15.6462 4.8386 9.72509 10.5747 19.866
187.228 12.1703 5.40409 12.7966 12.3998 8.00735 7.09439 6.33283 16.0263 13.6314 4.74388 7.48109 7.51333 6.54155 14.8461 10.4956 15.7136
186.97 3.86035 10.8067 14.3486 11.71 8.07413 15.3114 12.4914 13.7347 4.80399 7.8429 12.1277 12.1059 20.2126 15.4715 10.6781 15.027
184.206 7.75715 8.95815 11.9003 7.50228 14.8334 21.771 6.87832 9.18605 13.6379 15.1539 10.4551 8.20612 13.5318 16.5518 11.6427 11.7534
192.22 5.58393 6.08172 11.6574 7.43998 5.4442 8.63747 13.8083 13.4747 11.083 9.32315 12.8498 11.6999 9.10764 13.9015 10.4842 18.3573
187.674 11.9329 6.68445 11.645 9.26981 6.10552 7.09366 13.1237 19.1452 11.5304 6.80493 13.1961 9.44533 11.4646 11.3824 10.1912 17.3456
198.268 12.2451 9.04679 13.3416 10.9783 7.61407 20.3128 3.13829 4.21967 12.256 15.0655 13.458 10.7637 14.226 11.2073 9.00635 16.1495
197.042 11.0957 4.96879 12.1316 16.0916 11.8529 5.17767 8.86807 3.81769 11.8526 7.0807 18.5057 13.1685 10.6395 9.48879 14.9091 18.1476
183.037 15.724 8.60537 19.7143 5.82029 10.5623 12.6122 9.49934 15.9894 5.97164 11.6551 9.587 7.09493 4.27143 9.25952 7.81296 9.72072
170.467 6.03063 8.83207 14.0368 12.1802 7.70146 18.3049 12.2746 3.86097 10.9786 11.9248 9.3319 13.005 10.0535 9.10144 6.39395 7.64332
181.851 16.3833 16.3254 10.6302 7.64275 8.70013 5.75155 17.8201 8.12025 5.46636 18.4715 9.724 13.1201 13.2149 7.25399 7.08847 17.4
190.523 11.1672 8.01425 8.36178 6.80216 21.3883 21.1481 11.6211 11.8622 6.47933 18.6199 12.6347 7.59723 13.5614 12.3061 11.7735 9.8286
186.22 14.5198 4.56029 7.99249 5.31714 8.81628 13.7982 11.7551 10.2837 7.46773 21.4628 15.4074 9.95146 4.65445 9.93464 22.3946 10.5246
188.424 14.7489 8.46871 14.2473 5.60732 9.79852 10.5313 11.1144 15.8712 5.71824 8.80967 5.3516 11.0131 4.51926 7.42623 8.75076 13.2542
196.225 5.24235 7.414 12.5385 9.91885 6.23451 6.67151 6.22658 8.52363 5.77574 15.6552 4.35155 15.9135 6.04547 10.2317 11.5353 10.4227
192.406 3.99719 11.303 11.9846 9.85143 13.3636 15.0829 8.43577 1.60812 10.5217 3.41569 3.01939 14.3798 9.81944 7.58221 7.3206 18.5065
185.215 5.13833 4.29384 17.5891 7.55671 18.8942 6.61418 12.9705 7.91176 4.76198 9.40252 12.7495 14.0561 14.5241 9.39592 7.30101 16.7313
189.629 6.60179 14.538 8.5953 11.2778 15.7641 9.01121 15.9022 11.2691 12.2796 12.0347 7.86855 17.856 7.40096 11.1836 17.2531 11.4637
192.486 6.46402 6.20665 14.7965 4.65235 12.4169 3.81619 23.026 12.9562 8.45865 12.665 7.39501 9.4639 11.9648 15.3906 11.7123 19.0905
182.467 26.9956 10.2103 11.6515 4.65235 10.1786 9.99729 11.2802 12.2679 8.5139 12.9871 3.19109 14.4854 15.2311 31.245 11.91 15.0459
182.835 12.3792 9.48424 10.1315 7.52249 19.7526 12.263 9.50399 12.1587 9.76203 9.88818 7.27562 17.5433 12.9274 19.5677 12.3283 14.9726
173.712 3.0365 10.6119 5.58183 8.06056 15.8358 12.7576 1.88233 12.6652 15.5788 6.98147 12.1 16.1908 7.16508 9.35652 14.0183 25.6455
181.374 6.51523 4.84129 11.1782 19.5659 5.49691 11.4488 9.50462 8.93574 14.2791 6.3243 9.81495 10.4149 7.28111 12.3181 10.9521 24.4131
184.002 6.77258 6.74524 6.67442 7.25923 11.6617 10.248 10.3326 13.2508 16.6227 2.88365 4.09158 8.84243 7.15874 10.8138 16.5141 18.9011
190.471 10.6599 22.8523 6.70249 14.588 14.6447 15.9193 12.0864 15.3983 12.4061 16.3965 11.8795 6.00502 7.24427 14.0332 9.19599 12.6045
186.8 14.4353 10.4252 11.8414 6.55122 7.09669 8.89443 5.00549 7.94503 10.4879 5.02089 8.02685 9.21548 13.8274 18.1071 8.94875 10.7339
182.085 6.59859 7.83171 5.35029 15.4798 11.4933 8.95708 8.47636 5.35909 10.2943 5.49751 5.38116 9.23772 12.1278 12.2306 22.1266 14.1482
183.065 9.31345 9.49521 4.6986 4.02507 7.55312 14.0706 30.0978 5.32979 9.6777 7.60348 3.01487 18.2684 6.9199 11.0906 8.05918 14.578
176.89 8.92915 7.83025 7.89838 7.74573 11.3392 4.79348 11.04 9.7576 10.7649 22.5493 9.3483 11.8118 4.77889 12.1823 10.974 16.35
176.331 7.23182 10.6815 12.8897 6.09832 10.2008 5.6945 16.6863 16.4301 6.45691 6.70267 7.48101 8.86687 8.48985 9.36277 7.2461 25.2592
185.649 9.29469 14.3358 5.2776 5.63854 3.52196 15.5968 8.96234 10.0373 15.4824 9.09312 13.5927 16.2535 10.0057 10.5646 23.3261 14.6226
199.828 9.65264 16.1474 8.28056 8.88517 6.04431 8.48362 7.83574 7.12256 7.16937 9.2906 13.0745 11.302 5.90916 13.9604 6.6144 13.7868
195.798 3.40452 15.1137 5.77126 10.4675 3.17678 18.3327 12.7867 7.11081 4.36105 12.1742 5.25402 7.82336 15.9376 19.8508 11.8702 12.1553
187.436 14.7673 6.45381 2.40751 8.14899 2.74693 9.95725 13.2079 15.682 9.10891 13.8255 7.03569 9.93135 8.89838 12.9236 4.61018 15.635
189.602 4.6899 6.28216 4.34294 19.9023 9.34285 4.64505 11.34 9.66128 9.23148 5.45329 4.43381 14.251 7.40073 22.5932 14.7574 15.5041
192.871 5.52258 10.1149 16.0323 7.04213 16.6629 5.22059 9.93646 13.4795 18.3952 9.5693 5.3445 14.0955 6.57127 23.3881 7.54178 19.0903
175.904 3.80836 11.5215 11.7348 11.3911 14.0114 6.31483 8.3838 9.80871 9.42275 11.6033 8.27743 8.76135 10.1057 10.7857 8.9076 19.0465
186.135 9.74597 8.77873 11.7517 10.2459 4.04912 8.9014 16.5051 9.29813 6.71364 7.80152 8.65486 7.08499 15.5919 11.0282 7.98954 15.4773
183.243 8.85145 14.8822 16.9697 11.1963 6.28024 17.2744 13.5358 8.27447 4.70482 16.2647 3.7592 10.6135 6.16384 11.2987 6.34669 17.1559
193.956 12.0933 11.0046 18.4749 6.03347 7.67113 13.8414 3.89579 6.58368 20.6255 9.29538 6.20841 11.6808 10.2781 21.1255 13.8839 24.6087
187.167 8.23694 7.63281 2.90529 4.34272 5.49644 14.7956 11.757 5.97443 8.78212 5.01477 13.7042 14.1237 7.2527 16.4658 20.0035 6.58987
197.913 9.8024 10.5005 8.15234 14.9426 9.92512 7.60202 11.6825 9.29334 12.5819 6.62457 6.50757 14.2954 4.19629 17.4895 6.48298 4.78491
190.068 11.3995 4.8885 9.30554 12.8959 11.4194 3.89466 10.4014 5.91554 6.39714 8.19846 8.11757 7.83785 12.7757 13.5654 10.7032 20.1792
177.39 4.50298 6.17449 8.33899 5.71693 10.4672 6.52317 14.8568 5.08438 6.47221 15.5289 9.85324 18.0398 7.26317 14.4158 11.6422 8.96225
182.577 9.3752 8.87213 10.9458 26.3383 8.94046 13.0008 5.6957 15.631 9.6805 12.3871 11.9588 7.31174 12.1983 14.3613 16.5261 11.8714
184.126 8.85845 14.4964 8.01484 12.7097 6.43246 7.91898 5.20113 8.992 7.61881 1.6314 6.32474 8.68617 14.8239 11.801 8.73865 15.2086
176.4 10.6587 4.98598 11.1517 9.20812 4.31162 17.6984 8.87296 4.62355 10.4884 5.28139 15.0208 8.13826 4.47174 13.3008 9.23303 4.01132
173 12.9727 9.62603 14.8177 6.98263 6.6622 11.063 14.6347 5.68034 6.03177 11.832 3.51193 11.6533 10.0862 15.7814 12.7878 17.5011
189.036 12.8529 4.90253 9.21234 4.68627 4.15377 14.6003 13.4307 10.7617 7.13843 9.6845 4.66897 18.5085 3.80769 6.1648 12.2244 23.8294
184.076 9.4612 11.6208 11.7836 10.7235 5.60747 4.57212 2.56339 5.01478 9.48208 12.2897 7.30452 11.2652 9.17288 5.38896 11.6288 21.4472
191.928 15.152 9.41038 12.7071 4.47702 6.32711 8.41398 15.8965 12.8571 9.10415 5.06399 18.3464 12.0746 7.68825 12.1055 13.819 15.5297
178.905 13.4512 8.16132 9.824 7.81559 4.45858 10.9081 4.19223 18.6896 3.18595 10.6885 9.26501 8.91674 7.3445 6.31899 11.4607 15.1931
185.345 7.12856 12.0393 7.93518 9.73018 7.45525 12.7532 5.49684 3.75496 8.79337 14.2558 8.70888 8.50278 9.57227 9.1866 10.5162 19.7466
202.773 7.50534 12.5618 5.16367 10.2184 14.1785 10.4706 6.00911 11.7616 17.4086 13.7143 4.35864 5.96796 8.55041 11.097 4.93825 13.7026
198.461 13.3283 12.1792 11.7852 11.3026 3.91494 4.37146 6.49488 5.79235 7.12725 4.76061 5.42224 11.8384 7.41524 9.09209 13.8621 14.1308
179.032 5.8032 7.89581 12.0216 10.9876 11.9844 9.60277 11.2657 11.113 5.13367 12.8009 8.03356 11.2808 6.2786 4.86024 9.4934 14.2282
179.446 16.5094 7.10319 8.36519 13.0728 7.84833 26.4258 15.1541 3.57624 3.68847 3.17791 7.25437 13.292 5.15881 27.3458 10.5647 13.5106
179.926 8.28772 7.73734 15.424 10.752 12.4844 7.22781 6.0651 5.65808 10.0984 8.50078 7.98153 5.83625 8.20696 12.9217 3.29508 15.7606
190.615 8.55696 14.1077 10.0292 9.3988 8.66168 9.70819 7.0814 10.0807 2.06618 10.4175 8.17862 4.78764 4.66948 14.0702 7.90686 17.494
182.281 7.12694 8.98588 21.03 11.9053 13.7683 11.1562 11.8806 14.5053 7.47008 20.0482 10.5359 5.65443 19.3125 22.726 13.3232 11.8178
193.303 11.2113 4.5272 9.26507 11.5267 6.78172 12.6852 9.3922 17.829 4.03151 8.0135 11.5239 4.73087 14.849 4.04108 15.9752 11.5978
201.764 19.4277 8.40803 8.93778 2.55261 8.54109 8.32744 9.43454 6.77589 4.71738 7.08882 7.28794 10.0482 8.10323 14.4308 20.2495 4.56627
185.029 14.0981 5.51191 2.93877 4.90921 17.5927 10.1233 14.2804 9.40533 7.22969 11.8498 7.46151 10.1955 5.35762 13.974 30.0033 8.32453
177.675 13.3847 4.46552 7.84918 6.17237 10.5021 9.56218 10.3043 6.25711 1.87983 9.48513 15.6603 4.84587 6.30416 4.47328 14.0893 15.3763
169.372 10.7564 14.3796 16.1055 15.0085 11.9343 11.4128 12.4613 6.70998 11.317 13.0442 3.38416 11.2373 11.3964 13.166 10.397 22.0294
200.777 11.3529 16.6933 4.62665 13.2465 9.85539 5.9052 3.25302 13.1872 9.34173 12.0738 5.22489 10.7612 7.29605 13.3164 10.7655 18.9545
196.583 16.4196 10.2991 19.6666 9.12512 11.3026 11.3501 9.18028 14.2809 6.12065 7.29763 9.89739 21.1414 8.15305 14.9454 14.6565 20.3895
198.946 8.87358 5.29613 8.06063 11.0195 4.11904 6.79286 9.35119 8.33449 2.41662 11.9404 2.41155 14.2915 8.67373 6.09701 8.18197 19.0811
167.783 9.5465 10.9732 20.0474 5.42286 6.00552 5.73423 5.76033 11.7649 9.2693 10.9912 10.7985 8.7118 7.18711 6.84891 11.4732 12.0793
188.655 5.64221 3.70674 10.2484 8.15093 8.78227 14.5046 21.4472 19.0644 8.34137 7.65166 7.09835 17.4342 8.51696 8.93204 7.80018 10.27
180.74 8.83934 3.77146 4.80734 7.69461 9.36051 14.8028 16.1837 14.9462 4.38255 15.7273 3.75132 26.0814 8.60422 14.2178 12.4956 22.0031
189.007 5.48552 16.0225 3.29749 11.0848 14.1146 15.1899 11.6588 10.7386 7.76882 17.217 10.638 9.1306 9.67317 10.2244 7.79832 25.7313
183.562 6.30858 2.77981 6.72368 11.0565 6.1685 12.4425 6.99235 4.07906 12.3547 7.92218 2.94648 17.6594 8.44359 10.0402 6.04055 17.7453
183.283 6.29471 8.39745 19.3609 4.68548 5.40173 8.45511 14.4368 5.92213 7.86246 12.6226 5.21452 10.4341 12.6604 12.8921 20.2297 17.8605
183.512 5.26041 14.2158 12.393 5.35505 6.79347 4.77781 5.88005 7.14612 9.99209 5.15131 8.83193 8.33515 5.09497 15.9958 15.4118 15.1499
197.11 8.0758 8.71345 7.37986 7.91287 14.7283 8.13855 10.8502 10.8084 6.51942 14.1844 10.5269 23.4333 6.20497 6.89596 15.9496 13.2554
190.942 5.9634 17.8213 8.14709 7.43705 6.64315 10.9696 8.0965 7.51533 2.72351 10.3611 9.94884 8.92824 15.1272 10.2834 7.19327 18.8592
199.07 4.81029 11.4198 7.82388 14.3306 4.44071 11.9534 11.6079 7.53107 3.99627 19.1778 6.79139 18.6633 12.3798 7.92732 4.89073 15.5894
185.538 3.83922 11.4213 8.65802 7.4977 23.375 14.4807 10.3864 11.5915 6.87503 12.912 12.3506 7.1122 14.5168 14.7844 7.60018 15.1976
198.34 5.86463 3.36669 7.93893 15.4403 10.0961 12.1983 5.52953 11.6755 18.4199 10.124 6.93583 9.84755 13.0131 13.2863 7.24061 19.0605
193.147 16.0505 7.96746 5.19137 10.6203 12.0115 13.9467 14.8467 14.4709 11.6341 8.72391 5.55378 7.10243 10.4768 6.09632 5.66269 16.0998
193.645 10.8284 5.69872 4.99127 6.16765 5.5098 16.5588 13.2095 12.6594 7.72788 4.36442 4.61446 13.1245 1.78196 7.98693 6.72975 15.0186
189.361 11.5858 20.4436 8.63198 5.7031 9.76956 4.90857 15.2015 25.9325 11.06 9.42748 13.9039 13.598 21.672 16.6308 6.88117 10.4524
177.108 9.34072 14.2658 8.15295 14.1923 8.95612 6.30478 5.71854 6.99537 18.6611 11.7194 4.16009 14.079 3.90033 13.8649 10.4623 9.8971
183.19 3.60794 13.9195 18.499 9.25766 8.81656 9.25937 11.774 4.43621 17.0702 9.88249 13.4079 12.1889 14.0561 6.53355 12.2977 9.00755
192.66 8.48508 28.2905 16.5324 6.4551 8.80883 16.6608 5.93528 13.462 14.957 10.0553 10.1112 4.61907 9.17817 10.6208 8.9039 16.1342
185.085 4.73781 8.89897 3.94299 5.14685 8.15169 4.6897 15.0625 11.5748 15.194 10.5592 10.5705 12.0112 17.5477 6.26939 17.4603 11.4938
199.636 8.31613 9.5283 9.50052 10.0598 10.9946 14.6568 5.14603 4.7155 2.17947 6.92913 14.1354 13.3142 10.2142 5.85795 11.9663 10.067
200.05 11.911 7.27177 8.06466 11.4125 18.1542 11.3808 12.7268 9.43535 13.2028 12.8305 12.0055 12.5939 9.84288 8.90345 19.6328 10.2388
174.654 8.141 10.5579 10.9704 20.5097 3.61866 13.2783 6.96408 8.06468 6.23796 12.3735 5.42262 13.4172 5.72484 16.088 5.88348 10.008
197.118 11.4159 13.2143 9.64537 10.558 11.8177 9.23244 9.84429 7.35461 8.49046 7.26163 4.48471 10.1499 10.911 8.97715 14.8981 9.57324
185.092 8.75614 10.2254 3.10944 7.76405 3.37827 4.1027 14.999 2.64427 6.52146 12.4802 5.0141 5.87909 16.0885 10.4675 6.90854 15.0031
198.53 8.31293 9.23656 9.49842 5.95162 6.27678 7.22929 4.44459 6.31006 6.57643 7.53562 9.99761 19.2748 16.0705 9.20322 10.7175 11.3207
201.016 8.49659 3.17183 5.16623 4.21769 3.85179 8.25865 6.73742 12.1195 7.25259 12.9561 11.8142 10.0519 9.13164 12.8056 16.3444 15.8279
200.476 6.66541 4.30795 7.48309 9.83024 6.78057 8.62689 6.92423 8.27069 9.15099 22.228 7.61052 14.7183 6.93497 13.1659 10.8584 20.8865
199.336 4.25644 16.5873 10.6127 2.91425 3.41495 10.8564 9.33935 9.53135 7.98964 6.45586 8.29069 8.7918 13.3574 5.61059 13.7099 15.0606
196.609 6.66361 9.9853 7.57883 12.8733 11.4421 10.7124 3.74467 10.5397 6.77701 11.3521 12.4598 6.78197 6.9337 11.8532 7.75996 11.527
191.247 5.379 6.61211 10.2516 13.1268 4.69564 9.68752 16.5196 14.7043 10.0613 10.7908 8.17411 6.44383 11.1372 9.82707 3.46592 8.09611
200.756 6.30825 7.47962 10.3329 6.5114 10.3524 10.8823 9.03369 6.20637 9.3401 6.91689 10.7681 6.1074 12.3732 12.2577 6.83006 9.84373
185.879 14.3219 13.0163 11.2236 20.7339 6.08703 14.8084 4.07704 7.4155 9.17974 8.07838 17.4825 19.4342 9.54948 10.1863 5.77666 13.4831
188.258 12.936 8.63633 8.22532 8.88604 5.26886 8.65726 1.34698 9.73756 6.4496 11.8759 5.83795 18.6548 8.96076 8.00336 7.3485 18.5697
189.948 7.17622 8.94594 9.14412 14.6174 10.263 12.9009 7.69276 7.72103 9.55205 11.2395 13.2603 20.1652 10.2748 7.06757 11.4735 18.8236
195.054 7.79912 9.73158 10.0854 10.4148 11.843 19.0595 14.2922 11.455 16.9497 15.8766 7.24274 11.1477 3.9978 17.5816 8.48091 13.3072
197.484 6.09144 5.5596 8.05078 14.3374 6.60633 7.52113 9.53335 12.2731 15.0733 8.93554 4.38527 12.5847 11.1854 18.7798 24.6478 8.44821
190.967 9.47229 3.57635 12.8314 11.3127 5.97569 4.91817 10.833 14.2213 12.4101 9.56842 4.6953 16.6622 7.79999 11.222 17.1399 10.7731
195.127 3.72129 14.3111 13.4294 12.9651 5.85017 7.01 10.4288 13.3947 15.231 12.1436 7.0705 11.8723 13.0342 9.79928 10.0313 15.8024
196.87 4.79035 9.76653 11.107 8.31891 16.3438 17.5402 6.98681 15.0952 7.03843 7.54686 10.752 12.5144 10.7928 9.87663 13.9673 12.1888
185.315 7.50157 13.6183 11.6637 5.50439 8.82761 14.763 6.6533 9.5317 12.2505 3.59126 4.08804 13.189 14.1625 10.4711 15.6692 10.5942
176.619 10.9173 8.29679 13.1317 10.4735 3.70348 14.5495 7.00219 8.52936 7.82571 9.46962 3.49723 6.99389 9.89886 3.94255 12.0111 10.3638
174.05 12.5258 9.04011 6.22738 6.61465 3.85305 14.4432 10.9848 6.79127 14.8445 5.87765 8.8254 8.52844 4.70528 15.7999 14.3927 11.5057
188.505 11.5186 8.79034 18.6189 2.75011 6.47595 11.749 12.4681 6.6958 8.82341 8.52097 10.0432 19.8057 10.2592 11.8429 9.75095 15.2774
190.473 19.5667 12.1185 10.1925 8.71458 12.4012 14.9543 10.5563 16.0878 20.1901 7.16934 6.62752 16.7164 13.1432 7.86727 17.3512 9.72198
194.835 20.6602 5.94364 5.27861 14.6342 6.2568 7.10797 6.53167 8.95211 11.3829 10.6541 8.47192 10.5284 14.98 9.001 14.9561 17.1514
193.925 5.67328 8.71985 8.86513 9.68757 4.43983 6.44981 6.24574 16.8208 17.8236 7.47328 7.70112 8.26942 9.04507 12.4478 8.05207 12.547
185.51 5.03664 12.1869 9.03771 8.12313 11.8281 6.18117 7.52346 6.92869 8.71478 11.8591 9.00404 8.14633 10.9576 15.4101 7.75784 7.9652
176.59 9.23587 2.67211 5.3317 10.4699 10.1408 5.73355 12.2433 7.23797 7.67895 5.9622 13.2848 8.52223 7.86099 22.0711 12.6297 13.9671
192.633 8.14051 4.85714 9.30524 3.92482 4.65139 14.3653 2.17584 6.29344 5.93399 5.37934 8.89382 8.6979 5.54296 4.76827 3.70268 20.2291
192.51 5.60748 12.5811 5.31136 7.28375 17.1324 10.374 7.49651 3.13233 8.33901 11.6689 9.26672 7.73 6.15814 11.6199 10.3733 13.4539
196.729 4.51325 13.9555 16.9301 7.67989 16.2361 4.1343 4.79124 12.975 9.34173 10.6717 4.97509 6.22263 10.399 10.7262 16.0268 10.0776
173.863 10.1309 10.5914 15.3554 10.86 8.80496 9.00888 17.4873 8.83288 9.33177 16.1181 4.94975 12.1674 8.64472 17.6487 18.0371 11.3807
188.993 3.16472 8.286 8.63497 17.6447 5.5835 8.00924 11.2306 8.69261 7.79424 14.6895 6.807 13.1443 8.30745 6.72565 13.4787 14.4247
176.444 5.69526 18.9958 11.3318 3.05199 4.56213 20.6823 10.4005 8.7877 10.3198 11.3254 5.42449 9.18922 10.5134 15.1394 5.5245 14.3742
192.379 4.79555 15.0103 11.5693 13.792 4.76258 7.65163 14.473 6.0531 13.7579 12.224 4.49781 15.7914 9.73772 10.5509 11.9395 15.8306
191.729 6.68932 13.2879 10.9572 7.02827 8.57463 8.26517 15.0163 7.96913 7.60535 9.52648 4.82644 10.2414 10.0285 13.001 8.48012 3.06515
191.958 9.20667 6.70294 13.5041 14.2592 13.8819 15.4115 15.4904 8.92554 5.86115 10.4973 9.522 10.7868 9.01228 8.84498 9.9405 6.72536
196.319 11.7724 2.99328 9.62683 11.2643 6.22219 11.7855 15.2416 6.85233 4.66289 17.0105 2.78058 17.8991 2.43171 5.87709 8.5801 13.2049
195.884 7.33071 5.94616 6.53034 6.67917 6.02113 9.53003 9.66739 7.32591 6.60528 8.81794 5.90715 7.02413 9.51524 8.68605 5.78813 17.2196
185.8 9.16167 5.5035 12.2316 10.0929 5.81136 8.1199 6.62407 7.58988 6.71439 5.01109 3.89922 7.85703 17.4328 14.1952 11.0843 15.8147
192.675 8.00932 8.93989 8.00846 6.07919 14.6071 16.5674 4.86611 9.73871 6.17542 13.0703 6.56333 8.90294 7.35016 7.67503 7.80299 11.9735
188.556 7.90553 15.082 19.4382 8.03604 9.02811 8.98929 4.90237 4.07384 12.3601 5.24892 4.80386 8.56935 3.06607 11.0861 7.86309 11.7242
191.675 8.70031 18.128 11.374 13.7337 5.12851 10.8993 11.2123 13.339 4.68974 5.09707 5.11739 8.72639 5.89198 7.88382 4.60059 11.6571
185.711 14.1128 12.5799 10.8271 12.1001 4.49099 16.3575 10.6998 17.701 7.33306 6.69573 9.26717 14.3052 4.88453 22.1218 9.14146 12.3934
189.787 11.0855 10.8382 10.1539 6.62347 15.361 17.4307 22.9426 14.2166 8.34857 5.61504 7.25008 7.31354 13.6454 5.51033 11.517 13.9127
188.561 5.55308 13.3314 17.2662 10.4788 15.361 5.56103 6.1741 16.5087 12.469 15.466 7.31824 14.9201 5.4045 20.7667 12.3539 20.7881
180.631 7.83771 12.0818 4.23215 14.1329 10.9408 5.56103 5.01631 7.85203 13.6931 3.55436 9.13696 9.80368 12.2503 17.4156 13.0767 16.9389
199.751 9.0601 7.79007 11.1805 8.70844 14.5594 19.1102 8.5503 13.4496 3.6369 13.8785 10.6511 12.3549 8.41061 11.4044 20.1939 12.9248
182.891 7.41288 15.6561 11.2957 17.2323 13.549 9.53763 7.65666 8.84209 10.4724 7.43473 9.61974 9.96104 12.124 10.6436 15.1826 14.5444
195.99 3.71449 7.53481 8.72042 6.61504 6.07747 6.06052 7.48675 10.9763 6.30646 6.37039 10.3984 11.1909 11.6921 14.144 18.924 14.0748
190.507 9.84125 7.05063 11.5668 10.5586 5.60693 7.09923 7.6984 4.53772 10.5164 10.0846 13.1599 8.69208 12.6748 15.8486 11.0184 21.0071
193.789 11.8267 8.39947 9.12734 15.4476 9.37148 10.7919 6.80873 5.47393 10.317 9.21808 12.4769 6.79296 10.379 8.3191 18.9542 9.06091
207.637 5.03301 8.54675 8.84612 14.8984 14.7457 13.9315 9.21768 9.67676 8.26872 16.9758 11.5707 8.42783 13.702 9.43414 12.9936 13.3283
198.857 6.94308 7.42338 7.24018 11.4426 11.783 11.7288 12.9973 13.8101 9.52323 7.79183 7.96852 7.54018 13.8223 12.1284 14.4404 10.2534
191.969 9.33275 9.74071 12.5951 8.06152 10.5974 10.5064 6.97151 10.9734 9.12618 4.99271 10.2476 11.356 6.37682 12.4242 15.8714 6.60418
178.42 9.90233 4.51945 8.71008 3.4304 9.37186 13.2813 11.5816 9.17186 7.85057 8.10901 3.94917 13.4756 7.65768 12.1295 9.73769 11.5749
194.475 8.23112 9.9833 8.26472 10.3067 5.76102 12.743 6.8691 1.49628 13.371 10.9318 3.75646 15.1397 4.3789 10.2147 5.43845 9.64281
192.068 7.63397 8.33576 5.7471 17.7723 9.73088 15.6205 14.3301 9.56731 6.33347 7.36522 15.6353 7.50912 14.0698 10.0072 17.0308 8.92691
194.555 14.7589 7.91451 11.3488 7.11608 11.0809 8.28609 15.306 3.5306 19.6532 9.15536 6.7167 10.1281 14.0568 15.754 9.72551 18.2551
185.859 9.69102 14.7757 13.4049 11.0613 14.567 3.65296 13.764 6.17675 11.6357 4.05132 5.29781 8.11169 6.31492 21.2895 12.6481 5.95592
194.097 8.90311 15.0413 6.5113 10.4095 15.5276 7.32204 9.05637 9.94503 11.9389 5.01624 13.3575 13.4813 6.60243 9.73793 17.9155 18.6737
189.756 8.96497 7.85874 8.5792 8.75437 14.5231 14.8701 19.9187 9.59438 6.96847 8.74052 7.23947 13.7757 5.67558 18.3148 13.9314 12.9888
190.291 6.89551 7.54986 7.75301 8.03051 9.0294 14.1398 10.8351 10.3322 9.42135 7.25902 5.25788 13.752 6.07313 7.0858 18.1628 10.191
189.3 6.90549 7.57042 9.23681 11.06 5.81127 7.17636 15.3109 13.6849 6.30115 6.15931 6.92207 5.67706 11.2012 7.75242 18.7622 16.9202
189.3 10.7353 5.12392 9.52118 15.1085 5.74822 15.9541 9.9159 9.31244 3.52513 7.06246 16.5584 9.10342 4.46184 7.88602 14.405 8.72486
187.478 4.10185 17.0387 9.88786 17.8751 5.25582 7.6279 9.03876 5.33543 5.94303 13.7021 9.85407 6.59285 8.37992 11.7863 12.1898 12.7876
185.283 2.36937 16.2861 5.90669 16.5128 13.9002 22.8577 7.85966 15.7831 3.36604 4.56429 9.6674 6.58592 8.17618 16.8743 8.09764 12.4287
178.892 14.0263 13.4695 8.16828 11.8631 6.14177 11.3546 5.58736 18.2651 5.12483 14.8043 14.126 9.80767 7.73721 20.456 10.8626 20.6476
186.355 7.49277 17.0164 15.2502 7.47965 9.14561 15.9814 8.17629 22.627 6.76851 2.91932 7.01375 16.1744 5.7044 11.3849 16.9295 17.5774
192.526 15.5511 13.0581 9.35733 15.1049 5.49089 5.05501 13.0987 19.6916 18.3821 14.6516 12.7219 10.5283 5.52406 12.4221 8.61794 17.4102
198.427 9.47687 6.64508 5.23555 15.5986 12.0762 8.12927 5.05278 5.1715 15.4099 9.81826 8.52448 11.9623 8.66379 12.3845 7.94878 10.6517
197.955 4.16176 13.7238 12.5997 9.35985 3.75033 6.47049 16.0615 3.58683 6.15738 6.23584 6.03316 10.8373 9.32413 9.05428 11.2842 22.4574
187.736 3.83666 7.16848 15.7202 9.13039 3.73301 6.549 3.49133 10.4734 5.76043 5.83193 5.56724 9.95361 9.2431 23.6478 9.83152 17.4228
191.969 9.00515 6.5364 10.8482 9.3746 5.45393 15.9468 8.66982 9.29453 4.74367 5.92994 6.19171 9.01575 7.57674 20.5025 10.7771 3.7243
186.055 7.2137 11.9446 6.63066 8.34823 9.31533 8.48101 8.33063 15.169 6.26686 5.78498 5.15908 8.79373 8.39591 9.32428 12.6898 14.7951
180.632 11.1725 9.54672 14.4854 10.6805 8.99306 20.112 3.88472 4.81372 10.5599 10.4875 5.18677 11.3742 4.68102 7.80128 13.9973 25.9667
185.537 13.9225 10.6627 12.5173 8.32141 8.96726 13.9451 8.83339 10.8301 6.39882 8.63683 9.45167 12.7673 5.37885 16.4942 14.9297 5.38842
193.672 13.7408 10.2132 18.6317 8.58926 15.3075 9.20825 2.00627 12.6735 14.1824 11.3265 11.1537 13.5417 9.07728 14.4418 3.55529 21.4844
193.99 7.60547 6.53354 14.2575 11.4364 7.93075 14.8785 6.49791 11.461 13.1676 8.52608 7.44485 11.6711 5.09365 13.3174 10.2008 13.992
203.746 7.60106 9.57389 11.3004 11.1448 6.22526 12.6241 5.00912 13.9747 6.48298 9.1482 7.57977 2.88737 6.92604 11.5863 5.52455 15.255
189.612 6.21525 8.56222 14.1511 8.17832 11.7917 11.94 8.91313 23.7778 9.82539 15.7713 6.02335 12.7753 7.7154 6.51127 17.2736 15.5153
192.142 6.64686 5.51869 7.47545 24.6362 11.197 15.3895 3.66788 10.2013 9.30591 5.16923 4.87689 17.6721 7.02787 13.6282 8.11293 17.0791
194.41 5.2366 17.3514 18.2187 13.9942 2.40769 5.64009 7.13692 10.0357 15.1356 10.1197 11.3279 10.9713 7.58142 11.6702 16.3986 21.5153
195.705 9.48267 12.0922 11.0513 9.82175 11.3103 13.2897 8.86032 9.19283 13.5263 11.959 17.6698 12.0004 5.15336 20.8601 13.6959 10.9857
198.617 14.3953 9.67738 6.66449 7.26544 6.09664 7.66368 4.48859 9.21059 6.88898 4.58215 8.15663 10.3672 23.2842 7.80925 9.64548 22.3723
184.521 5.45049 10.1776 4.53749 6.99468 9.67271 10.1716 8.73737 6.2245 8.10329 1.99271 11.5392 5.05042 10.567 5.4019 4.69166 8.22912
191.339 12.7196 9.80851 15.0521 6.67341 6.79283 8.73212 7.30004 13.8364 7.22987 14.8308 11.1456 11.1278 8.34267 7.29635 13.6144 11.3338
187.43 4.67643 9.41241 3.62574 6.49065 8.95862 15.4566 13.2486 7.82699 12.8492 13.4897 9.68004 17.1207 11.5884 7.20308 4.65047 16.6538
196.975 2.67735 9.51565 18.0493 8.47903 16.5979 14.866 10.4935 9.04309 11.787 9.80794 7.96549 14.0098 10.7576 5.90035 8.44507 18.3763
198.487 18.2643 11.4857 9.32466 18.0384 1.86452 10.6186 6.66445 13.1696 8.40187 6.04361 7.75772 12.7406 7.03458 6.6541 9.12684 12.5462
179.683 6.24631 10.8092 5.8754 15.0095 10.7986 8.16828 13.1995 11.5109 7.08997 13.546 7.28651 16.075 3.97794 6.6612 12.8132 10.5503
183.881 3.5768 8.67284 16.1607 24.3225 12.7526 6.42842 7.56354 7.737 9.50774 3.48672 5.17359 13.9585 9.16783 3.13489 12.2996 9.82245
184.475 4.09963 13.1953 7.59975 10.49 18.2372 13.4026 12.1114 7.14253 13.4224 3.48144 6.33125 11.9519 17.8247 7.05112 12.8709 13.471
165.002 9.82362 8.06275 4.41361 15.9152 7.43056 8.44919 5.77425 9.76828 7.31216 9.94734 12.2271 10.6788 2.97154 21.2497 14.5797 17.2355
174.342 14.0592 8.48369 9.72946 4.70856 2.62379 7.17228 5.81311 15.8115 12.1584 4.22825 5.4579 7.73367 5.03927 12.7561 7.3112 17.2701
181.329 17.5158 8.26688 11.397 19.2604 4.45467 8.76222 3.16264 12.4381 10.546 4.46717 18.2016 7.17015 3.70991 7.37351 12.4341 17.737
181.328 14.4337 15.1526 7.57367 13.5694 6.33739 3.16728 4.16611 9.5825 8.98247 2.57632 11.177 12.3694 4.68584 14.5672 9.42014 15.5819
187.254 14.3474 10.6475 7.57338 11.977 7.41223 9.79667 11.6165 7.50964 2.79746 5.6385 7.45081 14.5863 9.36755 23.6173 4.1119 8.87452
185.458 5.34558 11.9068 5.95302 5.25671 13.9468 5.18717 10.1732 12.3062 7.46265 6.05848 12.2687 9.708 7.19302 7.57056 16.3231 20.7573
177.047 3.41927 15.9651 9.46142 3.16465 15.2068 11.5157 10.4311 7.99501 11.1954 7.4717 11.801 14.1587 8.91835 4.95988 11.0568 22.3185
184.992 6.71597 23.8431 8.29439 9.14343 8.38604 4.8553 5.48022 8.13775 4.13002 10.6432 8.14732 9.56368 10.5722 15.817 16.6523 10.2822
198.017 9.64157 13.0317 9.01701 5.72189 10.3757 7.50623 14.7425 10.1849 4.49799 6.81142 4.16819 9.90285 7.37524 16.8829 9.1743 15.4473
181.435 8.28146 9.66511 9.77558 10.3159 8.15265 7.50436 11.9526 6.10283 12.1849 6.23516 9.14452 11.9372 7.50036 7.42568 5.35264 9.00838
179.568 13.1673 9.64489 12.9641 7.48772 15.5873 2.80726 9.05632 8.17575 10.1346 8.69656 10.7855 5.18209 5.15341 15.9492 7.77099 13.2351
175.392 4.07981 10.0017 9.31522 4.67352 12.7606 19.0868 11.4172 14.9884 11.092 6.87884 11.3886 21.5745 9.76821 8.71011 9.12526 12.0659
176.108 7.69632 6.1276 2.03403 9.04338 10.4758 19.0245 4.7217 10.4432 9.15819 10.3471 13.7132 4.00658 11.208 10.7869 8.16773 10.7304
186.614 10.6981 11.9903 7.89012 6.86469 7.12016 10.7257 12.2768 13.4143 3.5536 7.74494 13.315 6.76651 7.30413 8.57998 7.51898 21.56
192.127 4.67949 10.0183 6.55905 4.99105 5.2065 5.26471 8.64118 9.43303 15.4448 10.3497 12.4088 6.16902 7.72182 5.8068 11.414 18.0208
186.95 24.6836 10.7817 21.4945 9.14352 5.46556 8.53112 9.10376 4.6749 11.6079 9.53551 15.9465 6.69234 7.56384 6.31665 8.97609 15.8253
197.451 10.0161 6.98238 7.46273 4.05206 6.7711 6.87645 11.9137 6.98 10.8621 12.8544 7.89758 9.35843 10.7019 11.2476 10.8006 16.06
200.23 6.17371 8.28524 9.82839 16.8252 8.13445 5.75186 6.90608 12.0012 3.69461 9.91572 8.61272 22.0804 7.32971 13.8328 11.0631 14.0134
164.846 5.97578 7.82538 15.0126 11.7901 7.37275 13.8216 11.8526 13.3193 9.23266 7.33179 7.13801 13.518 10.4411 11.0291 10.6815 19.6548
183.309 13.0665 14.2069 8.18773 7.67033 3.97098 5.86464 11.5558 11.6172 6.68764 17.2889 8.63406 11.7821 8.83906 4.75766 10.753 12.679
187.612 10.7656 11.0893 11.8096 7.86787 6.69381 5.52924 6.26679 6.03468 8.57712 14.8467 9.56542 18.4668 8.72907 9.43495 12.5688 15.497
192.08 4.10214 16.2844 6.83256 11.5215 10.3822 7.94273 7.57138 4.70149 17.3991 17.63 9.20456 10.1569 6.06773 6.60644 12.4331 16.5425
191.539 4.82691 15.8331 8.13253 8.93077 15.7927 6.01255 3.8869 10.4621 8.6933 4.95746 3.08728 18.5402 13.2269 6.76309 6.1871 22.8873
190.783 8.04029 10.4316 24.9521 5.0343 15.6796 12.8338 11.1965 8.69382 5.73105 4.41206 15.333 9.7986 7.52177 11.2984 11.8471 13.9199
193.542 6.27681 11.5578 9.34031 5.1935 6.8059 10.0014 7.78111 6.00085 19.8254 13.8741 8.0577 10.5174 13.2131 8.89517 10.418 16.4884
181.154 8.3411 12.5989 7.30215 5.48369 17.0877 3.20529 12.9702 3.61901 10.1745 14.3688 10.5587 16.2824 10.7539 10.5844 8.30134 8.59145
180.065 7.83155 4.76773 1.70328 7.50233 18.8433 7.85082 7.00493 10.8777 12.5781 4.54482 12.3117 14.1508 14.6362 12.4397 13.2509 12.7149
183.734 6.81948 8.25603 16.1437 6.44282 4.08431 9.6605 4.43402 6.17823 9.79204 11.2718 13.5076 2.49608 9.47313 9.04165 10.4697 13.4326
178.63 10.5801 4.58799 11.4217 8.90419 2.65438 15.7674 3.59221 4.94801 4.79748 4.64123 6.0234 5.92791 12.7746 16.8674 13.8595 17.46
182.778 7.2319 11.3025 15.3475 4.48571 4.66048 12.6779 9.51524 4.7647 5.06738 14.4112 19.4789 24.1174 13.5227 5.34184 9.92449 11.2136
183.058 10.7944 5.44255 9.39232 7.50572 5.26541 4.2945 10.8617 7.7427 8.44644 14.1471 12.235 7.34573 3.40408 9.84368 7.41283 17.3094
203.469 9.47896 3.55135 11.9685 13.1249 8.4981 5.78347 13.3138 18.3197 7.63057 13.7704 8.86201 10.6908 12.5247 10.8757 12.4709 10.0627
177.104 10.726 3.90397 27.8216 8.73408 14.9827 4.23833 16.5941 18.2828 8.52228 7.78898 10.6662 16.2748 5.58453 21.0714 7.68753 14.4759
170.019 10.7501 7.38167 7.25747 12.3238 5.60284 8.47957 12.5726 5.19508 4.05155 10.0406 8.52021 14.8402 8.40297 18.9874 8.5969 19.2066
181.796 10.3569 9.51908 11.3567 7.03267 8.96386 13.7366 16.5161 9.56485 12.6844 3.95801 13.2212 6.59966 10.5418 7.80663 10.3726 11.8832
185.949 10.4749 9.72862 4.4341 9.15551 9.02283 9.78817 8.23314 9.96208 4.7163 9.41862 6.0536 16.6127 4.38133 8.99381 6.03953 15.4752
183.924 11.6425 5.30906 11.3653 17.5961 10.002 9.33151 3.96232 5.65795 8.32657 8.87247 6.5549 5.37589 14.2679 9.31575 6.90961 14.0263
177.854 6.00134 9.55028 12.5125 7.4777 4.70171 13.4435 5.00618 9.43859 11.3633 3.72164 13.0149 9.48122 13.7894 10.4062 11.236 19.3923
199.425 10.0303 8.38414 10.2156 13.0622 4.42858 7.28997 4.56004 1.28212 9.03436 6.05041 13.6022 11.4134 12.361 11.6092 7.42522 13.2374
192.432 11.757 5.31139 12.9673 12.7561 8.95575 9.68668 7.05145 8.25449 7.09961 7.11734 1.3852 15.7666 13.9503 10.2964 7.79603 13.4768
208.892 20.4247 2.00399 6.82614 6.8026 10.6167 11.1456 12.3572 7.57983 12.289 5.66852 12.8193 16.3329 5.65775 12.3731 14.3278 14.1115
180.356 12.527 7.46999 6.65818 16.7516 12.3738 11.0938 2.25225 9.79881 17.8634 3.38092 6.32331 14.5049 12.7779 10.4308 8.94886 19.493
186.301 9.00446 4.93809 6.66093 10.171 14.405 8.13401 8.59217 13.6824 8.55292 8.09269 10.1921 15.4864 3.9255 8.227 8.47815 18.4168
196.72 9.15201 9.95638 10.4288 7.65418 9.77605 12.9513 5.80994 12.3523 20.6129 13.1189 6.94699 11.5863 15.9896 11.8317 14.001 21.7214
184.828 10.5851 4.76612 4.81654 7.77301 14.5268 9.93211 13.2777 8.55928 9.07239 7.0523 14.0225 4.22351 4.92429 11.3161 9.98923 17.3369
210.735 10.8893 13.8637 20.0111 8.26197 9.09257 7.63911 7.35458 7.49549 9.91462 9.96094 5.44781 8.51851 8.76864 10.9194 10.7296 16.8335
192.349 8.57215 10.2226 16.7464 11.489 2.27684 14.3793 8.35755 12.6082 7.4304 6.50762 9.1773 8.61439 3.57632 13.3582 5.83623 13.9415
185.115 14.6892 12.9819 16.7102 6.40052 7.34931 15.7092 8.50512 11.088 5.81163 9.27676 8.47344 13.0351 17.9214 8.60402 13.1424 16.9473
197.985 8.94779 16.5037 12.9698 17.3447 13.2708 4.45321 11.6335 6.05003 11.3963 10.6412 6.94055 7.25892 5.055 11.562 16.3539 10.7863
189.902 16.1038 15.6878 17.8594 9.3843 6.03564 6.4309 10.0623 8.83746 4.06937 8.02415 7.83636 12.143 14.4474 18.8183 10.2631 6.66523
199.427 3.93368 12.134 9.86184 8.27536 18.0189 14.352 10.6661 7.86247 5.51023 10.4772 8.07854 9.61499 12.7087 10.2551 9.9135 8.44186
197.227 5.98615 15.5743 9.25825 8.19291 5.88933 9.19211 7.53624 9.60377 11.9331 8.05459 8.68997 3.20851 8.19557 13.57 3.71275 15.3009
197.238 2.25952 13.434 6.6457 11.8092 11.0177 17.2879 9.04749 7.28807 8.90954 10.5576 9.50669 6.29482 11.2488 19.6457 17.2026 12.1631
190.497 7.95311 7.40839 10.2723 7.38053 11.5658 13.9353 3.31925 11.3093 15.5923 6.54603 11.6845 13.3443 4.00883 12.0309 10.6151 14.21
188.849 8.12401 4.95004 23.0682 6.98754 8.40243 15.7492 11.6927 12.1385 16.8779 13.0451 11.2422 13.5659 6.67431 9.56317 11.4864 19.2553
168.236 6.99388 4.58645 3.76807 6.34868 8.19686 5.69228 6.51533 16.9701 5.1195 14.157 12.3008 10.9131 8.56398 11.1672 14.9665 21.9948
188.36 5.66938 8.03098 10.2166 7.7132 4.04971 10.882 6.31207 28.1575 9.50276 6.57011 12.1065 6.98568 5.64579 20.7326 9.44367 5.04572
190.263 10.6235 12.6813 2.21191 8.31148 7.92335 11.873 4.13233 15.6666 5.38825 8.35137 8.67634 19.5957 4.73406 11.005 12.5682 15.5677
187.907 4.51024 10.814 6.17024 11.1188 17.6145 11.1607 5.31558 4.02778 9.26642 11.9281 10.6769 15.4114 6.51091 14.2108 3.10075 16.3356
186.222 2.50648 15.004 10.1402 6.87073 5.55178 14.9083 10.9267 8.25447 10.0644 16.4828 3.15277 15.8479 17.5358 22.5656 3.45114 9.00363
182.151 21.8818 15.85 8.4486 9.46622 10.0558 5.77528 6.56412 18.0107 9.8666 8.61666 7.55148 8.13688 13.8659 10.4499 9.04728 15.8614
193.17 7.90072 6.02892 18.6591 7.40744 2.20216 12.1426 8.55873 12.4702 8.96534 8.24593 10.0494 6.88022 14.7113 14.6003 12.9371 9.28232
182.496 17.4086 5.33195 22.4712 15.356 16.1925 10.2595 15.0666 11.6946 10.8823 10.2109 9.71583 11.3596 10.2663 9.23149 6.71436 12.9439
184.255 12.5497 13.2471 9.22072 14.4459 13.5542 6.3004 8.70261 11.7395 8.31099 12.8784 7.09914 8.40809 13.0019 13.4488 9.43 8.56899
163.35 27.3311 6.21137 10.9047 15.642 4.11933 15.2501 14.1446 13.8294 5.3448 3.75757 10.5094 4.38884 14.5652 17.0118 10.4078 19.5081
183.024 11.4565 7.88432 18.9993 6.1714 8.25882 12.7362 10.506 11.382 5.95878 12.3204 12.1638 11.6868 8.59404 11.5829 9.27726 21.6441
167.211 13.0559 6.93192 6.5027 5.19593 8.76173 11.5945 8.37248 10.2054 4.53546 10.9324 16.8103 6.27614 7.5996 21.3269 10.3205 21.9938
180.23 10.2563 8.6819 10.3966 10.2386 5.30967 9.85937 8.81177 8.15386 15.738 10.9241 2.39795 12.0624 13.5732 25.2193 6.239 8.49259
182.1 13.9344 8.63733 11.9228 3.9709 4.60473 10.186 13.5385 11.7094 11.0782 10.2173 10.7798 3.03143 6.62173 12.8146 9.23047 21.9572
182.716 3.13378 8.56733 7.94948 9.38507 9.70582 11.2212 13.8659 11.6391 9.68656 7.71137 6.50569 5.31112 14.0886 16.6973 4.57499 9.16042
183.877 8.23969 8.76919 5.23942 8.4433 4.41785 15.3716 10.2185 10.2972 7.91242 6.86986 8.04069 11.2092 19.9147 19.7858 3.57882 19.818
182.724 10.0146 6.682 7.26947 9.10575 15.2927 1.78782 10.3713 8.69053 6.22975 17.2805 7.9975 9.67533 9.30464 17.0541 12.1906 16.0854
170.232 4.80879 8.25269 14.928 10.1044 5.15056 15.8371 9.14277 9.51184 2.43298 6.66844 12.3878 7.85509 10.3091 7.57335 11.9189 11.3606
201.778 15.0465 17.3183 11.0467 14.6664 8.13402 6.94615 11.7521 6.1204 21.5078 6.77906 6.73176 12.477 7.61269 19.1204 6.33847 8.42668
191.576 13.8114 21.1435 19.7891 12.4411 6.93949 14.7956 7.25248 17.6123 12.8933 8.71107 12.5263 14.7585 8.68581 16.4282 14.6494 8.42668
191.859 6.37631 13.8569 7.99212 11.9544 8.0726 16.1777 8.28494 11.8055 11.3881 20.8214 8.48892 17.1522 11.4966 7.33923 7.77793 12.8561
189.407 6.88942 6.6481 13.9444 5.43818 11.2514 7.24805 8.52251 13.3916 9.3932 12.8824 6.1596 3.77983 7.90232 11.0985 9.99682 10.4162
168.579 7.85715 6.65496 4.00045 11.5128 19.1859 17.3891 6.1122 12.7549 5.68539 12.0142 11.6359 12.8618 7.27605 7.70297 14.4149 22.7295
183.904 7.99373 15.0164 7.39804 15.0852 10.4604 4.20442 4.18677 16.3652 14.1399 12.3482 12.4249 12.1759 9.36894 7.59137 15.2766 16.1277
185.532 9.22145 8.49192 10.2877 11.8304 10.3791 13.6544 11.7751 5.704 8.05884 14.0667 15.8022 5.5257 18.7541 9.0425 7.09428 7.94932
189.601 8.52261 7.04191 9.63319 13.0848 8.77668 8.93139 14.3326 7.39348 8.41016 9.28048 3.63507 20.3834 14.9314 22.8064 7.92487 12.4009
177.848 9.57815 17.5385 5.1768 13.2668 8.63641 6.26521 10.1082 12.1601 6.69882 3.82015 11.6374 10.22 19.3931 5.83455 9.72445 17.3082
191.824 8.23873 3.92846 9.33126 9.16028 14.8252 10.0948 10.3689 24.4453 12.4531 11.5225 13.9932 15.1854 15.6517 18.9964 15.6333 17.1794
191.056 3.10895 2.48971 11.093 5.47622 19.4307 5.72629 8.72499 7.56169 9.31939 29.6053 9.09203 10.3689 8.97051 4.50853 7.22932 3.09052
182.468 10.4287 7.38811 19.9637 15.0599 2.74852 11.7685 10.2998 10.4783 8.51084 15.1488 6.97524 15.683 8.85106 6.75996 8.80875 11.8398
207.496 4.95234 10.5526 6.786 5.1193 3.61588 12.6591 6.47279 11.0374 14.4857 2.71529 10.2537 13.5266 8.74122 15.3992 16.6843 18.7937
184.954 4.73698 17.126 11.989 7.75901 14.6071 11.5098 5.5042 10.0148 11.0959 14.0347 15.1517 13.4001 13.5462 10.9964 10.2019 19.0911
186.493 10.013 12.7765 5.36235 10.4119 11.2887 13.5218 6.7985 9.13945 7.68721 15.5057 13.0842 7.00016 11.3878 18.2482 3.50168 20.0611
170.181 15.5263 4.67208 13.2708 11.446 10.9688 19.0204 7.72616 17.1371 5.33183 13.0149 21.4319 27.474 8.76151 8.92287 4.75653 9.19326
177.208 13.8091 14.6978 8.12985 13.6812 10.6582 17.2796 17.4617 15.4142 4.12026 11.8522 5.96683 16.0275 23.405 9.19638 19.7527 9.0596
176.107 1.8166 9.72219 7.74502 9.16891 9.68367 11.9514 7.37626 16.0306 6.65903 7.79199 5.65687 13.2488 11.5032 10.0377 13.4512 9.76109
185.264 6.91438 11.2512 7.3267 4.73771 8.53806 12.2475 8.58564 12.0166 12.986 10.7429 7.03609 8.37057 3.55516 11.3286 10.0223 6.76291
181.502 14.985 1.99716 14.2513 10.4409 7.41513 18.528 5.37005 3.52728 8.24828 12.6027 6.2894 17.3841 6.18656 11.5365 18.0248 15.5131
181.034 12.8386 7.16648 15.339 11.3373 9.7402 7.17051 8.16063 10.3951 11.4948 18.9247 12.4736 11.0087 8.07899 14.5651 12.8992 6.58381
183.812 15.5211 10.0173 19.0598 21.4333 6.20238 13.2885 14.7982 12.8841 7.7875 11.5644 11.6661 3.52018 10.0763 7.94639 4.53232 18.0719
190.928 4.79178 6.90293 18.5678 7.81786 10.1321 11.1342 11.7875 2.6225 9.89428 13.5683 12.0405 10.1516 6.41492 8.46619 9.99012 14.6335
185.244 11.2607 9.33697 6.19328 2.39903 9.03604 6.30771 13.3762 10.359 10.998 11.0214 4.34712 10.2052 5.8717 6.20709 6.10746 17.502
177.699 7.83603 7.31415 15.5144 13.6949 7.09896 15.2767 26.2562 9.4578 4.50918 13.5912 8.51013 8.68358 8.59824 6.9822 12.0395 10.5565
175.598 8.24707 13.9248 12.5015 7.98254 8.60473 21.589 10.2293 14.197 13.0814 13.9542 8.1391 13.8584 9.09468 10.7077 16.284 16.472
186.678 13.2137 4.95573 12.9081 8.30575 10.3422 8.78012 15.0435 11.1044 11.6172 11.5109 9.58046 10.6637 7.51998 24.0011 9.40712 28.1049
183.362 4.62193 3.55362 15.2607 14.6562 9.99705 6.9835 21.1373 6.20193 14.1885 8.21419 7.99113 10.7008 8.65481 15.1596 17.001 8.37331
198.401 11.4091 8.05596 15.6539 8.22704 7.40647 8.87817 5.24841 4.45143 10.2238 5.12188 7.71236 7.25762 8.62296 10.294 14.4808 19.0427
177.085 2.80939 7.5803 3.62546 9.03205 6.21222 16.0985 11.7044 6.88247 11.8953 6.53144 11.2272 13.7518 7.29432 11.1561 12.5404 18.3337
193.858 9.58404 7.72 12.4504 10.0936 19.0095 3.37156 13.9809 6.01626 14.8023 15.229 12.4737 7.59917 15.5551 9.46792 14.8467 14.5243
184.388 3.87078 7.68047 13.9943 10.6116 2.50338 13.6352 13.2473 15.3767 3.92956 23.0448 5.35015 11.3562 15.4212 5.48795 17.1062 14.0185
181.278 9.02319 7.09333 13.591 9.97519 9.44575 13.4858 12.8715 3.77112 9.66293 18.1405 3.46677 4.57316 11.0573 7.17379 10.9423 10.5135
184.241 4.55089 6.59559 13.5387 10.9508 7.90266 12.8513 9.59927 10.3933 10.0305 6.0896 14.1975 8.17457 5.34308 6.91365 19.0043 12.9836
187.88 7.1549 2.77058 18.4602 9.01544 7.08078 12.0751 6.10834 8.97395 9.37965 14.7006 3.44402 13.2212 7.12829 11.3037 10.9416 8.11283
189.389 17.9476 7.13118 6.42562 11.9243 12.315 14.2023 8.85747 5.52192 5.30845 9.78287 3.24524 7.15994 6.68015 11.22 15.9783 9.03033
194.983 4.97982 3.98817 10.1967 6.70369 8.85414 10.2735 14.8928 16.6988 8.08016 14.3068 14.6262 15.8544 12.3538 9.1605 14.5539 9.78578
197.944 8.60422 8.60274 12.1245 14.0286 10.0927 6.03553 6.60818 13.7666 3.34238 17.3933 9.56109 7.65082 5.70859 14.1273 5.39896 13.3759
197.144 6.69622 11.6377 5.93186 14.5629 11.4527 15.6667 11.8535 11.9864 8.26215 9.54196 9.57399 9.02372 7.26687 19.3062 7.69304 10.6526
192.205 4.74633 6.15226 7.39176 10.8272 17.6688 11.7954 12.8225 13.0657 7.4993 4.94968 11.5992 14.611 11.8433 12.3987 3.41586 21.9252
191.69 5.30427 6.42446 5.49824 16.5023 11.132 14.3311 16.8529 12.9615 15.2191 8.80625 9.52722 14.9819 8.42555 11.1877 12.006 13.4669
190.996 15.9501 11.9044 5.72619 11.0529 4.36445 9.72155 10.6819 16.4367 8.36017 4.85448 10.3204 11.0056 8.05535 11.1498 10.6853 15.1857
186.878 17.0609 21.0564 9.40324 6.10389 13.5312 7.34141 2.79327 9.17018 7.20188 4.7234 8.17889 6.58131 7.36588 11.4059 12.9606 9.66122
194.571 9.83915 12.2214 7.84513 11.2762 8.57552 27.46 13.5167 17.4846 9.13871 10.9713 6.60936 10.3863 7.74774 11.6496 8.32578 15.4558
193.024 4.06697 5.5369 2.97764 20.9136 7.45569 11.1687 8.0574 4.5575 8.24713 11.3358 10.9547 12.6041 6.68556 14.1517 15.021 10.9032
193.174 6.42132 11.4723 16.5953 9.54636 14.4567 16.4304 6.22747 7.35725 13.6638 10.7765 11.7569 13.6531 9.59456 15.8382 7.30374 15.5911
176.345 5.68305 11.4861 12.793 8.70819 10.8947 8.48095 6.4316 14.3523 6.24178 7.53109 4.90387 8.79764 6.13104 6.20226 10.5867 19.986
186.825 13.9924 14.0853 5.28579 10.3307 4.80589 15.8709 1.81767 13.0278 11.5483 7.30494 7.81069 5.21176 10.0513 7.78678 17.0103 11.5388
190.221 16.8491 7.7858 10.287 8.73859 5.86147 7.06293 11.0969 15.0687 10.8267 5.66372 12.7852 14.8154 10.252 10.2852 9.67996 13.227
194.247 7.35719 14.5114 6.96861 6.42299 8.28543 19.6118 4.32066 17.4516 9.20733 9.66371 8.2695 8.84721 8.97516 12.2145 7.10977 9.97686
178.886 6.22742 11.4817 11.353 8.45884 7.68014 4.79765 8.2285 14.1315 15.0852 7.29239 6.78105 10.3273 8.83024 16.8304 11.6864 12.2106
181.365 21.8609 9.15585 10.643 12.0164 5.46929 6.49518 8.04529 13.0277 9.60232 8.71122 9.59367 6.36432 8.97819 19.581 6.53987 13.5505
182.704 10.4075 10.2313 13.7607 4.805 8.67932 4.55984 11.5876 12.6295 8.0808 8.52475 5.24531 14.6923 3.83577 10.6451 18.6222 14.4479
187.151 16.6503 3.28236 4.59928 9.30946 8.34679 13.6271 6.96863 5.81276 13.7062 5.85651 14.4106 13.3983 8.46107 4.47872 8.23677 6.73717
189.724 3.08864 11.8304 12.8099 13.3361 15.6756 9.32241 6.63365 5.3872 5.35891 17.2008 12.6806 9.45028 10.3107 13.6579 12.6742 15.7465
190.919 6.71688 12.5734 12.751 15.1852 11.2923 5.31747 15.1398 9.14073 11.8068 3.96032 14.9089 9.6508 12.8807 9.84476 10.9886 8.09045
195.691 13.4169 22.251 7.25602 6.95254 9.44485 2.86639 10.8429 11.7767 12.8717 5.5366 6.99983 16.6032 6.24542 13.0492 7.36007 14.4983
187.68 13.0825 5.27171 7.32753 10.7815 12.587 5.22019 4.15668 12.2903 13.9534 6.54423 8.69362 13.0073 7.74656 11.3572 11.0853 17.6534
199.453 6.99222 6.61052 11.4194 10.1052 5.1687 7.07407 3.45012 18.0762 8.05247 5.29356 13.9865 6.93913 5.7701 11.2669 6.71019 16.0149
183.836 4.26612 14.2014 18.5557 10.5856 11.5809 7.55734 5.96988 9.69163 9.14932 5.9692 12.2432 13.6771 5.30986 10.9712 15.1226 10.465
189.441 7.04361 12.0552 7.0341 8.71182 7.85788 13.9367 4.01321 14.2308 10.9729 9.91409 11.3343 12.3663 6.00697 10.4233 15.1975 12.5727
192.919 9.86748 9.92613 7.26322 4.73797 14.0881 14.012 14.1709 7.83335 7.64377 8.60019 8.22447 17.339 5.10155 14.9113 14.6162 22.8886
193.46 5.76727 10.359 10.6742 7.87562 12.6905 6.49469 13.4026 8.04406 11.1453 6.51426 13.7967 13.7205 3.90414 6.76885 6.10705 8.23415
178.847 8.36022 11.7713 6.57114 8.65579 11.3718 10.7668 7.70552 9.13601 11.7747 5.58079 9.58351 12.2468 8.56445 12.185 6.60812 16.4793
193.529 14.5377 12.3565 6.19947 9.46442 16.8361 14.9348 3.43617 9.4255 8.15462 5.23728 11.1795 14.3476 11.0972 6.39101 11.3084 24.3455
181.392 31.7898 7.0942 5.91705 7.33323 10.1738 7.88598 12.0458 10.9689 11.4448 9.14107 8.245 10.19 7.86868 8.11611 20.7382 21.9982
183.747 13.649 6.41726 8.29361 5.3952 13.9664 9.78409 9.29007 8.7493 10.0057 12.3087 12.3093 4.54657 13.1955 6.87534 6.81629 13.3264
185.927 6.77488 11.5206 6.70493 5.89589 5.36743 13.2885 7.30441 11.3243 14.4624 8.51959 10.9547 12.0284 7.74746 17.5325 10.9741 17.1786
188.196 9.74818 6.54647 5.83183 9.80703 6.6802 11.7535 9.97914 9.92077 12.6116 11.538 9.27841 3.90093 5.71176 17.5043 6.99311 8.54107
185.105 10.6483 9.95991 7.77545 8.51956 8.87386 16.8445 11.6785 7.47047 7.32094 8.8413 7.88637 13.0045 11.9494 6.84513 9.30536 14.5872
189.258 4.61099 12.0249 9.19372 9.52214 7.58695 14.6951 7.66637 5.40282 10.8664 13.0297 10.5303 12.7751 6.1698 14.0886 7.03617 15.3145
182.047 12.5782 15.9068 6.2716 7.522 5.77148 16.3979 7.90572 5.73428 9.09593 9.70164 8.83912 12.5133 6.11779 13.1051 17.2846 6.58171
181.806 12.8379 13.4345 6.7695 8.05947 7.69783 3.29763 9.06259 10.5078 3.59822 9.67055 9.95037 10.1117 5.59474 6.66947 12.0675 14.0135
185.024 14.4733 9.49991 15.965 11.8453 7.67589 9.18693 4.17171 14.6627 14.3863 5.75095 5.92373 12.7868 4.91623 18.222 18.8756 9.44974
178.762 3.97564 10.2176 8.25481 6.29765 19.1004 7.54536 2.98541 14.4529 7.65889 10.2177 26.0425 9.38585 5.34691 10.2838 15.5408 11.6246
186.267 5.89055 9.20162 11.316 10.6805 7.18138 14.3344 3.95363 12.125 13.8953 10.7624 13.4823 2.82476 7.64552 12.6646 14.2687 14.5246
177.374 9.64824 9.90006 11.7838 12.8958 18.9625 15.8834 6.58556 11.3886 10.874 7.34141 6.8243 9.68116 12.0484 12.8915 5.53782 10.7581
191.953 5.75632 5.03205 5.26352 5.72181 6.06167 12.1485 3.86529 7.73201 2.88776 7.56386 2.76908 10.5768 12.0684 16.2374 11.9213 18.1562
194.827 5.37849 12.99 14.7838 12.4959 10.9109 4.03299 13.9174 5.52869 11.6973 3.63755 11.4591 10.6587 9.7122 13.5242 19.7201 13.9125
197.143 6.50564 10.1128 4.24349 6.73103 9.53812 4.56204 11.0111 7.4606 7.22498 4.14411 5.37813 6.77574 12.0943 15.684 11.8772 20.1279
197.225 3.85013 8.97469 8.04597 12.4818 5.66739 8.51119 8.1172 7.70409 7.55762 4.21969 9.4317 3.77196 14.5978 18.2509 16.2062 26.532
192.983 11.2143 4.65232 11.3385 4.45379 9.45129 10.7468 4.75885 13.4351 5.3511 5.90842 9.62929 13.2375 5.91344 6.51417 8.02744 24.6701
190.706 19.0606 11.8999 15.5709 10.6072 12.9522 5.72137 2.40385 20.8806 7.90591 13.5598 8.67988 12.185 9.80701 11.5134 8.14102 28.7373
188.509 11.5594 15.5404 13.397 8.62099 15.5147 11.0228 9.564 7.87881 5.96324 10.3168 10.8311 12.3651 12.8129 10.3342 4.42081 19.2986
200.379 6.43409 19.0792 7.55656 5.08256 6.20032 13.3607 8.08809 6.04949 7.80857 11.515 17.599 21.1048 10.3708 12.3454 11.1479 12.0982
185.677 5.84402 12.4289 15.3999 9.94543 8.78911 5.31575 12.891 10.4864 8.31797 9.96085 11.4311 22.2783 14.9444 10.9744 18.8585 12.1686
177.99 8.68484 11.3279 13.8555 14.0517 7.27322 15.073 7.79894 4.90126 6.37375 9.96664 6.11768 11.6303 8.53145 15.8745 18.9529 25.2831
178.032 10.2542 7.78914 9.70376 7.50635 6.30806 14.994 9.6511 15.0071 15.6904 7.73302 11.1332 8.65075 6.46031 13.5623 8.77937 12.4303
188.817 4.38198 15.9163 14.2407 10.1068 21.7249 8.11749 7.83587 13.1346 5.06602 7.70857 8.60409 11.1269 5.84804 8.74402 7.85516 17.8881
188.097 7.57282 9.94429 10.9301 5.76047 9.79605 7.40139 16.4106 2.23077 13.359 9.66449 6.08303 12.6227 10.6847 5.84388 6.80219 12.2807
181.413 7.64266 12.877 2.95198 6.1897 16.7899 12.9326 15.1218 8.23813 16.2103 12.5859 11.3835 15.2522 14.9169 10.4088 9.75066 14.0694
175.865 4.8035 14.9192 9.09345 14.7472 3.35551 7.64056 14.0857 13.058 17.688 4.67307 7.37274 5.05822 13.9768 9.8566 9.21682 12.3727
175.247 3.7091 9.24794 8.38225 13.4324 4.97836 11.9413 10.7117 6.74978 12.4957 10.6564 4.54452 17.4985 9.1397 11.7249 20.1606 19.3399
191.395 6.68527 19.7898 8.80133 6.55533 5.89456 6.46736 10.6567 4.21239 13.8154 9.77035 10.2326 5.75634 7.00609 16.1305 10.1396 11.9268
195.18 5.18205 7.44132 12.3586 12.5348 11.0615 6.26006 8.42477 2.04926 11.9318 7.60475 8.69377 22.781 6.36725 10.9966 8.78944 12.9474
186.902 6.24746 16.6733 10.7068 8.82275 4.85531 12.862 16.0787 15.0678 7.05282 2.64529 8.64936 7.98281 4.70742 2.8624 12.0264 13.6757
191.586 4.20226 10.6952 6.86394 22.323 6.17636 11.8549 13.7241 16.2565 5.36382 13.2955 10.5472 15.5988 5.4391 12.1869 15.8444 16.4309
195.635 15.8197 12.5973 5.18353 9.98457 6.24728 8.89449 12.4693 11.6655 12.768 6.58737 17.1519 10.429 14.8242 3.22991 7.24836 15.9228
196.038 15.7027 10.4311 5.48857 4.96654 12.1357 15.509 9.58092 23.2339 14.3574 3.23913 15.0536 8.91921 6.33818 8.85963 9.87073 18.5175
183.751 16.0779 16.6393 8.17946 11.6427 12.9191 13.5586 7.09016 15.8126 9.60525 12.2435 10.6945 14.6488 7.87724 9.0466 10.5349 20.4211
183.133 8.40379 9.62312 8.34919 11.4281 9.04026 8.52826 6.35261 7.0967 6.87595 13.7282 6.07414 5.83821 12.9904 7.89057 11.3701 13.4696
186.177 10.7165 13.3998 5.67471 7.50412 4.80671 8.95943 9.66275 10.0804 8.00328 8.6149 6.44463 7.03647 5.91393 12.5061 17.6239 14.7035
187.223 7.78688 16.5323 5.57268 10.6071 2.62823 8.69415 19.4175 5.86395 7.63115 8.9211 9.06097 3.93802 9.3015 10.8786 16.3974 22.1946
191.439 10.8698 11.7207 7.02256 9.762 8.04194 11.3207 14.0012 5.20527 5.08686 7.69085 14.1067 8.52619 4.10366 6.29972 2.90239 9.51536
189.053 9.5535 11.4204 10.3416 11.6805 10.3924 14.7218 16.5385 12.1207 7.00634 10.9528 10.001 9.28289 12.9121 7.08867 16.1469 13.2701
195.577 12.0773 4.94903 13.3782 13.7545 4.59817 6.75741 17.7159 9.41732 10.4054 4.70187 7.62038 16.3255 12.5288 15.6017 10.8883 7.30296
194.874 12.3872 8.55914 12.0696 3.78944 12.9734 13.8223 1.09192 7.19956 5.02658 1.08997 6.69687 5.69718 3.95729 14.6975 15.2193 18.4816
176.653 9.89091 6.09918 12.6995 14.0163 11.7195 12.5964 9.65147 14.4117 14.0293 11.8138 7.12987 8.56061 8.98319 11.2842 13.6143 12.8183
198.387 8.14351 9.03328 3.61022 8.68075 13.9736 8.60056 15.4791 13.5851 15.9419 9.96118 8.25523 19.166 14.9455 8.55384 12.7853 12.4388
188.054 7.36042 7.58173 6.71895 6.58468 4.71008 10.4942 7.1008 14.3814 5.83822 11.1455 5.98706 11.9165 4.56824 8.04659 15.375 3.26644
184.431 7.35722 10.1768 7.82732 6.39198 13.562 12.0094 9.02312 8.7301 6.22728 2.70019 10.8849 11.0424 6.56967 10.7697 10.6504 20.8294
202.676 8.48906 7.6277 10.7667 4.79577 6.10521 6.89037 8.45491 8.79642 8.72769 8.37492 15.0378 4.7303 12.8144 7.51261 18.2482 15.099
183.76 5.672 6.40958 10.9781 10.194 8.23395 7.11341 9.77514 9.60186 7.40527 9.81097 7.27771 4.98555 6.58212 13.571 6.9738 8.91984
198.017 6.7188 10.1526 11.8191 11.5257 7.97342 11.4985 15.9708 15.3159 12.5531 7.0008 12.0631 13.7333 3.62914 8.88642 5.50751 21.7136
187.794 8.4581 6.24571 15.5434 13.4723 13.1693 6.223 8.23293 12.2998 7.75179 9.59777 6.74589 6.10339 10.3294 5.47524 7.33059 12.5011
189.056 7.07383 4.00895 6.10099 7.54219 22.6915 15.7706 8.80119 11.1828 8.51982 13.2418 5.42827 9.50736 25.5739 10.0892 6.83159 25.7673
199.533 9.84473 13.5925 6.46926 15.0681 8.36198 6.48459 5.41674 7.45666 12.2197 7.31674 5.30208 15.017 18.1924 11.2296 9.93384 11.2584
187.703 10.3919 10.7753 8.31349 11.1338 6.70772 6.8914 9.79389 5.4897 3.33838 16.4794 5.40993 4.01615 6.27272 13.3788 23.2509 20.8346
187.781 6.58423 7.62638 9.59524 8.90377 11.9279 13.272 9.50062 8.47184 10.4857 4.44803 14.3845 12.9494 15.1399 8.71436 6.98491 19.7778
184.648 5.19413 12.6858 8.43429 7.95527 12.4059 5.96735 7.69372 5.30756 12.4602 11.0618 7.73512 9.48721 13.4488 8.71214 12.0911 21.2688
202.015 4.63652 16.3432 13.3213 9.55403 15.0395 12.5346 8.21804 7.06275 8.46877 7.70344 8.97773 2.93211 8.43936 6.62675 10.1004 12.6937
187.156 8.36075 9.17116 11.5886 9.35178 12.8231 9.02749 8.60703 18.333 4.97067 14.2193 6.18773 1.94043 9.5057 7.8546 9.89091 12.9625
197.161 9.96394 12.974 9.9585 7.16388 12.0361 7.99829 3.15571 8.16355 2.96702 5.73739 5.29394 14.7307 7.90728 11.1474 3.06889 12.8323
193.141 9.09681 9.00923 4.03598 13.7926 15.4038 15.3834 8.97822 14.6046 13.8174 11.7126 9.5259 5.67919 4.07657 7.48215 14.1931 20.7792
192.167 8.36305 4.15822 4.97506 9.46074 17.5018 12.2672 9.31918 11.6628 7.39758 4.71934 6.9929 5.84793 12.0989 10.2455 15.0759 13.4312
187.348 2.74105 7.32623 7.23319 7.13758 5.22728 19.7077 4.74495 12.6662 5.67647 3.44982 10.6941 12.2745 12.1055 13.499 16.1656 15.0884
192.203 23.873 7.04988 11.0479 12.1201 7.20647 9.05899 12.4898 5.68947 7.01445 10.1434 10.2118 6.74626 17.3777 5.2204 13.2463 13.3799
188.896 3.84685 7.55116 7.08294 5.15475 9.00561 10.1068 8.21257 6.86122 5.36826 2.30059 14.7994 11.954 8.63947 14.9869 8.26225 14.1922
188.488 11.9022 8.21676 5.56574 11.1446 18.1117 9.63302 10.2639 17.2624 8.13808 6.11736 7.84622 11.3295 9.26382 5.16338 16.6168 15.285
189.569 20.3954 9.73951 13.1211 9.24597 6.33113 11.4061 10.1905 7.26255 5.30885 6.42115 8.02138 14.8308 12.1276 14.0997 11.7996 17.2433
190.601 5.43873 10.0665 16.2853 13.7805 7.68249 11.4063 4.15134 7.78639 4.39976 5.12152 6.68175 13.8005 6.41583 7.24441 26.1193 8.11732
196.368 12.2735 8.746 7.16755 2.76972 15.9312 7.44462 14.4117 21.94 10.6909 9.63586 9.64619 22.5979 13.186 10.9471 11.3205 24.4177
195.284 26.933 17.3231 10.9528 8.89816 6.59921 2.19196 5.98079 14.5857 7.03649 9.35198 2.74895 9.2919 18.3138 9.79175 16.0172 18.7806
194.721 9.13732 14.1097 11.4711 6.49394 9.47134 19.2358 6.52965 6.80855 7.26617 11.5325 12.2442 4.07586 16.023 9.1172 7.5775 9.49379
191.662 11.4892 8.75009 9.28902 7.38033 9.4697 16.985 11.9948 13.0235 15.1845 17.8703 7.15892 3.85326 16.5821 6.55705 4.67144 12.0485
184.221 11.4448 8.92737 3.34436 3.57593 9.12705 14.2156 13.992 11.5883 4.34511 14.1047 6.37013 14.5224 14.8267 9.08177 18.3974 8.95892
190.484 10.5013 7.94898 4.95284 3.45755 6.98587 12.575 12.205 9.57576 8.52632 10.4251 9.02746 5.28245 12.3453 7.77426 4.14496 11.4863
201.244 8.02546 15.1374 10.4901 12.3686 9.55634 15.8822 10.484 9.3783 11.4093 3.16598 13.8487 10.6752 11.8058 20.5928 7.99143 20.2166
185.959 8.01133 6.41958 6.22066 10.155 17.8476 13.7639 6.59698 10.94 13.4825 8.78527 12.0401 7.94937 16.3764 7.63709 11.2612 12.2725
176.474 12.5962 18.4001 10.7899 14.3511 15.7182 6.16567 7.66351 4.63445 13.7986 10.7928 4.52482 9.19135 10.1476 14.539 14.8 19.2762
182.077 19.6154 9.95703 7.44537 10.1538 6.41184 11.2849 6.42677 13.1739 10.0482 8.66937 7.96373 13.0338 11.6765 9.18262 11.3187 15.4085
206.373 10.1795 12.3928 8.47084 7.75274 8.65017 5.03929 6.70824 7.85389 5.57348 7.49425 5.56584 7.44496 12.2092 15.2583 7.2302 13.117
179.679 8.91419 6.66379 13.4769 13.372 4.31894 10.9197 5.43325 4.8496 6.5898 13.4815 21.1495 9.94912 9.80633 13.3893 10.3093 18.5883
175.137 6.45467 8.32254 14.3848 5.8632 7.86779 7.52688 11.7599 5.30877 12.4242 9.00401 6.92782 16.8837 16.5879 6.1967 11.0219 16.4171
182.812 12.6823 8.52044 13.6792 12.3559 12.1234 10.5034 7.47311 3.40978 12.6748 7.87616 14.4653 7.80364 17.0096 17.5084 6.26465 16.5159
192.49 7.47625 8.32002 8.2094 6.30302 11.4972 12.508 11.4796 9.02058 9.49299 9.70187 17.6035 7.80428 5.63858 11.8685 4.65011 25.7381
169.801 6.27683 4.45118 7.97258 3.65637 1.3841 11.5619 9.67403 3.45239 5.01508 7.04034 9.1159 11.5273 11.6895 17.8127 5.72887 19.519
155.092 9.33933 4.46763 5.74645 4.34882 9.33239 5.34292 6.35153 5.50107 9.46777 6.68053 7.94145 9.34294 16.9354 8.11922 4.71218 15.1009
156.249 7.55362 13.7208 8.17244 6.42072 10.5616 6.87448 14.7194 5.97829 12.5933 11.2669 15.471 9.11725 8.19096 15.0619 6.08459 19.993
173.053 8.30021 13.0897 4.51595 10.8439 5.69481 11.8553 8.8037 5.87598 17.0758 7.39835 15.1597 12.4659 11.2149 7.6478 23.4931 21.1442
173.205 6.1737 8.43375 8.62894 9.62695 6.2483 14.5622 13.3738 9.35515 9.94908 11.7872 14.9344 7.10413 12.9298 7.89336 13.6262 7.89249
173.929 7.88028 9.84561 14.8856 11.4883 8.49954 5.56936 3.46795 18.7751 7.77567 4.53179 10.3519 8.24675 5.68639 11.7004 9.04582 8.46009
187.145 2.97847 5.4101 2.60349 10.6799 10.1309 9.84667 13.896 14.9328 13.1439 6.70412 11.3355 8.18441 10.9613 5.83332 18.7909 9.66449
173.61 11.2048 3.31235 7.37031 14.6917 7.76003 12.1865 3.8818 7.84483 6.59981 7.04117 10.5223 13.282 6.69581 15.9687 9.30558 14.6764
191.695 13.0116 11.7931 6.71471 9.78332 14.3166 6.4464 4.36944 5.6787 15.1657 10.0697 13.5769 9.65868 10.0025 13.2339 10.3719 11.5843
182.612 8.34818 8.52564 8.0158 4.29526 3.01546 5.43837 19.3392 10.6313 19.5086 8.24868 8.25963 9.42131 8.33763 18.7236 10.5095 9.76208
193.794 5.04617 12.8933 16.7655 3.33827 15.7034 9.26159 3.35639 8.9883 8.91977 5.85732 2.57697 11.4139 9.68479 15.1729 16.6771 20.463
186.118 2.52861 7.14986 19.4533 8.14641 14.547 4.75754 14.1241 9.41264 12.9916 4.48608 7.64986 9.60854 9.58892 7.61664 12.5492 18.4666
188.998 13.6846 7.03109 7.45275 9.02418 14.1739 13.84 3.01745 7.3687 2.12936 12.5677 4.22074 12.3753 8.49772 11.0537 8.68485 10.0224
178.294 8.88957 9.15397 8.79378 12.4901 10.4228 14.1625 12.2026 10.1451 7.10447 4.03572 6.26576 13.5921 9.60743 8.47637 12.2239 20.0853
181.817 8.73594 11.1059 4.58947 15.8608 9.58155 6.63378 10.3765 3.84786 9.61276 10.8547 12.576 14.7292 9.24806 8.42037 12.6236 19.9789
189.887 4.87094 7.59742 2.02891 7.40121 14.0111 8.41246 3.7253 14.8895 7.20831 10.0199 10.654 19.6761 5.86457 15.1574 10.6503 15.0847
193.71 5.33722 10.7919 23.3411 5.46762 7.53352 10.4085 6.13731 11.6976 10.4916 8.71669 8.77408 12.8034 15.1192 5.32086 13.7635 14.1146
198.861 4.57328 14.2473 21.5578 8.12034 12.2339 7.72719 14.839 13.585 14.508 10.3154 3.69171 9.01478 7.17531 16.6213 6.92888 17.2718
186.584 6.20296 14.3962 7.65455 6.11462 11.4361 14.0369 5.68924 11.2961 13.9737 12.0734 8.29522 13.4811 7.95834 12.3574 21.0324 16.22
181.181 13.7377 11.0636 8.09573 4.19444 8.0806 8.29681 11.4563 10.9667 9.54102 15.3272 5.83031 15.9235 6.34921 22.5773 7.61736 11.3055
186.82 3.8767 4.00585 12.8067 8.71103 7.94833 2.5491 12.4152 4.00159 12.4414 14.9435 7.11513 10.4823 7.61792 15.4376 3.70248 21.3828
188.97 4.31713 8.50252 11.2075 10.006 8.88849 8.35482 11.2077 4.97876 9.13448 9.6176 3.67707 9.79046 9.61323 12.1447 13.7619 8.38273
185.847 6.44043 9.37681 10.4354 11.0613 2.58646 12.8104 10.2461 8.73601 10.8101 4.45206 9.51291 11.2748 10.4193 17.2435 10.298 20.2142
198.127 18.0146 9.29762 16.6915 11.9723 5.47868 15.2203 8.06323 16.3008 10.254 8.69933 6.51107 9.93944 2.74914 16.0008 15.3224 15.7842
194.703 6.77426 12.1989 7.33077 9.00067 21.276 16.4352 8.55885 15.2303 5.76913 4.02766 4.13111 12.957 6.79032 17.0862 17.1522 17.6131
207.807 6.16619 7.39509 18.6856 17.5174 10.3841 8.8015 14.9267 6.86748 7.03943 10.353 7.53097 11.354 18.904 13.559 16.1243 16.9359
192.889 3.51351 5.68285 15.6512 12.4236 10.5425 13.2114 7.987 7.48142 9.29985 12.9549 7.62526 8.27907 3.64547 19.2315 12.7757 30.5822
181.172 16.3726 13.2381 3.81439 13.5602 7.93175 6.384 3.26466 6.54898 11.033 4.73799 6.27996 11.4476 7.62639 12.2969 4.44862 16.2072
192.556 4.53934 6.4776 7.1103 4.80418 7.66679 10.331 2.82766 7.6725 9.51272 2.40194 5.82929 14.7143 14.4602 7.60218 4.48234 13.8134
185.009 9.42797 9.89446 4.5707 4.90179 14.3899 12.5094 7.03049 7.39263 9.98969 4.99137 8.1225 9.09381 5.23255 9.60884 12.6048 15.1883
187.883 4.99657 12.0307 5.63754 9.35542 7.57802 14.6154 13.5471 1.63884 14.7085 7.83441 13.093 19.1648 4.40483 10.2367 7.27715 18.5951
190.05 13.1834 2.64668 9.92385 8.50097 2.75214 4.77389 12.2105 13.5114 14.8114 19.2214 5.60503 11.9261 6.17651 5.77303 7.31075 15.5151
178.179 7.8749 7.81973 34.8321 5.88105 7.71936 17.5683 16.4571 9.1519 2.78026 14.344 5.80484 6.0823 5.59075 21.4451 21.3081 17.1164
196.992 5.51283 14.4886 11.7896 7.53536 11.4619 17.8967 5.46642 10.7021 16.5595 12.1036 7.75527 13.6539 16.2333 10.3916 15.0536 15.8035
191.574 11.3659 9.09636 15.0016 10.5153 7.53081 8.56335 13.4665 1.14161 8.48138 10.537 7.78015 6.96833 21.6504 11.1207 19.6707 21.374
187.039 14.904 25.8102 14.987 7.58 9.53377 6.90316 6.06668 12.4014 3.29022 9.26511 8.12617 15.7231 10.673 5.73572 15.5642 11.5849
189.163 3.87969 19.8959 8.95596 7.24115 16.8453 5.82322 6.13446 11.4201 10.2898 11.3148 15.4715 11.1325 3.68788 7.80911 11.4262 13.7988
182.965 5.40004 4.95646 18.4318 10.4298 8.5091 6.51502 12.1149 8.8521 10.769 13.5068 9.8541 13.1836 7.73995 11.2145 11.4347 16.1933
183.398 20.7855 11.2519 4.95813 16.5436 3.47204 5.66815 8.7298 6.0199 11.3472 7.19442 4.51736 15.0971 7.85904 13.051 10.1866 14.2803
182.285 12.8972 8.69552 14.3306 13.6028 6.92176 9.47841 13.1554 14.102 4.89218 13.5199 6.65843 5.13212 7.01599 4.67102 9.20203 11.4191
182.146 10.1318 8.48891 10.2237 13.061 8.42983 9.81717 13.2545 7.52548 6.27728 17.4042 7.943 5.13813 16.6875 13.9475 15.499 14.976
182.536 18.4141 12.9829 12.1903 8.8873 10.9688 6.63079 9.44409 7.21967 12.782 3.79689 13.3649 5.81617 11.3066 5.5143 10.9283 13.9935
181.84 12.9949 3.4677 15.76 10.9512 10.7078 6.31811 5.65127 14.4612 9.44952 12.3591 9.71563 15.1 16.7077 14.3447 9.183 14.698
194.147 3.63016 10.6179 10.1538 9.22682 7.19447 16.82 6.65173 4.67181 8.43186 13.9831 15.1644 11.3467 7.4505 14.3478 9.6928 4.58233
184.801 4.95212 6.33681 6.80383 8.23321 12.4388 4.30729 7.0397 10.0758 6.50445 6.46546 11.741 5.69496 12.8732 8.37451 14.4601 15.9135
192.002 7.41242 11.3934 8.69545 8.33229 18.3418 10.9273 8.75594 26.863 5.89714 6.27756 7.13896 8.02346 11.4366 15.5197 12.2202 16.7672
202.723 9.27188 5.10079 8.70883 13.9315 12.0467 15.0184 13.3591 5.06455 6.92133 4.53926 8.52449 19.0398 11.1391 15.9898 15.2094 21.6923
189.697 9.77062 19.7789 8.06258 18.9216 5.51867 11.0094 16.8779 9.80446 9.45141 10.8107 4.88715 5.90051 14.8518 6.49117 13.9547 13.6437
198.362 9.51166 9.83363 12.3575 13.7748 13.4838 10.7735 6.74943 9.85939 8.00589 4.27101 20.4777 4.95498 11.3748 4.90046 12.7826 14.1895
187.866 17.105 12.9608 10.896 4.31605 12.6763 9.67449 13.4577 7.34282 9.35898 8.01204 10.3567 10.379 11.3859 5.91141 14.7777 14.5147
200.162 1.7237 11.2475 7.18881 8.50907 14.7861 6.51268 6.43289 13.2429 3.67576 5.30265 4.75756 6.47169 8.78664 11.5496 14.0947 14.0514
193.007 6.99441 6.08012 13.9237 8.42988 8.9375 7.66136 6.4055 9.25211 4.51964 10.2542 2.09862 7.41782 5.05242 7.2849 21.1042 12.7014
174.687 8.44218 3.67173 12.0838 12.8458 13.3408 8.57045 14.2352 12.8688 10.5175 2.83427 9.68825 16.4383 10.845 9.0313 11.82 13.9102
183.508 2.86087 3.73386 14.9221 18.6176 7.70579 10.2168 13.0132 21.5982 15.9601 20.9215 15.0894 10.4525 12.1268 6.14698 21.7309 11.9859
189.662 10.506 5.92707 5.38781 2.91552 3.87033 8.71255 4.81514 4.64116 7.9485 10.4313 12.536 10.6361 7.51756 9.41719 11.7852 8.72071
181.705 15.8773 14.143 10.4192 3.19254 5.15426 11.9753 7.59543 10.7417 8.94718 4.42817 7.26724 10.4459 18.4057 14.2312 7.80655 11.3038
187.844 9.1808 2.07588 7.67561 5.87487 6.99099 15.6723 7.25458 4.82522 11.5469 10.6076 7.1839 6.82432 4.33026 11.0712 13.4783 9.95808
188.185 12.8078 1.7833 7.30502 14.5433 11.8457 13.6625 6.64049 5.09221 9.75502 19.1933 4.55728 8.88748 9.87992 19.6785 11.7243 28.2288
198.906 9.02443 13.9611 7.13033 15.4098 9.67219 14.6978 8.47605 2.56965 12.0591 5.272 5.75549 6.98742 3.37975 8.92044 14.9114 7.96338
179.193 8.71959 9.168 5.95407 12.9886 16.3167 8.76638 4.77896 10.3091 6.53636 11.7898 11.233 8.19388 3.28346 9.80114 13.2148 17.0624
178.416 5.53982 6.10254 5.01224 5.91237 9.32018 8.1983 5.93586 12.0885 12.6967 7.5213 13.3867 6.66882 9.41117 13.9425 12.4562 22.0021
198.608 13.9716 12.0885 4.49941 15.6018 8.90938 4.29273 12.9007 14.754 4.0186 8.69427 5.82785 6.97633 12.298 17.0961 10.7319 15.8824
198.136 6.51734 13.0292 21.2736 13.026 7.47103 9.65794 4.26334 2.813 16.425 17.8128 15.3393 6.54497 19.7893 17.0993 15.1037 8.58137
194.004 8.12501 8.60643 9.73888 9.52262 13.2688 4.20316 11.2481 7.3155 9.04092 19.0692 8.56173 8.57823 9.13586 11.6987 5.96175 21.1246
185.067 8.37301 11.5753 15.8602 7.60211 10.8677 7.17627 6.21968 4.13782 9.46963 10.6123 4.19245 17.5332 21.2184 10.2462 8.45715 22.2022
205.404 9.79756 20.7069 5.58245 14.0644 10.2045 16.7006 3.19745 13.3654 11.3465 9.05007 3.00943 4.93832 9.47799 3.57565 4.55848 32.3293
184.47 5.93429 14.8254 10.9755 12.8684 10.6368 11.5056 5.11715 14.8643 12.6124 12.9705 10.3984 7.72878 11.5223 11.171 11.4385 17.6822
188.156 7.31141 8.60879 7.99957 14.3938 5.8272 9.46221 8.77482 13.8576 13.1473 10.8579 2.12821 6.68144 4.67975 7.49769 14.4659 20.5525
181.62 10.1798 8.3235 9.4001 9.80734 3.9329 25.2396 4.53992 7.65212 6.90047 12.0157 6.67377 14.0945 13.8515 17.2627 2.7729 8.31464
181.982 8.56415 10.7446 12.4972 10.2184 4.57599 8.75988 9.22034 12.0357 4.3756 4.34992 13.571 8.155 3.84991 13.9997 13.3845 14.0012
176.249 5.80085 6.64531 6.19011 6.93152 9.48918 12.1635 12.8715 6.45636 9.19905 9.99298 8.6136 8.55287 17.4141 11.8544 8.92816 15.521
200.578 17.5045 5.56803 4.73219 5.3367 8.69774 13.0436 4.29466 14.355 3.38858 8.80596 9.66323 9.08867 5.62329 9.43339 9.07729 15.8328
185.734 1.57542 7.33314 15.2758 11.7598 2.94492 19.9816 15.3525 2.54836 11.4383 12.7616 10.1496 10.3147 10.5752 7.18125 8.6302 8.52968
193.364 10.6138 8.63668 9.44727 15.5274 17.0464 20.0777 9.38217 6.01034 10.8558 11.9178 9.98868 12.683 7.41228 8.48683 10.5788 7.24588
187.297 7.95807 5.35217 10.9285 21.3312 6.03665 10.7698 7.88822 17.1675 11.3168 11.2142 16.4658 4.0735 8.48927 8.33066 8.56602 8.42772
200.924 10.9453 11.7255 16.4547 15.0296 11.784 15.8438 8.20549 12.865 10.2256 15.7218 6.9318 8.62072 5.12712 3.69691 11.6474 10.6729
214.868 14.2049 14.7209 13.6328 11.7623 6.42144 7.91914 3.82403 9.36913 17.0451 12.2728 3.93759 3.67285 9.93628 8.96971 6.39355 11.3463
200.466 6.70009 14.996 14.7699 15.7285 3.1085 8.29777 7.50617 20.4932 7.89415 9.63352 5.62874 8.1295 6.05727 16.1688 6.29005 5.60093
195.495 14.303 11.7578 8.43202 13.4115 4.1663 9.88641 9.51264 8.55593 13.4946 8.98872 2.44864 4.37224 8.50446 18.5779 7.10874 8.83383
198.894 5.32857 11.4526 9.75727 3.34363 20.2778 7.10974 5.25053 5.3351 10.9791 12.3798 8.58813 19.673 9.11629 9.13252 5.07214 12.9591
187.405 10.5782 20.3907 14.0508 12.9258 8.12762 10.8241 7.39308 3.71147 7.34526 15.3299 11.5034 12.5142 12.593 14.1738 6.35587 17.26
192.995 11.2695 6.93192 7.57412 11.1476 7.98106 5.60492 5.40817 11.586 9.66885 4.56871 18.5196 4.43053 5.41475 10.9262 15.9805 27.1
195.429 8.53198 7.81031 11.8914 2.03286 7.41519 10.8932 7.22598 14.2058 3.96174 5.614 7.82071 3.77172 5.71326 10.1755 17.4203 14.5778
191.935 9.84219 7.47225 12.4854 5.51858 3.96854 14.3716 9.39201 7.74114 5.58399 6.80757 15.1368 5.75326 5.82151 2.86998 9.86332 16.1702
187.442 8.3349 12.3215 3.41656 11.3417 7.4966 18.7853 6.45633 6.14927 7.88134 5.36541 7.52323 13.2065 4.6551 9.35431 13.8382 12.0596
182.312 7.40747 8.03613 4.17357 12.0706 6.59629 10.9462 8.27559 11.9767 5.12283 16.1443 3.93102 3.82244 7.66874 7.01755 10.469 14.0239
195.043 14.0028 6.79024 6.19762 5.53171 3.92578 19.4814 10.4515 8.16766 9.56906 13.2722 9.11853 7.28021 5.57405 11.6902 9.34559 11.2457
196.057 14.1294 15.1029 12.9295 5.04951 13.2195 4.35302 13.291 14.2607 14.266 9.30478 10.3222 4.09376 18.8688 10.802 9.98461 17.0329
197.699 5.91442 7.58501 6.96798 9.35873 8.09324 7.92844 4.88759 6.09699 8.25252 5.32877 11.1433 15.7996 11.6526 15.7106 8.28779 14.0034
192.423 6.97454 9.69806 14.555 10.1338 8.05946 14.3733 11.4217 5.57604 13.3927 9.14447 19.7424 7.95623 8.43621 26.7704 11.2651 14.3526
186.069 5.98857 7.94364 4.08175 3.88977 7.22704 16.6668 16.0355 14.37 7.71796 8.81263 8.07057 7.36618 13.4903 7.68031 13.8654 15.3053
187.754 9.82237 8.81844 11.2308 10.4731 7.35345 17.504 10.2746 11.8559 7.62199 4.31751 13.0668 9.68132 8.42267 12.6377 14.9546 20.4022
185.178 6.71282 5.30087 7.9809 9.97822 9.47378 9.476 8.11915 13.111 4.78155 3.23523 4.27464 8.13504 10.534 6.07146 3.79586 8.78416
179.655 6.53307 4.49722 8.72839 11.9742 14.0846 3.97737 11.1098 5.21803 7.96369 16.617 6.5686 6.62406 14.8417 8.14834 7.85445 21.8081
196.567 9.15761 5.26308 5.63433 7.46686 11.1727 25.7298 9.51709 15.213 9.83163 13.6853 6.5686 10.9329 5.81188 7.63535 5.27763 13.0654
183.748 4.18084 11.3785 9.31122 10.8145 9.16429 10.7959 12.9725 7.25397 11.3711 8.36686 10.4204 3.79543 8.41273 7.29796 8.71959 18.8028
185.415 13.031 8.77922 4.99674 19.1908 11.2953 6.21768 7.92707 11.7253 5.9912 7.14968 18.1595 12.1274 8.53953 16.126 10.123 9.67894
187.444 5.13058 7.21933 9.37657 3.10014 5.47232 9.36452 6.65329 12.8118 6.17181 10.225 15.7023 7.7427 9.63911 9.60343 8.81308 14.8382
179.128 6.038 7.54837 10.6957 2.84222 16.8483 10.0433 4.47306 6.29975 18.1438 7.56452 6.53079 4.77128 3.7574 13.1763 5.35955 15.5669
199.088 7.46023 12.3445 11.6624 5.4991 8.17756 12.0669 2.5638 8.06648 6.86595 7.72623 13.0266 8.10446 21.4046 12.3861 9.59371 18.2945
190.955 11.6157 3.96956 10.8639 9.66638 8.22469 7.54902 6.78522 14.7407 2.91419 4.42185 12.9762 14.4938 6.35484 13.0742 5.60578 17.3374
188.192 3.30137 7.83985 9.57939 7.93298 8.14858 18.7973 15.753 8.66533 11.4491 7.59523 8.46042 13.2904 9.27427 15.9254 5.34651 3.80818
174.465 11.0094 3.11651 8.17729 12.6829 8.37822 9.57395 10.514 4.91783 15.3116 13.2536 11.4009 13.3378 10.4485 16.2041 17.9386 15.851
187.236 15.7982 3.14247 12.1626 13.7105 5.56325 3.12446 7.83782 5.34374 4.99553 6.45016 7.04805 13.2676 5.66772 14.48 17.5626 14.2671
200.012 10.6039 3.14971 15.6901 6.44518 9.94175 11.2599 11.3497 7.2519 5.72366 3.55169 7.08842 12.8986 13.2572 13.6092 14.6231 9.59551
186.01 8.19144 9.80772 17.992 10.1297 9.5231 5.84367 10.6083 11.7839 8.31517 13.1629 7.64996 14.4476 6.58186 14.8116 11.9478 19.4011
186.097 7.77963 11.5015 14.8962 6.90566 14.0345 15.3185 9.68845 10.7496 5.41072 9.75169 9.24101 14.4684 17.111 14.5217 4.55445 14.3885
187.023 5.11128 11.5092 10.3769 7.11474 6.56371 6.41429 5.74044 9.19352 6.2826 10.8901 17.5585 12.1567 10.9727 15.5 7.38415 27.8058
184.95 13.2185 9.85131 7.77324 9.51711 12.4118 8.26239 6.23854 18.4044 5.88189 6.94191 11.086 2.71522 12.1284 12.1967 13.387 10.637
192.059 24.3148 16.8295 16.9933 9.02487 5.38099 16.4428 4.24446 5.62941 5.64711 3.11485 7.71523 19.7747 11.9606 14.1864 1.66815 14.2053
191.809 16.062 12.7504 11.728 11.2759 8.39214 15.1188 9.92116 16.1443 4.17598 10.1174 8.01738 10.9832 12.8991 17.6471 7.75506 20.4006
189.568 10.0091 5.29863 14.547 11.6913 12.3212 12.6465 8.85192 7.26577 8.29286 7.66671 6.22476 12.2562 10.126 14.2293 8.23091 15.247
188.234 7.90131 14.4891 6.78199 6.89598 5.30588 3.54146 19.4675 13.3658 8.05742 11.2348 14.5089 5.69887 6.92322 9.04309 9.34213 15.784
172.531 4.3053 17.8971 6.56117 7.2953 8.41858 3.54503 7.90638 16.7834 7.53982 4.08265 9.83322 24.5266 5.69716 11.9226 14.321 17.7287
172.342 6.00081 8.22961 4.0266 5.77592 11.9733 5.75439 10.3119 15.2671 22.5554 7.24333 10.1177 6.67698 16.4815 23.5266 11.9289 19.658
171.006 16.5436 11.9761 11.0639 5.274 8.30391 10.4559 10.813 10.5313 7.5908 1.73341 9.00783 10.7373 14.8589 10.3775 9.86731 17.761
195.48 7.7792 14.8357 8.33272 12.3836 12.0578 18.9315 10.8768 6.3123 8.03392 9.37629 4.10025 8.81929 6.66793 12.9205 5.82355 20.6556
191.133 12.9446 11.2354 12.6892 16.7009 5.66441 21.7977 10.7271 12.0483 3.48349 3.08337 3.62872 5.95652 11.2849 22.1079 6.52129 14.4694
192.191 15.4778 7.86425 18.4526 20.4054 7.94469 20.3398 10.8455 14.8243 13.579 7.2774 4.89388 11.9264 8.18858 14.0328 4.34643 12.6605
185.288 14.6925 5.72615 12.2031 6.75898 21.4792 10.4544 9.14129 4.05844 11.8225 10.6018 4.93733 10.6038 9.4352 7.05217 6.06419 8.63058
168.804 17.7721 6.98964 9.5894 17.2061 8.67489 9.48088 9.94095 7.28464 12.1373 5.87399 9.95007 9.53684 12.0866 11.3563 6.06419 12.9177
186.353 11.8301 4.95053 12.2504 3.50823 7.78836 10.6451 10.5012 12.443 6.10783 9.04327 13.3053 15.9822 3.73706 8.17458 6.67991 10.4143
179.634 10.3146 3.86651 18.5668 10.1138 7.79585 15.4623 18.3855 3.71866 6.64708 13.2311 2.84997 13.0633 5.8482 14.9885 6.30045 14.1402
178.52 6.38766 9.00779 7.42964 7.91507 4.06549 13.0471 9.70969 9.08252 20.1016 9.58479 9.12703 9.62744 7.66445 16.9018 22.177 14.133
171.74 19.7004 13.879 6.32511 9.57159 9.66896 5.63391 6.22087 11.1441 21.1965 10.1924 9.74435 12.9909 12.9195 9.56349 10.9239 3.98325
185.949 1.94442 13.2126 8.81629 7.15807 3.43224 6.97412 11.7827 14.2322 13.9409 6.99041 8.80638 16.3446 8.64425 8.1916 11.3562 19.3246
187.738 12.9888 9.0122 11.7916 6.89762 2.63359 8.33876 6.39116 10.6839 15.723 5.07289 16.7319 14.1255 12.3933 6.80491 8.99165 14.7637
168.37 7.61139 11.4115 11.9559 3.38913 18.9175 12.0444 7.30646 13.6591 4.77789 10.255 4.25626 17.6386 13.4577 15.5035 14.6461 22.913
176.181 6.98457 7.68444 11.4853 9.2245 9.75899 8.66504 9.25867 14.1899 9.6037 7.94161 7.53633 17.1112 7.96574 10.7331 9.74407 11.4463
190.944 18.6623 13.1867 10.8419 7.64896 5.47892 21.566 17.397 13.9468 8.43194 14.2612 9.4426 7.46063 8.26628 22.3596 17.914 9.11413
189.129 10.6466 6.76314 8.5301 8.09747 16.3885 8.33012 8.08531 5.75899 4.50565 14.4458 5.51371 13.3048 14.8299 16.3318 9.66569 18.3903
188.016 6.65656 8.25403 14.8899 6.0415 3.46161 7.07366 23.9128 7.26625 3.78972 12.4956 11.4123 15.3062 16.1576 20.5041 8.30408 18.4157
176.062 16.7061 14.4933 10.3888 11.3105 9.31873 8.42778 13.9723 8.32162 9.64456 11.2687 5.01892 13.5584 9.56611 10.3031 6.34096 12.0194
189.259 9.72643 12.3971 7.553 11.9317 3.88682 8.91465 8.33216 1.98341 9.37516 8.23631 7.04114 14.4163 9.71353 11.7084 8.40405 22.8667
189.601 12.6458 7.08208 9.14674 15.1947 18.5859 8.67193 19.2816 7.24935 12.1597 11.3193 5.91475 15.8508 5.48289 13.6745 14.0702 10.8536
195.83 11.4244 9.13353 13.5751 9.75364 8.44433 11.9869 10.108 9.68148 14.8353 9.91865 7.36198 13.354 12.6022 7.23062 10.3937 11.3143
188.716 15.8558 10.4468 16.589 12.1477 8.85795 6.60409 9.62338 12.195 11.2187 6.18822 12.8455 12.5517 13.7722 21.0047 6.2713 14.9383
176.653 13.4402 3.98291 17.8467 12.3196 3.97223 13.1059 18.3075 10.7624 13.4268 5.01767 4.49995 4.62618 7.40315 9.3105 9.55189 31.9332
194.228 7.4942 12.6462 7.45399 8.71466 6.67084 13.8273 8.87557 9.11539 3.79648 6.79851 4.52218 11.4722 17.472 13.744 8.3081 22.7135
190.586 14.8614 11.7339 7.69416 10.164 6.13039 20.9364 11.3637 15.9051 14.2733 8.85229 9.61998 9.96034 9.77205 9.57012 13.4322 19.9472
184.437 16.143 8.27613 4.28111 7.16759 5.77081 7.46013 22.2422 8.80008 15.2802 11.6988 5.62607 10.1672 9.32915 15.1448 8.41832 8.48151
181.496 10.5584 15.1409 17.1237 6.78413 4.28325 13.39 4.42911 5.57915 7.16393 7.12608 12.4177 20.3656 14.7115 7.17295 4.2786 12.0464
190.63 10.6241 10.5336 11.8798 10.222 3.39984 8.32828 12.6372 9.73783 10.2094 5.10074 15.5298 5.79524 4.45032 9.74894 13.4561 11.6125
182.426 5.13785 4.49232 13.7784 6.30967 5.78497 10.1591 15.8786 9.00862 12.0711 5.93023 10.5859 9.51953 9.31642 10.4941 20.8336 4.95633
193.494 5.50294 9.55287 8.22316 8.25638 4.06543 12.9726 10.1966 10.9539 5.10069 4.34325 6.7357 4.97764 11.3975 13.2729 6.21251 19.9055
201.049 13.8535 5.87985 6.7258 14.0304 12.6968 8.33073 6.30396 10.479 6.93633 11.0256 12.1537 16.3632 6.97754 15.5785 6.49197 21.0648
189.782 9.72393 11.0558 3.97984 5.15224 2.97064 6.28338 6.1482 4.84651 11.4652 5.24033 12.5958 18.1401 9.26077 8.04658 16.0558 17.969
183.89 15.6319 8.02015 13.6518 21.2927 13.7808 8.08439 4.67908 4.65668 6.38261 8.60731 14.6203 9.38161 14.9333 13.8624 16.5741 11.7515
185.756 7.50114 6.40607 10.2017 13.5347 8.79253 9.7754 10.5548 18.1894 9.10107 2.79209 8.65052 8.75395 19.1016 15.6143 13.7795 8.16382
187.289 11.8634 1.81174 11.9619 11.2142 11.251 7.39125 8.48144 13.4755 5.28645 10.8148 7.17045 11.7987 6.41975 12.8892 13.7117 3.87867
167.134 6.43006 14.3393 2.46027 8.9412 11.1621 3.1071 12.7755 11.539 3.6057 17.2981 12.208 13.7811 9.56889 6.00201 7.03404 13.7675
173.434 11.8946 10.4157 12.5073 5.50636 17.9363 17.0917 5.21278 7.84451 12.945 5.13992 10.8483 3.62913 14.1423 8.03618 8.99649 14.0046
183.222 7.95146 10.3421 12.2185 7.0386 17.6456 16.6637 17.3986 11.7771 14.578 10.0463 11.2381 12.0877 4.16688 15.5688 15.1274 19.7615
198.433 7.88123 14.3026 9.39071 14.8992 6.87938 10.7867 4.42745 8.47783 7.27748 5.1152 7.7287 9.05817 13.4518 7.9916 14.7153 13.2966
194.94 10.4668 5.41706 14.689 11.3013 7.81091 7.08923 8.06352 10.8741 12.1182 3.69995 11.5463 11.3856 11.6916 9.85926 12.0638 12.9538
208.137 17.9872 3.69972 10.3373 9.80032 17.8175 12.4019 7.57531 9.37717 14.566 3.15535 8.9345 17.0567 16.0567 11.505 16.1217 23.5501
191.915 8.77177 6.19877 12.9042 20.675 16.0856 12.3164 6.56704 5.90475 7.85174 3.51423 7.20712 8.94027 11.2627 10.1796 12.9876 7.57016
204.148 7.7978 6.83275 20.7212 15.9535 11.9926 9.95623 5.00397 11.0731 10.0143 11.5037 9.47458 8.39379 9.8605 7.91028 5.01148 6.14776
206.823 4.43082 6.94628 10.3595 8.00697 9.32048 13.0271 5.81869 17.0765 4.85322 12.7605 13.0641 5.66144 10.4072 6.86797 15.9946 20.8227
207.342 7.65749 9.43901 4.55597 5.43115 6.92688 11.7721 4.28217 7.05782 6.60378 4.64853 9.23037 4.18553 11.8887 10.7483 7.83021 10.6872
183.749 6.43725 7.73117 5.13683 10.8995 9.35121 11.4665 14.7214 19.4217 10.9683 9.02342 13.6735 9.54455 6.7811 15.1973 11.3345 7.51865
184.461 16.9974 4.41628 5.06227 5.20618 18.5677 13.43 8.5683 5.86561 11.4484 11.7658 6.3994 8.9246 10.3529 14.2032 12.0404 19.4877
186.451 16.0953 6.8083 16.3834 6.17008 5.07786 11.2314 6.50234 10.025 5.37936 7.19866 11.8165 7.551 10.6042 12.6538 10.8361 18.1451
177.059 12.2237 2.21586 9.75155 6.04147 7.1627 18.1687 10.2465 7.0407 4.0244 8.96034 9.89381 9.94592 4.18216 16.0709 9.89332 10.969
173.012 9.68456 5.58026 4.23845 12.3792 9.06864 14.3558 8.7017 5.9991 2.99107 24.2726 10.1706 11.3706 12.1478 7.16384 7.04414 16.1806
178.74 3.85012 13.2012 19.0548 11.6855 5.88762 12.7116 3.89638 7.3376 4.04319 10.2872 10.4332 9.22438 8.07685 8.2936 16.9174 16.6383
191.114 12.7701 8.71918 7.27086 14.264 14.3339 8.87325 6.31597 14.1556 9.55885 9.06421 8.34906 9.39181 8.54568 11.1575 5.97836 13.5004
184.625 7.5481 8.41605 3.78194 4.26609 4.38455 17.3451 13.0324 15.2337 12.0753 6.17539 18.4999 7.70721 12.5203 8.66072 17.9124 19.0582
175.191 6.43384 9.25461 13.4315 11.208 16.1625 15.1374 7.32258 6.98998 7.86179 7.86981 8.53762 8.33182 10.726 9.89454 13.948 8.07805
204.65 6.90145 8.16449 7.89859 4.01707 14.2923 9.58771 14.4318 9.80298 7.12979 10.9769 9.73749 5.78734 11.252 10.8264 6.44229 13.5934
204.084 4.06087 11.0945 3.70626 5.83195 9.31554 9.49593 6.80448 19.6732 4.04245 12.8095 12.7281 6.7626 15.9066 12.2191 8.39288 10.3558
208.307 6.71121 4.74472 12.3482 17.7585 6.7438 9.36536 3.36762 9.96422 5.69326 13.8369 5.90443 15.3837 1.48436 5.31746 4.76328 21.4782
200.68 4.51765 17.6746 12.9957 8.52055 6.28267 19.5108 3.4003 9.72718 8.24557 11.0437 6.69864 18.3449 7.1602 7.63791 5.99502 9.68241
196.424 5.79644 11.7157 6.02278 4.78874 8.7606 8.87579 16.8633 12.8923 8.94462 18.9614 5.2116 10.0301 10.6399 16.1282 13.9994 14.1821
198.494 11.0023 12.9148 11.023 11.5727 7.91073 14.6771 7.70995 9.64658 9.83372 7.07517 10.4041 8.23341 10.2002 10.2695 11.6987 8.69402
196.265 6.02777 3.151 10.4079 12.3579 5.04738 10.4506 6.77051 8.11193 8.79643 8.33778 4.89863 11.2092 11.6651 3.79718 15.9984 14.4005
195.921 14.6827 9.23932 4.10305 7.22429 16.2195 10.9136 2.13959 11.6669 3.51669 8.02973 9.13454 2.93265 10.9861 12.8027 12.2389 13.9135
196.829 10.0877 5.13256 6.45826 3.19876 14.2027 7.84664 15.5668 6.33938 7.45835 8.5273 9.9571 20.69 16.0027 9.45376 14.3502 7.24511
193.048 6.20047 7.41431 12.2664 3.44604 6.68581 12.9538 9.78519 16.6868 12.4188 8.43557 14.527 12.7133 11.5125 12.3395 6.2986 14.1014
177.888 5.72221 7.49247 14.2721 8.62843 13.3863 6.45814 19.1026 10.0506 2.80368 13.1452 20.7309 6.76364 8.91339 12.9189 12.5676 10.021
187.264 4.44688 8.24543 10.2354 14.6688 12.9756 22.2187 14.2715 8.50356 10.52 8.59972 18.0989 7.4067 10.9853 6.48987 8.26762 13.221
200.416 8.88314 5.44026 16.9913 10.066 13.032 13.4171 6.58139 8.36966 13.4321 5.76028 9.29418 14.9633 9.77919 8.13538 6.73839 15.0282
198.924 11.3231 6.64556 14.9513 9.59481 12.0678 14.8738 10.5135 7.91943 5.676 14.8864 6.76367 7.25099 9.966 6.46977 9.43394 14.7425
190.753 8.80079 7.12836 9.49244 12.9056 6.6189 11.1421 8.00758 8.97942 10.1615 9.11235 10.2385 12.2033 4.16396 8.08038 12.4444 7.22986
187.579 9.8759 9.78305 7.22129 10.1004 24.0451 6.25169 6.95007 7.31788 14.8326 9.61677 2.6924 16.5123 4.96577 6.57231 7.78148 21.6327
185.154 3.35276 8.14338 6.48401 10.1407 10.6057 4.63795 6.75803 14.2707 10.6908 11.4184 7.87706 14.6375 15.9276 16.0952 16.8931 10.4356
181.951 12.2801 8.32655 6.39356 8.46498 7.18028 14.2636 2.42548 9.7885 14.9824 7.95509 13.6794 17.0825 12.082 11.1342 11.9693 13.0551
190.204 9.05892 8.34793 10.3243 6.22972 12.515 4.1678 6.18937 10.1785 9.25723 3.47875 9.50536 5.40104 7.43058 5.25003 8.84444 19.9072
193.538 7.03294 2.46752 10.8238 17.8053 6.10694 5.48176 10.7822 11.0517 8.31226 12.0302 6.10869 4.31099 14.336 6.61989 12.4503 19.445
185.801 8.27849 10.4089 7.04702 7.34928 6.32384 7.72871 4.98617 4.86071 10.7779 6.0561 17.3284 14.7904 10.6982 10.0964 11.3312 16.5067
179.235 5.32335 24.5553 9.81432 8.15979 12.4376 12.8965 9.9599 10.4465 7.97751 12.1782 9.0042 8.04631 14.6721 13.6006 8.68372 27.1705
182.858 18.7641 18.7841 8.76983 13.6005 11.3776 15.8669 9.71167 14.2326 14.1555 8.27183 6.44962 6.60312 8.95607 9.88446 9.06617 13.8861
173.526 5.99438 11.2481 14.8397 6.24289 13.8618 13.4039 14.9759 10.8742 10.7 8.17654 6.4051 5.50483 18.1821 8.43386 7.64411 14.3336
189.544 5.68684 8.27944 20.5204 7.88441 9.12667 5.05064 16.2379 5.05653 12.4652 7.96037 5.8834 8.86249 8.44434 14.6587 10.3093 8.23891
203.002 8.27338 9.2555 7.77004 5.84325 13.2507 18.223 13.6455 6.99216 15.761 10.669 3.47643 15.6887 8.46743 13.9096 10.3695 19.7016
193.815 5.75436 3.56515 11.5678 6.06765 14.7184 7.9201 5.42985 8.48089 8.14823 7.8782 5.05802 14.1571 10.3194 11.3336 18.1678 6.14736
194.518 8.6131 8.01413 12.3498 7.00598 9.232 8.41613 14.8723 5.1019 12.1274 4.81285 9.29977 11.636 7.24966 8.85488 13.3898 17.9205
184.895 9.95981 12.3199 13.6448 3.20071 7.56229 12.2389 6.06902 8.77555 10.4607 6.38143 9.95433 8.43895 10.1088 13.5936 16.9363 17.7241
192.208 9.89465 7.92873 2.70212 12.028 1.88901 12.5701 20.318 4.92611 12.8347 3.29125 11.1826 20.3473 10.0808 14.387 7.56645 8.56978
191.167 9.16096 12.4433 19.924 9.42356 7.23182 8.38659 7.30626 9.67735 7.47148 15.0195 17.7039 11.0627 8.70289 15.0987 11.2942 11.9799
197.73 13.7335 11.4411 10.0455 3.32656 10.5313 11.2682 8.32138 6.44203 5.56986 6.73388 10.9473 15.0552 11.3711 15.4164 4.72787 14.5244
185.605 4.38386 6.32914 11.6722 7.44447 7.84344 9.11594 8.02013 7.18222 5.53439 13.6056 7.92383 3.61061 13.0374 14.9078 14.1645 21.0453
193.87 10.9635 15.3846 5.37077 8.61514 16.4127 8.5368 7.16447 8.79815 7.77096 6.20646 9.77109 10.2515 7.63355 11.2617 10.8925 18.5194
186.451 10.6485 15.7253 15.1858 4.50038 15.7087 10.298 6.46789 6.75638 7.25501 12.6395 5.64965 10.2651 8.19115 9.0515 9.14567 16.0854
183.588 12.8755 7.49995 3.02865 7.90424 8.80379 9.60152 5.07932 5.60583 8.31359 12.5455 6.54917 8.66771 10.8778 4.64136 19.841 19.7791
186.509 9.83025 13.6821 9.26047 8.00946 19.5632 14.5371 6.24173 7.81701 9.03446 11.2527 2.89931 11.3066 2.78354 14.2084 7.55554 5.17685
195.717 9.52699 11.7338 4.37827 10.208 5.66324 11.4369 20.3323 10.2677 7.57451 8.33321 8.66773 6.0996 5.08919 8.0605 6.01783 3.51088
202.7 17.8846 4.6644 9.71851 4.40827 11.1319 10.748 11.2087 3.8266 12.9013 6.82658 8.91376 9.98426 7.77557 5.55764 15.6581 13.9352
192.994 5.88466 14.9837 11.9759 6.74629 12.4231 12.8395 7.71719 21.7539 6.81352 7.76573 4.26712 5.90122 11.6522 11.3098 18.5897 25.0344
199.738 7.87894 8.1901 12.1259 4.97826 4.85593 11.8407 19.0128 4.09808 5.84592 6.86024 6.00461 8.12201 4.64555 10.3737 20.4135 12.2483
178.238 12.9628 16.7612 9.12367 10.3172 7.88121 11.9862 7.89072 15.5179 6.87436 1.79961 6.63008 8.74542 6.16832 8.70385 5.4229 11.2574
193.179 5.79808 9.05231 8.44617 11.2209 8.64372 4.93569 16.3107 15.5701 11.1115 13.8217 10.3066 9.17326 3.61018 13.5349 4.57971 11.5995
194.49 7.47521 6.65794 6.17529 5.64725 7.75868 6.9752 8.0295 12.1229 7.08578 10.6229 9.43823 14.6971 5.82292 8.37202 9.97217 12.279
186.503 15.2066 18.5556 4.93001 10.173 3.62881 7.5032 9.02389 8.77152 5.78228 6.80929 6.21636 11.2958 12.5636 10.6909 8.76999 20.2039
187.227 10.8143 6.0732 7.4263 11.5437 10.3444 5.23275 8.14767 6.21588 9.09407 9.39231 9.33745 7.75836 9.43236 5.85788 9.85463 18.0591
201.54 3.02152 12.0673 7.20167 8.20546 10.2045 18.3428 9.57989 4.04162 12.6464 8.82165 10.3345 9.70511 4.54654 11.7332 29.6858 9.32002
188.223 6.47707 4.65343 3.8747 10.028 6.19122 12.8721 9.4689 7.53575 5.22473 18.3825 5.22759 21.8685 11.8321 14.09 4.65012 24.0565
182.43 15.9818 4.77815 3.66008 11.8031 3.03247 9.16096 13.2147 10.4624 7.35509 2.85988 11.011 11.0394 10.6347 6.05401 13.2294 23.9432
176.06 6.57909 13.2744 5.94148 7.92368 2.53728 7.07182 13.2155 10.9685 6.23158 12.5751 10.2016 9.7752 14.5121 19.4664 11.1509 16.1125
179.999 3.80713 10.9957 9.27273 2.25644 7.57391 12.2116 5.87918 7.67271 7.93526 10.4262 9.74 14.8286 7.56252 15.8704 11.9874 20.9113
173.373 5.82988 4.96533 8.23865 11.2693 16.5387 9.54354 25.9816 7.20736 9.63985 12.1928 11.3326 12.1758 5.63561 11.0631 5.9218 13.8679
183.189 9.51901 7.72406 6.81777 6.2749 4.20451 6.34665 1.76617 9.00856 5.50029 12.1741 14.0204 4.91167 12.2805 14.3773 5.24345 13.1303
194.41 4.19476 11.1218 3.88395 3.89079 16.3062 13.1892 7.43175 5.51435 7.75985 10.1884 13.0855 8.14485 12.5255 19.3909 7.81882 16.0727
184.698 11.3131 10.0766 15.252 3.34869 5.5099 8.8008 12.3705 7.3001 13.3906 7.54459 14.6935 8.70848 12.275 14.8878 4.9212 13.9619
187.169 11.9647 14.3154 15.2799 15.9919 13.5037 3.94992 14.6037 18.4156 7.49198 6.96301 9.53766 8.47501 12.0788 14.6639 11.8602 17.3335
188.514 5.58493 7.41185 10.1321 9.79615 11.774 5.96434 3.03774 10.5329 12.0587 12.6771 5.57511 24.5843 13.7827 9.43693 6.49809 24.6248
187.608 5.35934 6.01033 4.53714 17.1005 14.4742 10.7873 12.45 7.31513 16.9917 5.10112 9.45923 23.2917 7.39829 15.6441 10.1234 25.9434
182.01 7.09112 9.36704 8.21183 14.4619 18.2005 7.25375 14.9355 11.9122 9.6136 5.73092 6.85288 16.5997 8.63228 5.25586 11.6051 20.0596
185.387 10.367 4.39236 23.8104 13.5626 15.5702 7.09031 7.14371 8.96014 7.85517 8.67822 7.9149 13.4521 7.75537 11.4383 15.3196 23.0937
175.793 9.83927 21.0398 5.49664 4.42748 6.50293 11.7596 7.87013 4.25138 6.10775 8.14286 7.80463 11.0546 9.57437 12.129 15.2152 20.9912
178.286 13.4584 15.4414 7.25927 12.9063 12.0064 10.1404 12.3921 16.7893 13.3167 10.8128 7.55282 12.2422 9.29872 10.7772 19.0034 7.98251
179.644 6.98529 5.61311 13.5899 8.19437 10.234 14.8869 3.58945 11.9597 6.76555 12.1303 5.61702 11.1571 6.0038 15.7078 4.35469 19.0866
186.463 9.36259 12.3396 15.1639 15.4984 5.77035 15.0049 9.65758 13.3899 11.2374 4.60494 12.2518 9.20056 4.08506 10.9068 14.3606 10.0175
192.639 6.78457 19.3631 22.5622 6.48838 13.4321 10.1584 19.4061 11.4606 16.3709 5.91376 8.28238 7.31498 5.61557 9.73104 9.33312 4.56109
195.778 6.77421 11.8113 13.1757 9.05552 9.28618 6.56857 11.1538 10.2435 8.73611 6.55973 6.98988 12.4274 8.48869 14.086 16.8039 10.0117
196.758 7.64518 6.78565 5.65059 7.04816 9.63113 3.65705 6.74735 11.4518 7.3248 6.63654 7.1274 11.7257 7.47692 13.3851 12.3137 18.0621
202.081 14.6835 7.26128 10.0811 12.1759 10.1067 7.79942 3.88312 5.46636 9.50255 5.48938 7.84313 9.05965 13.6024 15.1265 7.45069 21.1856
204.864 10.6617 8.01717 8.98097 9.00543 11.8833 7.13508 4.75978 11.7617 7.57655 11.7729 14.5142 8.04978 5.19548 8.97148 16.8632 12.8136
197.557 12.7571 9.71558 7.24437 5.12012 11.4932 11.1657 5.96072 4.95451 7.58835 4.52932 8.69434 1.67467 14.7885 11.1093 7.06051 12.3907
204.402 11.5251 13.3829 11.0718 9.59622 8.92667 10.5658 5.15299 10.5073 7.40373 11.259 4.95434 7.04164 19.6257 11.0359 13.1783 21.0296
195.247 11.2986 8.01685 14.997 9.06576 8.98834 15.5386 2.90022 11.1531 8.33823 9.63193 10.3434 11.1062 12.9972 3.67677 13.5517 16.9477
190.28 6.74917 17.3157 21.4947 4.61479 6.76502 9.91384 8.47905 2.91039 18.3259 5.55261 14.3242 12.0024 15.4664 8.5539 9.47382 4.74917
189.023 5.49585 12.6276 18.9839 4.359 7.23889 15.4921 6.73148 17.1492 5.08536 9.09808 16.3075 12.0024 5.57466 10.9912 8.20714 12.5234
186.975 12.2133 6.04635 19.2753 8.75689 19.7228 10.0485 4.22677 4.41836 9.74437 13.4489 4.60499 8.18083 7.98064 5.59464 14.5965 14.4628
188.663 12.0738 8.50882 8.67101 9.17474 16.6741 9.30248 8.15681 7.74413 8.05334 7.81477 14.4161 9.06924 7.41659 4.43818 15.8688 12.7198
185.504 1.75147 10.1129 14.3497 12.8978 16.6232 7.27838 10.863 9.61689 6.98196 13.788 7.69242 11.8643 4.05309 24.9665 8.48282 10.5071
184.062 3.08679 3.13683 9.91157 10.9906 12.4222 15.7595 2.52995 23.3399 7.43566 9.02609 18.4518 10.8164 6.65209 13.8988 6.97471 12.0714
193.75 13.3845 1.71354 5.72575 8.78407 5.67223 13.0015 3.79607 6.10431 15.1082 7.31204 1.70114 9.13844 10.2036 13.7938 12.8991 9.52087
186.275 3.83869 14.4653 9.65108 2.97712 10.2918 19.8189 7.34043 7.35614 10.0599 7.91956 5.69819 7.94366 12.7563 18.2126 17.6425 8.83889
202.596 6.27616 10.6332 11.8464 4.93345 10.6992 8.48476 5.434 19.7102 14.4717 9.95584 9.93191 8.40382 15.5514 9.76269 6.07466 18.1983
197.154 6.516 9.70671 15.2573 5.63168 4.5445 12.3585 7.08927 12.498 16.3531 12.2342 2.87316 12.4795 14.728 10.3574 18.8665 16.2621
201.016 17.7249 5.20489 6.45681 9.76492 5.68669 6.15434 12.6515 7.9641 13.078 12.3098 5.99473 11.8186 15.6779 9.94379 6.67891 19.8499
186.291 8.85523 9.70165 9.75323 2.03967 11.4809 9.56573 12.2785 17.8514 11.782 6.89177 3.04965 5.22856 8.28302 9.41624 9.32432 11.6186
178.041 10.63 15.9354 5.20417 15.5995 10.8836 17.2158 3.66395 7.82049 6.27241 4.12755 6.15871 7.12939 7.05702 9.71694 11.1955 7.5892
181.681 12.8918 15.3223 9.42264 11.8598 7.52133 7.88457 10.0396 17.2163 11.4235 8.72686 12.1964 7.06299 7.33305 9.24207 8.11499 17.0639
182.913 7.17478 14.4977 10.5019 13.7349 5.03406 9.94306 15.3515 16.4875 7.56358 6.06351 10.9264 11.0347 11.299 12.1936 14.4431 25.4429
197.098 5.75469 7.03258 10.3448 11.1682 9.24671 9.92336 10.0356 12.2135 7.39059 8.16581 7.16724 10.1817 12.7775 10.6936 10.0906 21.3297
183.04 4.34827 7.19838 11.5743 11.1282 9.74226 4.80352 4.98075 11.9991 3.71598 11.293 7.98166 7.60459 16.5015 13.1509 11.3364 14.1761
187.254 13.8943 10.263 8.57647 12.8045 15.8499 4.64546 12.9686 12.6421 7.12835 8.30027 4.74933 19.7792 7.97319 13.5511 10.1428 14.1298
183.693 10.5673 4.21508 9.80762 4.58882 5.6744 8.01399 7.3417 12.4044 13.1712 10.2334 11.915 13.6223 15.0198 10.708 13.9322 13.9891
191.105 9.37397 3.43831 14.4051 8.00441 12.4086 11.5761 15.8098 10.8069 10.9075 15.0567 24.8225 6.8138 18.974 8.37208 5.8199 4.69268
179.255 9.19993 4.45257 7.06876 6.58751 5.74228 15.7762 7.40714 10.9182 14.9119 7.80503 13.859 1.66646 10.0663 9.056 8.92678 34.1523
182.758 5.99226 10.7295 12.4245 11.0317 7.22014 11.2565 14.5223 5.0744 3.47725 2.61394 7.53518 9.89062 15.5169 8.2016 7.25889 9.62929
182.844 7.52042 3.38753 7.52044 11.638 10.8742 11.1493 7.53591 14.2235 7.0473 2.21307 6.41176 14.3739 10.5418 12.1825 8.78742 14.8455
191.964 10.591 2.9958 5.46118 11.713 5.0003 14.8479 7.19116 9.43436 9.03791 7.54469 4.68787 4.63114 7.24865 9.33507 9.59068 13.984
197.241 8.81783 9.08364 17.0366 8.27024 7.01898 13.2758 8.30537 6.40955 13.1656 9.96224 5.04046 15.357 20.708 17.5669 6.947 17.3736
168.81 8.28997 9.80957 11.4472 6.99483 5.48914 12.1386 9.72014 4.07574 5.80521 8.50852 13.6234 18.3937 12.4854 9.32096 15.5151 16.6516
181.776 5.09565 11.1578 14.0294 15.9413 15.965 12.5171 5.28884 7.73428 6.45118 14.748 7.03537 10.1024 10.9123 14.8196 16.321 12.045
186.6 14.4669 9.96893 3.76958 8.48946 16.3207 8.16196 4.27558 10.6525 4.31882 3.85219 13.3361 11.8511 9.3877 15.5407 9.56735 13.3299
188.574 4.72487 5.4818 4.69279 12.5731 15.6865 6.88161 10.1074 1.61653 2.30771 18.7079 6.41889 9.87699 16.2041 5.82234 12.3419 15.8283
205.425 3.24403 13.7521 10.8575 12.8485 10.8412 4.16474 11.8506 15.1417 5.46658 11.0688 5.25352 11.3409 9.71049 15.4481 18.9828 12.528
188.774 8.29502 12.5072 8.23538 13.2178 8.96713 13.4532 12.1761 11.6324 7.3721 6.76429 13.9497 11.7079 7.35754 11.1337 6.1507 12.1044
193.506 8.23724 6.2904 7.24623 9.31163 18.4823 11.3154 8.07197 3.59079 11.186 13.0557 9.74319 11.2657 17.8446 8.60136 17.1248 11.3469
183.538 18.1633 14.8491 5.62152 8.85551 11.586 6.67645 6.02433 10.3801 11.4053 6.11485 7.10022 10.5342 11.6522 8.45353 7.24004 12.6168
180.588 2.95554 10.3972 14.7684 8.85551 12.2315 10.9585 13.2065 8.49651 9.59156 9.67889 3.69892 7.33915 6.8301 6.76924 4.14659 8.90365
184.873 5.28635 5.31132 13.1261 2.88147 3.662 10.0486 17.2515 5.28488 6.63679 9.36362 8.57903 12.9965 8.34439 6.85374 3.79536 12.8597
201.263 22.6728 11.4661 13.2198 6.64893 7.0431 7.68275 17.0668 4.77197 12.775 15.1909 12.5761 15.1427 10.9879 7.29158 11.8853 18.5326
177.966 17.2636 12.5029 13.4808 6.44013 10.39 6.84239 10.8963 6.07683 4.77294 13.6216 8.80405 4.8037 7.26004 11.1618 9.71507 15.7357
198.549 4.61987 20.1369 14.9049 8.69439 6.87108 8.39081 15.4462 12.2515 6.92574 13.0553 8.55891 12.1639 9.67085 8.95911 8.40022 9.08143
185.752 9.07732 16.3617 6.08183 8.55245 7.88674 12.819 9.76084 13.552 13.6372 4.80137 13.8402 7.90278 14.2305 12.1803 7.80813 11.565
198.198 9.11196 18.5757 9.60066 13.4637 12.9163 13.131 3.93443 4.80396 7.9612 12.8041 7.92798 7.21481 15.886 17.4617 11.0939 14.6038
181.837 8.96877 9.89139 10.5306 13.3066 9.03505 10.8096 8.79604 7.84561 9.67933 6.63671 9.36888 8.17848 12.5654 7.45258 18.7249 14.9728
181.316 14.9737 8.64576 10.4834 10.2693 8.26777 8.58504 5.94539 9.94158 8.98878 13.2258 8.98557 12.8795 12.2201 16.3096 16.0924 12.0936
180.958 15.2802 7.15024 8.5953 13.417 8.11053 16.1838 7.81066 12.8737 10.9868 6.97903 8.24533 11.2392 3.90828 8.19742 16.2148 17.0868
183.783 10.2116 10.0293 12.3885 13.8649 21.9715 15.9922 7.25848 9.77117 3.91837 6.2324 9.61442 12.2447 8.23662 9.99429 13.6168 15.2791
188.754 6.42478 12.5298 4.09869 14.4957 7.72637 6.00415 10.0135 6.6343 5.69064 9.08899 6.54175 14.4366 6.37909 8.32789 5.1287 13.7084
198.605 13.2333 5.44505 16.9767 5.30909 12.8333 9.14685 7.98335 5.45655 5.99199 12.4614 6.86236 5.75054 11.6672 9.67901 21.5647 12.2845
193.254 17.676 10.5411 14.8147 15.2901 15.089 11.4229 8.48521 8.85104 13.9342 14.8915 10.3006 8.14042 8.99635 11.038 21.5647 4.855
184.431 6.75172 7.87017 18.2484 9.32514 12.6339 6.10756 6.6248 11.617 10.3465 11.5412 7.15244 9.61767 7.48924 10.5453 13.7526 15.6675
197.869 11.0826 4.85199 8.94478 16.7542 13.7489 13.8651 5.04614 5.56092 10.8677 4.91675 6.34718 14.2036 10.1536 10.4533 15.5829 9.79329
192.253 23.4873 8.66392 9.45225 20.486 17.3004 5.9959 3.51496 16.7255 9.60349 7.35216 6.44115 6.0101 9.5471 7.26254 13.2645 9.17297
187.043 4.85592 7.12685 18.1224 6.19339 12.0282 4.13144 24.5313 16.2121 9.98537 12.3758 7.45675 6.39707 5.25815 15.8831 10.1376 12.5036
199.224 8.86813 8.49454 2.72685 9.15663 11.5067 7.32971 8.6436 19.4293 10.9366 7.89688 6.6897 13.5095 7.29117 17.2592 11.0246 12.8969
206.133 10.8896 6.70424 3.76423 9.93952 15.0385 8.16894 9.4816 14.3354 9.45982 7.74126 8.19943 16.2604 8.54547 17.9768 11.7436 6.50051
185.107 9.18305 9.37285 19.5792 4.18208 10.319 7.12827 9.54885 9.32162 6.60475 12.2517 7.43103 6.38557 5.85079 15.6573 16.6648 12.6429
194.413 10.3651 13.4491 17.0211 10.5989 8.27961 7.66559 11.8826 8.9154 6.91893 8.54245 14.3909 9.08296 10.9817 12.6523 15.2661 16.4405
186.523 10.7826 7.61646 14.2883 5.53292 10.0858 8.29898 10.6552 12.8011 2.79715 5.23477 6.46287 9.2239 15.4019 12.7799 12.2312 21.7252
177.072 15.6132 5.88011 8.74634 3.85594 17.4408 27.6969 12.2622 13.0014 13.9762 5.57024 7.22344 12.2054 6.85658 8.58353 12.1393 15.3558
191.755 13.1365 13.7866 9.62509 5.63333 4.2818 11.6542 8.40456 19.0012 10.2422 8.0738 7.38835 21.1667 14.5911 14.6676 4.91968 20.1974
191.666 11.3209 8.82716 7.43061 5.64758 10.2059 7.51049 5.30955 14.7948 3.16239 6.80158 8.20047 11.3651 16.7459 6.42512 8.58229 12.3205
184.508 11.691 12.0104 9.10459 8.64717 5.84479 13.8298 8.88791 8.95562 5.54779 4.89101 3.87901 4.47927 16.4977 15.5205 11.7136 12.0998
197.45 19.8934 4.6408 6.15295 12.822 7.98798 6.47294 9.96007 6.93261 5.20204 6.57224 6.50071 8.21354 11.8779 19.2478 9.58085 16.5649
201.07 7.24966 6.38069 8.43829 12.9227 12.7481 16.3143 3.79229 13.5663 5.34605 18.3152 14.6968 12.3661 13.8342 13.8821 12.0941 14.2262
190.331 4.52682 10.4436 12.6231 12.1784 9.84149 12.1269 18.3976 12.3656 4.00342 8.13528 14.7119 6.64655 20.823 8.47403 12.6794 17.6699
195.328 5.4068 11.681 12.9708 6.60443 7.06424 13.3503 13.6548 7.00074 4.3415 9.40567 6.5912 6.03956 3.34136 5.36892 10.0614 21.1514
187.044 13.4388 9.81112 7.70968 11.5363 3.7606 13.4522 12.103 6.77854 6.5097 9.44716 4.73542 6.54514 20.3202 9.32543 15.9294 6.28432
188.944 6.27641 7.58118 10.6277 10.0581 5.58126 9.77198 8.03575 3.353 8.71625 1.95036 5.46753 7.09245 2.74627 11.3955 9.57899 6.55133
192.203 10.7606 14.6258 18.8761 7.85376 10.2058 6.50003 10.398 11.4518 7.96136 12.3163 11.206 11.1199 17.5793 9.76958 5.52557 11.7294
206.889 16.9851 12.1796 6.35546 5.42352 5.7668 7.63411 15.9786 16.7784 14.9232 10.4384 7.45924 15.7997 11.2456 9.36221 9.89866 8.39594
192.513 9.17986 7.73844 19.8528 4.38851 14.5738 16.8659 8.53764 9.14701 10.3608 9.90757 10.299 11.7861 10.8113 7.71843 11.5702 25.3857
185.402 10.3148 6.05725 5.27412 5.54953 11.3384 9.53396 11.1404 10.0135 5.88471 11.0314 14.449 4.19219 3.40424 9.87552 6.4337 16.9486
192.835 10.1163 13.426 9.85524 5.76749 11.8562 9.79153 7.71178 10.1591 4.21243 1.8643 13.7361 7.98361 7.65866 14.0265 10.4809 21.9187
192.455 13.6198 4.64685 3.64133 4.73443 11.3199 8.89378 6.40552 8.64852 4.79392 15.0943 10.5299 13.3288 7.00287 7.04677 15.3291 16.0573
194.491 11.3826 10.8469 12.7274 8.49638 6.53629 9.50226 5.26616 12.3775 4.51543 5.52439 11.1229 18.0017 17.6102 9.34193 13.0463 23.283
205.418 7.12777 14.3538 10.5722 11.2896 6.62956 12.2671 15.5406 11.3924 11.5624 6.54301 6.95277 8.99031 5.09631 14.8517 2.80544 6.5936
193.567 3.83137 5.08419 3.01209 12.306 11.7552 8.57935 15.9147 7.79971 11.7991 5.74366 13.7303 10.6465 16.5837 14.7616 6.40912 25.4903
188.954 8.43942 8.56616 15.8302 17.0795 5.66762 8.15145 9.43765 7.77674 9.41973 9.38689 10.2154 18.1629 16.7614 12.9656 9.69357 17.789
188.846 8.98963 7.41736 21.5072 7.40787 10.8835 10.5455 15.6562 11.3666 6.33207 4.42124 5.14796 9.95404 10.4033 9.77115 10.6454 7.21307
200.228 8.78994 9.46958 9.35361 7.80327 18.8709 10.8743 12.0977 10.2103 2.34189 17.8418 10.5287 8.42094 3.96726 15.2205 20.6268 8.5464
186.013 15.631 9.80741 9.40989 8.47989 12.8274 17.5632 6.36828 18.7363 12.3418 3.72708 11.2213 7.81582 1.99097 7.97615 4.08012 13.8304
184.338 5.80489 7.35947 12.4373 5.55706 14.9959 12.7427 7.50161 19.4122 6.85353 10.8256 4.89073 7.97822 2.10829 9.99183 7.65095 8.69512
191.399 4.79458 17.0333 9.08464 6.46147 6.34913 6.93006 10.508 9.63319 13.1402 8.68863 13.6538 4.96354 9.61392 3.16362 6.32485 17.113
199.142 13.6135 9.45508 10.6997 5.86022 7.31753 9.22227 9.92531 5.71631 8.42918 5.99397 12.6518 6.78716 8.58644 10.7744 12.1041 14.5257
190.35 1.27881 5.03429 7.62261 5.90371 7.26063 8.15534 14.6335 6.75452 13.9985 5.96138 6.90539 13.9916 10.628 8.67919 10.6611 11.354
192.338 16.3413 3.39321 9.80269 13.7616 16.3952 7.77241 4.33103 6.71688 17.6847 4.43569 10.5148 16.479 8.39384 11.9166 9.58344 11.6309
186.605 13.0114 10.7617 7.30562 17.1867 5.32092 4.07412 8.90642 7.61789 11.2019 9.49348 3.24208 17.1279 7.89016 12.4469 12.1333 10.955
186.705 6.9212 18.7137 19.6203 10.7623 6.14504 12.4669 5.49548 21.9588 16.1838 13.473 9.51973 15.0167 8.42277 11.0437 8.50248 5.45766
186.194 10.2809 8.79251 8.70735 24.1516 6.10809 7.74889 8.49351 4.44183 10.6918 7.69808 8.76472 15.1289 2.66967 15.496 14.8456 18.7697
188.572 7.71639 4.45898 13.851 20.1463 16.1265 10.4632 19.6715 7.66604 3.21103 6.68326 10.8861 12.4979 5.71151 7.07419 12.518 25.346
190.568 8.55305 9.02571 18.3029 7.19605 5.78057 13.2945 15.0995 5.95242 4.84374 2.32713 5.17958 9.89603 6.088 16.2935 18.1619 23.4118
176.744 6.89813 9.08159 17.4023 11.0641 12.1728 11.9111 2.55345 7.57529 8.74691 5.35595 7.58167 13.1499 14.3033 10.7903 4.21349 18.6602
187.358 11.3418 10.601 10.1211 11.378 29.3555 10.4664 21.9152 5.11488 13.4584 2.90716 8.24749 11.3283 10.2082 15.7631 11.0869 10.9777
211.141 21.7356 6.48272 12.2177 8.63846 9.21394 18.3251 15.2526 12.4528 4.23231 9.2715 5.77297 10.6808 9.32771 15.0033 6.83165 15.5986
202.966 17.1758 6.08994 15.4896 7.21467 12.0416 9.02308 6.21554 6.04792 3.59738 5.38822 11.0446 7.34051 12.9631 10.921 12.2232 16.7353
178.007 8.90528 8.79753 8.26394 6.81842 6.41973 12.5238 10.3874 10.9433 13.2324 15.4899 10.4318 13.1704 12.692 10.3301 11.3476 9.18967
182.947 16.5142 9.14603 11.3969 4.1111 12.4207 16.419 10.2237 9.33332 5.96071 8.14665 4.97526 6.64453 8.79873 9.43424 19.4903 11.1086
178.023 15.5642 5.76637 21.975 6.28294 4.04907 6.4128 9.27726 7.37728 4.24266 11.8767 8.39324 8.13307 8.98996 17.3862 11.2556 16.9808
183.359 8.64957 6.06625 9.32273 4.74188 8.73781 11.4212 12.7002 4.03059 13.7444 9.07434 13.9791 7.64681 12.0985 10.5129 22.7728 21.4957
177.574 7.0079 9.31671 9.37575 6.81123 16.1141 12.1276 9.1382 9.02233 6.0909 6.88457 8.46637 10.9003 12.327 6.41245 5.01626 12.5141
202.594 4.23811 13.2864 15.1192 10.3576 8.36768 8.04516 9.0844 5.75978 9.05571 8.19589 8.1855 5.14969 8.38961 2.83119 10.5812 18.811
177.566 7.69138 5.01258 14.1682 10.1739 13.6191 13.2428 12.5312 7.97453 14.957 8.05677 5.8151 12.4756 8.25358 10.3826 17.5528 13.8737
197.976 17.4788 10.6743 5.94006 3.82822 8.25509 4.03892 7.20225 3.47431 8.08914 9.34524 8.92499 7.0654 7.11369 6.25878 13.5966 20.7038
187.71 4.76434 13.3617 12.5158 13.8012 9.84427 9.1442 8.37576 8.5802 5.86643 7.25736 14.9181 15.7584 9.49258 10.6904 6.64707 12.1699
187.194 6.85351 7.23954 11.1479 7.93172 5.82402 9.85448 15.0491 6.72867 6.83575 6.565 6.79105 11.4995 10.1327 7.6339 21.388 14.3957
181.585 6.05104 5.00589 9.2919 8.19354 6.20445 7.13758 6.20337 9.30783 7.01137 12.1793 11.3362 17.5517 5.05125 10.7673 9.3663 14.4423
193.739 10.263 3.98575 7.69819 7.04801 5.52351 8.44055 4.62621 15.4796 5.77992 7.96735 3.96474 12.2588 12.8847 6.10486 8.39453 7.71146
188.649 6.35391 4.83672 9.85008 12.4487 11.3309 8.5689 4.97092 18.7888 9.39216 8.17932 6.78896 16.6377 6.88098 10.0311 9.87269 15.8241
189.814 5.16769 10.2355 6.17737 8.91203 3.08338 1.21195 8.71047 12.2848 9.5876 6.21039 10.526 4.73308 6.42059 15.0254 16.4073 14.1603
188.831 12.0313 4.58977 4.25332 12.8541 6.8782 3.06811 10.3455 13.6807 9.38885 13.6064 14.5263 10.2432 9.1744 16.3962 17.7934 17.3693
183.323 19.2634 15.8136 14.7957 4.1003 5.68386 4.97587 10.1049 15.2073 9.82334 12.3052 9.2918 16.3931 7.74134 7.84025 15.7781 14.5686
175.326 14.5319 8.80759 16.5693 7.74312 9.70064 4.62541 23.434 7.70601 11.0561 6.31086 9.98781 8.0118 10.0131 10.2718 15.8294 21.1863
188.984 12.8178 10.2712 15.4083 10.4414 11.4123 6.55104 10.0035 8.03227 1.47942 3.47985 20.3228 12.7024 8.71275 10.5301 15.8631 17.5248
191.213 9.1568 15.8995 11.3671 9.70814 12.5966 5.83827 3.76132 7.16048 6.36288 2.0285 14.823 7.9371 8.24936 10.0064 8.57854 19.1262
181.517 5.38603 12.7053 4.88861 4.14003 16.0169 10.3329 6.16496 11.8872 13.0399 11.6661 10.9537 6.51929 14.4245 14.3335 11.5917 18.6743
183.331 9.52187 8.52974 14.0177 4.88654 6.96646 9.62001 4.55383 13.6241 9.7843 7.80884 14.1757 17.1927 8.16081 13.5352 7.56811 21.7927
187.469 12.4312 12.0257 24.57 15.1256 12.4892 11.6399 11.2933 8.60524 7.22237 6.10279 14.2029 8.24032 15.9325 25.3684 10.9263 13.9623
189.983 13.7455 13.451 13.3512 7.2477 5.73008 13.564 7.17783 13.0966 9.01125 16.5761 14.2999 14.1111 3.42678 9.44222 15.7684 11.6533
187.963 7.84055 15.5911 14.901 6.27666 10.5644 5.36285 7.94333 14.7037 14.2403 16.2308 12.268 12.4856 5.38358 23.975 10.6332 14.6785
193.322 9.19456 7.40089 15.8668 7.4114 17.0449 7.57406 16.375 17.2819 5.98818 13.533 11.68 3.95563 10.7539 8.83401 12.4632 23.7086
197.504 9.25246 2.7687 8.45093 11.3068 10.6173 13.66 8.13543 16.3741 5.29248 7.01769 10.1501 10.4682 9.53722 9.54829 7.63828 12.8492
175.366 12.508 8.70232 9.55851 7.99949 5.3411 7.19339 8.59803 6.89564 10.6296 9.15472 7.10672 7.36937 6.14162 13.1684 10.7233 13.4158
190.399 6.1923 16.4874 3.35451 10.6622 11.5778 9.30281 3.44804 8.86254 8.22197 10.0972 8.75659 15.1096 10.0738 12.1929 8.02884 14.9697
175.41 7.76462 6.30281 9.68416 16.0546 17.1531 9.36143 9.11736 3.41856 7.21521 5.29672 4.33323 14.2002 12.4498 4.27577 12.488 14.9227
195.452 5.78863 9.24115 16.4958 4.85771 15.6241 12.5711 4.81251 6.05508 7.8472 13.1159 6.60143 11.268 7.41614 12.3721 15.0008 20.0807
194.123 16.5162 4.62847 7.51347 10.4574 6.67653 10.316 3.79071 11.5102 6.77187 14.4038 8.06884 19.7084 3.10199 10.09 13.2241 13.3113
192.893 4.88496 4.92454 10.4046 20.5735 9.92824 8.79446 5.52996 4.10688 7.477 17.8854 8.35776 9.09386 4.18889 14.3825 7.21328 26.5981
186.888 5.82806 5.84158 12.0586 7.63356 6.54035 6.29737 10.7838 5.51795 2.19377 13.3564 14.6276 10.8906 13.4984 17.2278 7.20164 18.7265
168.49 4.12337 6.06457 3.73628 20.7389 11.6027 19.5154 12.0569 16.8704 9.47635 2.88044 6.74327 5.22031 13.6458 17.259 16.8578 17.0761
175.128 12.6566 5.77266 8.31539 6.52612 7.48872 10.6216 3.00322 7.17316 11.1149 11.978 9.00686 6.02011 15.1883 13.0865 19.9631 12.4003
191.527 10.9482 11.5639 14.5823 7.43691 9.299 13.3104 14.3836 7.43644 5.77287 9.67593 11.7967 4.25157 16.2625 8.62333 21.6935 12.9949
184.29 11.7603 12.9344 20.3503 7.94272 4.24786 10.3505 6.13078 20.1196 16.4405 12.1297 11.5141 9.53328 17.1149 12.2116 4.42918 5.87543
205.99 8.24852 4.37994 8.341 5.0223 12.8489 9.86734 10.2801 19.0976 7.09492 8.06317 16.8225 2.86673 8.82413 6.17494 12.2937 13.4944
193.505 19.1366 12.5225 17.1707 7.42648 7.70164 5.37041 8.15886 9.31667 8.72545 4.16705 5.68204 12.5619 6.37412 8.05711 18.7144 16.9266
194.922 6.59122 3.36122 14.065 6.14296 9.43417 13.6867 6.98053 16.7041 18.2615 8.49713 7.50497 9.24498 13.4762 16.1394 19.2761 9.66713
202.928 7.47945 15.3831 11.6738 7.54097 9.71122 14.4555 13.0791 14.1619 3.78935 2.1801 10.7355 15.4941 6.61943 9.71378 19.3701 9.09159
187.756 11.1436 19.0415 8.46809 4.90156 10.2455 8.30779 13.2947 8.25465 7.22095 20.6955 2.41832 13.1663 7.14324 11.6145 15.1933 13.3138
186.081 11.6847 7.80396 6.3031 10.2054 7.36311 13.7903 13.5053 8.37372 7.33858 6.74048 12.0368 12.1098 9.34468 11.1255 9.92242 10.2333
189.734 9.58435 5.428 4.26226 10.0523 3.15914 13.9133 10.6419 9.47399 8.9775 8.65098 10.1932 7.9609 11.3818 16.4184 19.6227 15.4609
189.72 9.22695 5.25704 15.8319 10.7391 14.3053 10.9195 7.7636 8.65592 6.82423 11.7669 6.42697 9.30426 10.457 17.8529 5.18946 22.7392
191.362 1.40679 11.5004 12.7313 14.3629 10.9603 12.3669 9.46693 10.9279 4.21882 17.595 8.77031 7.81852 7.4386 12.74 9.79659 16.5977
195.7 4.28232 4.9332 17.5819 5.81315 12.2584 11.8252 6.94577 11.0769 10.9438 11.9849 7.88096 13.0931 5.78007 15.9035 17.8122 14.1868
201.032 8.07057 11.6967 7.75091 9.68317 11.6814 13.3521 9.81639 15.0896 6.5002 9.3957 6.51966 10.0202 5.78007 19.0157 12.045 9.34786
209.371 5.84525 7.72831 10.0799 5.80217 4.16857 11.2014 6.38545 17.5495 10.5748 5.95087 6.23057 16.0463 9.53642 16.8006 14.0814 21.4651
192.235 3.86642 17.7874 12.6933 10.5548 13.6373 7.8559 15.8581 15.1939 6.37786 9.68832 10.6627 18.0004 9.39724 12.3941 16.1422 6.21024
194.31 9.2417 6.79436 4.49388 11.6375 3.34349 10.6221 9.03446 2.98626 7.65953 14.6745 7.42046 18.9918 7.35591 7.15266 15.3646 11.6227
187.845 10.209 5.33251 3.78642 7.34168 5.60791 7.29523 11.0678 6.04777 7.79861 7.47635 5.17888 10.889 9.29644 8.2623 12.0535 11.5727
204.88 2.91173 21.0529 13.9463 3.80082 5.58405 13.683 4.72068 15.9773 9.22658 4.02705 8.83822 11.2647 4.979 23.1298 12.5297 12.3308
192.082 4.24906 10.2819 12.4881 4.97816 7.16459 12.0917 7.20465 5.32307 5.81396 7.40361 11.1692 5.94737 10.7741 21.8917 12.9857 5.90202
193.648 10.8743 8.55025 10.4517 21.0898 24.4615 6.69869 12.5515 6.59618 11.5713 9.70221 9.18555 7.88899 16.0309 10.9278 7.62885 14.6627
195.551 7.5599 12.1614 9.7298 7.54313 10.9557 16.7558 8.75207 21.3964 9.95464 14.7819 5.38893 6.60907 7.83467 6.73835 9.22964 16.1016
187.346 4.63959 10.5575 7.13257 14.8291 21.5198 15.7747 5.39426 9.04615 8.19194 10.3898 9.91769 5.84836 11.4702 14.1141 15.5676 19.4685
192.045 11.8567 8.95055 7.77052 15.6693 9.62479 6.849 5.23593 13.99 6.68162 0.645955 7.68505 3.51917 9.75276 10.436 12.3584 20.2787
183.221 5.31536 6.97816 9.5312 7.84931 9.31832 13.4933 14.2092 14.5199 6.4218 11.3449 6.70732 4.52604 9.68614 15.8504 10.2966 17.8418
188.864 9.18079 9.78872 16.1094 8.53769 8.33137 9.13164 10.5643 2.38859 6.84415 6.95115 16.377 10.6099 9.25383 3.42392 15.3767 8.2551
181.413 12.6283 11.1229 7.32445 9.39055 5.29108 2.25697 12.0361 16.869 8.0997 7.64713 5.43124 9.10201 5.47479 2.93913 23.7812 8.56759
196.287 6.16466 5.99516 11.787 9.94409 3.82541 13.5572 7.16075 12.5776 10.8415 10.0061 4.6913 10.002 5.19736 10.2655 6.36782 10.6484
179.493 4.45487 7.76917 16.4156 22.7335 4.79875 6.56177 11.9841 10.2349 4.54707 13.1686 6.50861 7.31874 4.89714 12.3629 17.4861 12.5285
186.056 9.37881 12.1509 14.4141 9.07293 4.18698 13.7168 6.42922 7.61219 8.95933 8.37605 9.68383 8.39407 10.0882 7.44361 6.8997 12.3229
197.846 8.25002 14.7719 2.14877 8.73509 9.66566 5.60671 6.97201 5.18994 4.79725 9.40499 4.59651 12.5521 6.18789 9.27701 10.6385 9.85869
191.449 9.04846 8.13196 10.9666 11.5553 12.2521 22.5638 4.10933 2.3033 6.63159 10.667 13.2539 4.07252 11.376 4.65118 12.9557 7.72542
185.494 12.4756 14.6698 5.49506 5.59939 6.38658 10.0352 8.99892 6.23957 11.2754 9.04615 9.09719 22.3859 9.9925 6.06834 7.19185 23.4629
185.324 14.5323 6.29187 17.862 2.82685 15.074 11.09 2.72067 10.4797 10.2225 3.86336 5.72538 10.7661 11.5359 4.23174 13.2637 6.03321
181.618 6.62056 6.95728 14.6981 4.44179 9.22141 3.65303 8.03329 5.71619 8.43009 15.6275 15.5279 12.8756 6.13312 13.1794 17.7201 14.4868
185.005 8.98194 5.75993 16.0952 4.73857 14.9124 10.8714 17.4512 7.2262 7.68172 5.3281 7.09399 12.011 3.96946 14.4911 16.1379 17.7478
172.986 10.0734 10.9008 10.9205 5.88111 21.015 9.3539 8.67064 13.2678 10.4434 1.55144 5.65808 14.455 6.31069 17.8313 23.408 16.2233
183.126 8.79271 10.8765 10.3607 8.0646 8.21004 15.8637 14.8545 2.21743 9.18705 3.34011 8.03541 7.80151 12.9342 16.4482 14.6534 20.202
192.824 7.46548 11.4815 12.4968 4.92504 11.6634 6.70371 11.1548 7.84087 9.38147 10.8216 5.6541 3.96293 7.99059 22.0657 5.88682 8.65097
185.749 11.7107 14.9067 25.9229 9.70208 9.15242 10.9929 13.8162 11.8345 6.73531 18.8967 5.90157 13.1476 12.7387 12.7135 13.0413 16.9554
185.401 4.64032 17.0781 4.9018 10.612 16.323 5.96766 14.1782 7.28764 10.9985 7.59548 10.9685 10.6431 17.32 11.2195 10.488 22.1376
180.493 8.20608 11.9267 12.3319 13.32 9.37195 12.8769 13.2184 17.4468 17.0293 14.2711 8.23823 7.38586 11.7891 18.153 14.407 12.4184
194.161 4.99854 14.1661 7.45212 12.2967 7.68221 9.27465 10.7027 10.6539 11.2948 9.81193 5.1638 13.6161 9.35344 11.9856 7.9729 14.5309
208.623 5.80321 15.4812 13.2933 10.6803 12.4083 5.89501 12.1762 7.88642 8.68414 8.93336 6.21227 4.33339 11.0095 22.736 11.7293 11.4729
187.84 16.8432 6.41304 9.00091 5.61438 12.2063 8.79528 19.1681 18.9441 13.2474 8.21129 4.48282 8.80155 7.35723 12.4265 9.83183 12.1703
192.624 14.969 6.9633 9.67573 5.28162 12.9471 8.92612 14.5052 16.0677 8.3049 14.6416 10.8284 11.1999 11.74 10.4947 9.10898 14.2964
192.928 9.73088 14.4129 8.85413 7.02747 8.14459 20.6382 15.8333 10.7794 2.71534 19.9928 7.73596 9.55265 14.3967 9.05071 8.54479 10.1348
193.341 10.0742 11.4218 13.7726 10.7283 5.3655 10.8801 5.70236 6.94406 10.717 10.1812 7.85195 13.9777 5.95583 15.9736 11.3629 12.8266
186.316 10.7489 9.49069 11.9752 11.0746 6.87959 12.6316 8.47759 8.12859 4.57605 4.35405 8.01741 10.5752 17.4505 9.49578 12.4761 15.6076
198.609 9.44104 9.2757 11.5062 6.15671 5.44776 5.42511 3.09192 6.58036 8.61175 3.76169 12.4749 6.8932 14.8745 20.4538 8.48096 16.7184
199.141 8.46414 7.04253 12.9835 14.8994 14.1981 6.26122 5.20006 6.42959 5.29915 9.78045 13.6655 10.5826 14.5923 16.7614 17.8501 4.92278
198.684 6.20858 8.78367 15.2243 14.8422 4.5325 9.17545 11.7621 13.3186 12.7413 3.53509 7.3675 6.43633 12.3724 8.79909 10.3019 14.366
198.589 9.74045 9.75863 3.80603 16.4828 3.87829 7.98877 9.90128 6.55841 6.52702 17.4904 4.35614 7.16713 5.30681 10.3692 9.18738 17.8806
194.648 11.677 10.5265 7.35966 5.54775 9.73147 20.6131 7.85048 4.91648 5.60834 8.01964 3.88955 11.0493 7.85632 12.1816 23.8272 9.84762
189.89 21.513 12.2765 9.52734 10.76 7.60728 5.17952 5.96969 16.7468 13.6591 7.07585 7.57208 17.203 8.418 19.8207 17.8755 16.8225
183.55 2.19788 11.4952 8.75939 7.47156 9.41747 9.77157 7.07595 10.7044 10.688 12.5923 8.94022 5.77599 8.33049 17.01 9.74994 12.7074
185.553 15.7906 19.7818 11.8629 5.52454 7.71721 7.97189 4.41247 5.63081 6.59545 7.98797 5.00566 14.0488 14.8565 5.45678 5.25407 12.3404
180.539 16.3575 9.91665 10.1324 5.36706 8.46018 11.0028 9.57883 10.8154 8.1179 8.61135 4.23069 11.4943 10.7647 13.2869 5.8967 25.1082
200.004 10.4144 3.91329 20.5516 11.2765 9.76359 13.9265 5.28374 10.694 11.9013 6.98618 3.54422 13.0726 3.28481 12.1346 5.84864 9.34394
194.192 13.029 3.56725 5.22771 11.2507 3.91904 7.78428 9.22271 8.47342 7.54361 11.3414 16.5713 5.84092 11.1135 9.79876 7.07324 17.8213
190.545 8.60802 12.6889 7.17963 5.68059 3.72727 16.4601 5.05197 9.04008 10.2069 13.2973 6.3953 13.8652 4.2076 13.5459 5.29213 17.1307
184.979 8.4448 14.0965 6.99762 6.23249 9.54612 14.4366 7.03581 10.563 9.27345 12.5857 7.5574 11.9629 7.40459 14.0998 15.083 17.5597
189.758 5.54087 8.06743 5.85292 6.28613 11.0259 13.8951 12.2876 7.42901 5.63715 13.4651 13.3949 4.40996 10.3105 11.6674 16.5019 16.9512
179.846 12.8497 9.96388 5.81159 13.7928 4.49507 14.2821 7.9356 17.0978 6.26695 14.9797 5.74271 6.02961 13.1065 5.71764 3.48312 17.1831
172.481 7.17616 4.89848 11.7973 13.8818 8.25975 16.6221 8.34307 4.08979 6.68548 6.73918 4.69665 6.61257 14.8347 12.1273 7.88275 4.64832
203.345 15.742 8.24334 16.8659 13.9304 10.8763 13.2022 9.70419 11.6798 6.64792 16.5632 15.7424 3.61476 11.5984 12.8387 12.1617 11.9249
182.14 9.28218 10.0668 13.6852 12.7657 7.32504 17.0812 7.34402 6.05954 4.94212 4.46409 11.9087 7.65037 15.3367 10.1874 13.4198 9.95284
195.715 11.8091 18.2181 7.74936 11.768 9.25136 5.60842 8.891 11.0127 4.29721 7.24619 10.4603 15.5067 11.0919 17.4249 11.1873 6.35134
187.296 8.2403 10.9694 12.1403 15.2103 5.58301 16.2786 12.4277 12.0067 5.49549 10.3977 11.2041 13.1662 12.2553 13.8603 14.8797 18.6362
183.616 6.83312 5.34669 6.22597 8.03061 12.0864 11.1687 15.167 10.9965 9.55012 6.9868 7.58044 14.9622 5.80133 14.3404 8.50473 11.014
171.236 4.9992 4.57908 10.952 4.79657 5.74912 9.60852 7.22187 6.86205 6.08226 7.71438 9.59522 11.2467 7.20736 14.9834 13.6111 6.42522
160.39 20.2259 8.24132 14.295 3.11986 10.2179 9.42028 4.93301 8.01214 4.07382 15.7845 12.9644 10.7506 15.9908 8.42242 18.1992 14.1042
183.594 24.9317 2.66491 9.26086 9.87503 15.2826 18.5639 6.46845 7.78294 8.3841 10.2719 13.7692 9.38886 9.66158 6.61017 18.8684 13.7438
184.893 21.9352 6.67814 5.42257 8.56071 14.4458 7.8967 11.9362 9.85908 6.71737 9.68171 2.85904 19.1903 7.33057 8.36908 18.262 22.7286
188.771 12.6405 13.059 6.07783 1.49364 9.36785 13.227 14.8722 6.05509 5.64947 5.1339 11.6947 2.22285 14.3279 8.60914 6.91681 10.5865
206.839 5.8147 10.4338 4.96434 7.31396 15.4776 11.5369 18.3715 13.577 8.61897 6.29403 9.8275 3.1838 10.9843 11.6355 12.335 11.6872
207.108 7.05864 12.7823 5.54004 9.22171 13.5998 2.8582 9.54393 14.7881 8.80919 5.98345 4.04351 9.35657 9.47408 11.5045 19.2297 10.5956
199.012 7.2085 17.2694 10.7985 10.7206 6.30499 15.0246 11.7735 8.88008 8.93305 7.4713 5.95669 17.2067 9.30989 5.00121 14.4628 20.1799
197.103 2.75282 9.75134 14.9372 8.32574 12.5828 11.0253 10.3739 6.5113 5.78334 7.08931 10.2134 19.375 8.91691 9.91381 8.87892 13.5213
184.523 2.74745 6.83087 3.59055 14.9332 10.62 8.83768 19.5373 12.0595 9.66691 7.96332 7.96889 7.6441 12.3298 8.68741 12.6937 9.81659
194.633 11.7426 9.18052 7.24766 13.5126 10.4134 14.7447 9.38217 5.21254 12.1685 8.17124 11.9244 7.9633 11.5833 14.7103 14.461 11.9013
189.811 10.0321 11.4804 10.3211 13.4726 21.1682 19.8726 7.7244 4.20119 7.53221 13.9019 19.6248 11.2195 5.57708 5.79576 7.35225 17.4207
178.148 11.8663 5.44402 9.84042 13.4925 6.97546 13.7775 5.86793 10.9794 3.37489 5.03279 6.22604 6.78947 5.93761 11.8193 16.1036 12.0308
173.281 6.50941 5.64579 7.10982 10.183 6.03345 8.86058 15.789 7.84778 11.1236 9.61604 3.90296 17.9956 11.4684 13.5758 13.4065 16.4287
185.077 22.1895 8.6471 9.28811 8.21064 3.08073 6.25232 7.39726 9.28946 5.37572 11.9809 9.01349 19.6239 15.6145 12.1163 11.6222 7.74852
189.976 14.0723 16.1041 9.16657 10.008 5.86419 5.71337 11.9682 10.4226 5.14247 10.2921 6.91791 7.54538 6.55223 12.4513 15.0587 14.8983
187.961 11.8779 7.36741 8.30462 10.959 11.8799 16.5341 10.4919 5.36987 9.54586 10.7168 12.0386 6.95484 12.5717 11.288 16.5022 20.109
187.979 9.25971 12.8884 14.6001 5.36868 6.36495 6.55754 5.58736 8.11881 7.18871 5.02095 15.2049 10.8635 12.0829 8.95291 14.4583 31.8432
191.905 4.17125 12.1508 7.63163 17.4475 6.1616 7.97235 8.63937 14.0124 14.3165 7.46298 11.3685 11.0639 11.6867 10.1382 13.1615 16.5433
186.447 7.12419 9.29285 8.82351 6.35776 9.85238 5.94824 5.20465 8.79384 6.96292 14.567 13.1201 6.39843 6.68292 13.6677 14.053 6.75686
183.836 11.3847 13.4403 8.54458 7.25643 17.5291 14.1332 5.82274 4.66421 13.0977 5.71428 13.1123 16.1359 9.74569 13.1498 17.204 11.4224
193.147 13.4341 9.74584 8.59233 5.30535 17.1711 15.3683 5.12303 14.3827 4.86323 4.319 16.6764 6.98231 10.3561 17.8307 13.2161 12.3778
178.557 5.14919 8.20371 11.4752 10.4674 12.3967 9.89887 8.55221 12.1596 10.4074 5.2422 9.26994 6.68472 11.9191 7.32515 12.4307 20.1669
192.269 6.90385 5.89422 5.83434 7.19237 11.0935 11.0708 8.55221 21.2747 8.72658 2.36877 9.04983 5.37768 8.88275 13.455 15.571 20.1669
189.909 8.04679 5.21174 15.7822 5.357 9.94804 4.24064 2.98034 9.60588 4.1733 6.07913 6.02713 7.87464 8.52377 7.13641 6.10492 12.2917
198.386 3.99073 4.36029 9.67442 7.11155 18.0342 5.01816 2.56099 12.9564 4.96573 9.19405 11.2753 8.25833 3.31942 7.79562 10.8977 24.5192
187.319 13.0279 5.02407 18.6849 10.6042 3.50432 12.8658 16.3956 15.0493 8.779 7.01537 11.4313 7.18216 9.26967 9.07393 11.6148 18.2499
178.824 4.68835 6.85217 10.5235 7.65764 7.32742 13.2059 11.6042 15.0953 8.86206 6.23098 9.52205 6.61111 8.80557 13.7864 10.8777 10.9312
194.513 16.5417 6.25092 5.35911 8.41451 21.1484 11.8788 17.1962 9.08043 18.4325 9.39047 6.70525 7.49529 10.9857 8.14325 8.92458 15.2899
178.51 4.73433 7.69371 6.31587 7.97691 9.94546 9.60085 3.32859 11.6539 8.03752 9.23321 7.19047 8.79157 11.8953 4.30551 9.37108 15.1639
193.808 4.40161 5.64713 2.76175 7.29667 4.03151 22.3416 15.0498 8.28133 3.60527 5.36894 16.1506 4.74143 12.1143 6.61807 8.05317 16.5069
199.119 8.85767 10.4461 15.8772 7.60951 20.2196 9.38618 10.5227 12.5699 12.1793 14.4012 6.26904 11.2113 15.9877 21.7649 7.52677 15.9722
178.177 12.6242 9.01692 5.55681 6.31348 14.2561 6.65544 6.28468 10.6438 6.55579 7.09777 7.14526 6.02673 13.2606 17.3171 7.46263 11.5613
182.677 8.49727 4.17441 9.29264 11.8105 11.659 9.85965 7.04005 9.712 8.62248 6.12099 8.42868 5.76887 8.04052 9.90996 9.52724 9.94517
192.429 8.99995 12.1328 6.93256 16.2006 12.0117 12.9757 15.8811 9.13323 6.45729 8.21687 6.36946 11.4093 8.13147 19.1708 7.67578 11.8491
193.072 20.5117 7.28638 5.65586 5.72042 9.11403 19.3898 11.5363 6.54602 8.24587 8.80717 3.587 9.05013 9.71291 7.82228 12.7691 5.16062
193.408 11.723 8.78208 2.79925 9.6238 13.0186 14.9502 8.83248 24.1234 14.0348 13.0207 4.26094 3.84994 13.5086 7.86533 16.1959 14.2368
172.576 9.60972 13.7859 5.23811 7.14845 18.1709 8.62924 6.96903 4.56939 10.7714 8.91854 3.4806 1.42477 6.49397 8.87439 12.7069 26.5966
196.051 6.6432 9.22191 18.4981 9.55212 10.4858 10.6797 6.80264 9.71612 13.5496 8.49812 10.5997 12.1042 21.1309 6.98762 13.1743 5.97743
170.538 5.09849 6.39114 16.9942 7.99619 9.64593 7.62842 4.75362 6.63 7.67269 5.91415 3.41702 14.0539 3.19627 12.4081 11.3369 19.849
188.998 9.88653 8.99623 2.16011 9.96448 7.75632 4.49934 3.68042 5.04209 7.81382 11.4712 4.09109 11.5539 19.2197 15.832 7.207 16.8851
194.007 7.58145 9.43776 6.63097 4.47881 16.978 10.5743 11.0011 6.05819 13.8425 8.20669 12.032 16.6906 10.4214 10.5764 5.70509 14.8182
190.379 6.35588 5.86913 11.0082 5.79769 11.1692 5.84026 4.88234 5.81114 7.60562 5.45447 16.8594 10.0005 8.49085 5.5669 11.121 26.4979
191.288 13.6446 4.66581 13.015 11.1664 5.488 13.2641 5.40489 5.83262 7.87471 6.22476 9.16082 8.46113 8.1203 9.56831 5.38382 17.4972
193.72 3.70237 14.2329 8.77065 8.94998 7.97849 11.986 14.8944 5.81093 9.98328 12.6566 6.88815 13.6115 6.31629 12.747 10.555 10.0805
186.765 9.81072 6.05127 11.6389 7.40249 6.35411 9.81881 8.55193 4.84199 4.00588 12.7186 11.1524 9.04926 4.11957 12.1699 9.67406 19.0871
194.4 5.02303 6.73408 14.5216 9.3887 12.388 9.17445 13.2678 9.98803 4.91078 3.01451 10.1699 11.0698 7.79621 7.02074 8.65524 11.03
180.024 10.8689 19.083 14.149 12.21 14.9986 10.1307 7.19014 9.49157 8.72489 8.92691 15.4196 9.0466 15.6744 15.6282 4.20569 15.1094
197.125 3.10901 14.4082 8.37211 7.22203 4.38919 10.8608 5.0681 9.46368 8.13511 6.84336 9.82442 16.1204 11.5793 5.13189 13.6915 12.663
206.909 11.3933 4.20855 11.6286 5.61901 27.2898 13.7816 7.99213 17.1196 4.48347 5.70378 9.83134 14.7573 5.97945 8.4214 12.5333 10.1136
201.203 10.7634 10.9075 7.51292 5.58975 5.61238 8.41502 9.22028 12.2503 3.18054 6.57866 14.9628 20.8301 3.13447 8.27019 7.04432 12.9866
191.492 3.96692 4.70741 7.4788 10.0675 24.129 6.32675 4.1051 3.54004 6.99559 3.49535 8.2482 9.87505 10.9788 8.2837 8.47863 6.77651
197.153 20.1691 7.28084 6.32434 8.72791 8.20136 6.95773 9.27466 23.1398 10.2968 3.11825 19.4996 11.0866 10.7779 8.54127 12.9197 10.7715
201.226 9.02861 4.85518 10.7712 13.5131 8.08092 10.2311 9.56506 14.3735 8.22852 11.1184 9.27967 14.6974 10.3357 14.4258 13.7448 18.1638
194.162 5.33086 10.2649 9.61352 4.73091 8.21635 18.0938 6.21368 14.9287 9.15838 15.9664 8.21187 12.867 9.7232 6.93666 11.3696 11.551
202.772 13.5707 8.942 8.97399 8.50426 5.23912 5.99429 7.51991 14.6148 3.60182 12.8675 2.33974 12.411 11.5355 8.16565 14.7682 11.9431
188.735 9.58718 5.02779 12.6003 3.27384 8.33491 6.56041 18.6635 6.29202 4.15366 10.9035 18.7888 8.81025 13.5282 12.73 6.99932 18.1869
175.016 6.80621 8.97675 16.022 10.6058 13.9474 7.95565 8.51866 6.7032 10.4376 15.3907 10.5288 12.522 14.0558 10.257 17.0337 10.4839
173.003 6.57845 7.99736 11.548 6.24205 7.8602 5.73577 8.45947 16.9478 5.45853 13.5776 11.0444 9.65989 4.32925 14.3694 2.91833 13.3003
196.433 14.0853 3.98484 9.09078 5.93769 6.9177 12.7343 23.6327 14.5031 15.9824 7.20146 14.1818 15.36 4.3493 13.9701 11.3931 14.4635
194.096 10.1339 13.1441 10.2648 5.23044 6.73295 4.30908 8.19045 12.2248 13.162 6.29026 8.1127 10.4057 4.91129 17.0057 17.4016 17.0513
185.596 12.2431 10.9909 13.4304 9.96509 15.4679 7.19748 14.872 6.75434 11.2106 8.72795 6.30293 23.5482 17.2859 13.863 13.2457 18.1992
177.436 13.1616 9.35837 9.69374 5.3511 14.7915 15.8763 20.0762 10.7423 8.54544 9.65576 6.37805 12.9927 9.15006 11.8441 13.1575 19.8119
185.578 3.72464 5.65636 9.98369 8.90621 15.8679 5.65565 18.1315 7.1077 5.71109 12.2823 6.78773 13.5449 13.8295 11.3301 12.5971 14.922
180.824 8.85986 9.78037 10.6063 5.30218 6.30629 4.69865 7.70778 13.2789 6.65254 10.5061 8.31441 12.7985 5.45675 14.6083 8.50602 22.8447
184.224 8.48398 6.82955 9.31379 8.95419 7.32971 3.96114 9.38374 8.66324 14.8036 9.982 8.24317 11.1181 22.0462 15.0246 10.8319 19.6342
196.261 5.56196 7.73818 16.0667 5.99385 16.5783 6.30516 16.0305 8.39085 5.48201 5.6003 5.99948 8.85735 4.20525 7.14614 1.86613 23.6926
205.408 5.30888 2.34587 9.76007 17.2435 14.2177 5.86764 3.45241 8.59285 10.6009 6.26722 9.79359 7.9018 14.8339 17.1537 5.53794 10.5536
190.312 19.6503 2.50423 8.23282 8.89679 8.93795 9.62295 11.5476 5.3509 5.67969 8.81514 6.62022 12.0715 15.598 7.47446 11.7427 15.3989
184.157 19.4112 16.1936 15.7543 9.23674 7.32961 6.91074 11.9705 14.1987 2.86833 12.1162 12.6913 7.87192 6.33076 7.76035 10.3284 7.56924
201.852 11.9422 6.8901 11.8468 7.8591 15.0638 8.5301 6.18608 5.33622 18.1039 6.20778 11.4216 4.43661 5.65392 19.7183 11.5032 8.85321
201.864 3.83608 11.1337 8.46506 5.207 20.3614 8.31024 3.43174 15.3856 3.62326 22.2007 9.12223 10.8618 7.26851 5.55363 11.9271 17.6097
187.809 10.6643 9.33103 10.0817 8.89416 12.2853 7.98558 9.54119 9.31753 11.2071 10.4671 9.1858 11.5677 7.02575 12.2191 10.6754 22.4925
193.542 5.35131 12.6651 10.459 14.7069 6.46129 11.4369 12.9777 5.46501 3.23422 6.60831 9.23802 12.6062 7.08659 8.99146 13.7735 20.4587
172.303 10.4964 20.7105 7.14564 6.08442 10.9148 10.2701 3.81672 14.7092 4.5621 2.94954 16.0731 12.5716 6.75471 5.68436 15.9072 17.2473
194.482 20.7056 5.86676 12.6716 7.93085 8.03821 11.1955 8.99289 7.5469 8.27811 6.6679 9.09186 6.20386 4.31844 7.04992 10.3379 12.7946
197.817 8.18336 14.3541 7.63192 15.7337 11.3534 17.2518 10.8178 19.8255 6.82079 8.20532 16.5076 9.69994 8.247 14.9239 5.62359 13.7859
198.903 8.34789 9.53358 3.66656 5.62271 10.7028 10.065 9.58828 16.5072 11.0452 5.84206 4.83829 11.4355 9.90938 10.9428 10.8844 12.0167
200.548 3.32405 17.7131 16.4491 11.822 7.17365 9.01991 13.7479 6.37244 10.0244 6.23187 10.7419 11.3036 11.57 5.98564 10.3887 15.8592
186.095 9.25621 18.0268 16.1542 13.4257 11.216 10.0126 15.3689 9.99995 13.431 6.52324 4.97929 14.1225 14.2014 8.8659 9.9121 11.3305
188.462 6.38277 5.96176 6.97541 14.5586 10.0639 7.37639 15.5205 5.76303 8.17669 1.99089 8.3748 11.0039 5.66987 6.05486 10.7798 20.4684
191.464 17.879 10.2192 7.82564 11.6912 10.6156 13.7546 11.5751 12.4483 13.4169 8.04503 10.5924 9.10513 13.6461 3.49251 6.46921 8.60133
183.644 17.6867 6.68177 11.4224 6.59664 6.90025 12.5236 13.9725 5.53328 15.1907 14.5148 10.96 11.5009 11.8269 18.5841 5.7626 10.9264
185.018 9.69953 14.824 5.57008 16.7499 9.85039 10.1504 11.9386 12.0802 3.92567 11.7276 10.0613 7.54032 13.4333 9.42101 18.3896 6.3262
183.053 11.9109 10.0215 15.969 7.23263 7.46192 13.1314 1.96091 5.63469 7.2404 11.0738 10.5874 8.00075 12.6236 2.89425 7.75639 11.0658
189.1 8.19404 15.9071 4.91223 8.32798 6.6143 3.49213 17.2004 14.038 8.78845 4.96425 11.6277 17.5869 11.1478 10.9588 13.7926 7.47623
186.992 8.55226 7.67683 23.8852 8.56475 7.62669 13.1955 7.19832 8.4808 17.0394 9.92625 4.87304 8.52009 11.3919 6.82552 12.8738 15.7331
185.873 8.96635 15.0253 9.24346 2.89985 13.5895 17.7007 14.7318 13.8976 11.1996 12.2703 6.91253 10.8598 8.75456 10.6557 10.901 10.0096
197.449 3.53456 3.76249 4.66849 7.02003 5.33168 7.09437 10.1036 22.787 11.7069 10.4026 9.40771 13.4287 6.43293 12.533 9.87201 9.00635
184.323 18.4071 7.51279 7.53935 7.83056 14.3811 13.0589 6.84515 10.5635 11.3396 14.1952 13.7008 17.6116 20.121 5.64438 5.40001 10.6677
193.052 12.1821 8.12607 14.6923 12.7064 8.14266 9.89054 14.7181 7.73864 13.2429 10.8525 11.2154 6.72709 24.6388 11.2723 14.5083 14.0945
202.393 5.15228 8.11498 6.27726 10.1029 11.2595 2.34177 19.0764 10.7796 13.3812 9.86043 5.89941 8.93415 10.3968 15.6032 9.85533 20.005
203.188 11.8491 10.7687 9.83832 4.50276 9.42016 16.3956 10.9927 4.75975 4.56023 2.13317 5.53981 4.64346 13.1093 10.8673 12.3519 17.9819
192.042 5.87058 8.94968 3.53989 4.25158 5.66494 13.3233 7.18575 22.3124 3.8437 18.1516 11.3012 7.40671 10.8221 16.3393 21.514 9.10817
187.081 10.2632 6.35508 7.36053 11.2463 6.31577 10.6015 23.0135 9.24917 7.95674 12.5379 6.59321 3.37496 11.9197 6.55543 5.13635 19.1895
186.176 10.7922 11.3463 10.1522 13.3362 16.7525 4.94508 4.38644 9.58887 9.51002 15.664 15.8745 11.477 10.6473 16.6906 10.6164 6.13516
184.649 12.0742 17.8435 15.6802 5.00296 8.4598 24.873 9.0312 10.3463 8.86649 19.1075 11.3088 7.48908 11.6219 11.7719 4.99273 10.6474
187.651 11.3567 10.0491 12.2399 7.40093 7.80421 9.71965 11.2793 7.45941 15.5644 4.55294 15.935 15.5019 5.61746 4.4328 13.8773 12.218
180.295 12.4185 7.74586 13.7956 13.767 15.1928 5.81177 2.26627 8.53567 11.6713 10.3937 9.28894 13.4359 20.9556 16.7891 17.0517 4.45425
189.132 7.78496 8.25084 9.09136 10.5598 14.6295 10.6067 7.36777 6.08569 6.29923 7.65218 7.34187 14.6253 8.14135 14.9264 16.245 17.7931
192.447 8.93202 7.25606 14.2573 7.02503 7.87749 17.1128 7.91779 3.76623 12.5916 10.2694 4.20593 11.4065 13.5676 5.75426 14.4311 19.4302
181.011 13.8542 5.83277 3.97552 8.9304 11.6298 10.7736 11.5191 10.3948 20.596 14.3864 8.46744 15.9835 15.7339 10.5505 14.1028 12.8331
180.339 8.38975 6.42653 9.04646 11.404 7.87101 7.17458 7.98432 18.1138 20.6667 16.6847 16.886 18.4261 12.7216 12.7576 13.4417 11.4992
205.238 16.2822 9.43014 7.78568 9.14002 8.39847 8.40817 13.2046 12.6195 4.95776 6.31371 6.64073 10.975 8.1907 4.57924 9.48932 18.2422
201.601 8.94502 4.99116 7.37768 5.7715 9.72141 6.24275 10.3887 7.02522 10.7627 15.2629 11.0254 9.73271 30.7791 7.92809 11.9858 21.5393
184.128 13.0564 8.08832 18.0024 7.17052 14.8526 9.64263 3.81008 10.2442 3.31537 1.42481 18.3788 6.07006 9.31532 15.2334 9.96994 21.5525
175.24 8.00594 8.7814 7.30537 8.81006 10.7734 7.26707 6.01433 16.6679 11.5389 9.75825 6.97906 11.0977 12.8128 3.19499 9.47854 7.49712
177.408 4.22608 7.09538 5.26403 12.7556 11.5045 8.18452 5.99903 12.0771 8.18535 12.5214 8.35163 10.0384 4.1886 5.79445 9.96316 11.5345
175.541 6.17447 6.62742 6.21928 14.2222 13.2816 5.17678 12.6585 11.6981 5.00179 2.42578 7.24511 10.099 15.0798 12.0637 15.0203 11.2539
181.592 9.1244 19.1528 2.03226 12.9643 14.7839 8.7293 9.26004 7.94462 2.9042 3.74551 14.1972 7.65299 6.76189 18.2764 12.5707 13.2738
184.365 8.03351 6.42363 12.6368 3.69811 9.67057 18.0169 7.80129 10.8247 4.19937 8.46209 6.4628 11.376 9.81371 10.326 4.55499 12.2513
189.988 11.5902 12.706 14.8532 5.62423 10.2361 9.79471 4.96366 3.00776 10.6283 7.22348 5.8878 11.0097 9.52038 11.0037 9.09019 18.187
183.171 6.12192 5.87881 8.23613 9.60381 12.31 9.52968 7.01158 8.29999 12.8741 7.10698 5.40172 11.6005 17.1711 12.5725 7.55428 15.6869
187.272 10.3391 5.85652 6.86159 4.54437 9.04004 22.9492 10.7189 6.18443 13.1186 8.76097 8.84624 5.42252 13.9193 5.70987 8.75709 12.1271
192.831 7.24769 11.1367 8.42769 10.379 6.80728 10.1663 5.30725 4.4735 8.14984 5.90882 5.19646 10.9736 12.013 12.3033 18.2375 17.2049
198.659 17.1005 3.36975 7.48938 13.163 9.47789 9.30915 12.461 8.90124 11.3982 3.97139 6.92003 8.55474 9.80639 10.0662 9.90476 16.7011
178.443 9.82205 14.4587 5.81606 8.31291 11.3224 4.16825 3.53632 6.4306 5.74703 4.50228 6.64307 8.41361 9.58988 17.4954 10.4878 12.0808
189.3 9.07787 11.2077 16.6704 11.9055 9.54587 5.48341 12.3734 7.14717 7.00637 11.0471 3.66312 8.70209 13.1823 15.1725 6.90402 11.3876
184.125 9.06042 9.26892 4.39156 22.4421 8.5235 10.1738 5.08657 8.12167 4.99433 9.69776 6.74297 6.10544 13.873 8.78008 10.4293 11.5236
186.03 3.46484 9.25794 3.46123 2.41833 7.09329 13.0926 13.6376 6.18445 4.56475 9.82323 5.77525 11.3804 6.30073 11.193 2.91304 13.4181
189.106 11.054 9.44078 9.25634 10.4611 7.53722 6.90599 17.3164 4.08066 6.2289 11.5002 6.31155 6.97137 10.2626 13.5845 8.55821 21.4395
195.528 11.6302 7.035 7.43018 11.5102 10.9475 11.1261 8.61792 11.1268 10.1819 5.95849 13.5877 10.9305 13.3613 12.4586 6.46614 12.459
214.965 12.1982 6.37308 5.34197 4.40816 17.0526 8.20694 15.6351 11.9472 7.88021 6.61123 7.13161 10.1045 23.9441 7.28432 8.363 13.7274
206.042 11.9447 9.83828 8.79095 6.36602 4.95112 10.2415 6.55393 10.3033 6.16512 11.4836 16.7935 14.7772 7.94187 4.60336 4.25972 8.81447
196.56 3.95559 12.4541 16.7356 8.24777 7.25719 6.61291 21.9961 10.0769 10.6202 10.434 7.43919 4.28932 7.09047 12.8374 13.7062 15.9182
206.234 12.6751 11.3519 14.4953 10.6025 20.7407 9.54738 12.0692 10.9963 7.97575 19.0341 4.88451 21.4128 15.4234 11.2351 13.0179 9.44909
202.595 6.71908 13.6239 10.7251 13.8417 22.0405 4.74672 12.7564 9.85575 9.18553 6.55692 3.52589 8.03622 12.6473 15.8617 8.1802 14.5421
203.494 5.53011 7.6335 7.27397 15.0823 13.9854 7.92112 9.9008 5.91947 7.53532 7.58598 12.4324 6.99564 13.9567 10.8882 8.07076 14.9467
195.792 7.02682 4.31894 6.64081 13.7166 19.1183 9.51429 10.9012 12.6564 6.58104 9.24328 9.74072 10.0479 7.58263 8.7447 14.2053 14.1858
200.29 1.82379 9.09424 13.1669 16.7633 7.55421 5.88119 11.3506 14.7105 7.5021 7.58583 12.1971 3.168 11.0057 12.6158 8.19185 10.9207
188.986 5.33898 7.25144 11.1054 12.5915 10.5119 12.5067 11.4225 11.0613 7.22982 15.6864 3.90988 7.21668 7.37498 19.9154 3.87933 15.4291
182.643 13.6446 6.33586 16.4928 16.0446 16.3331 7.81295 8.54058 23.9968 10.8664 6.9188 10.3548 13.5526 6.05487 7.1517 6.98692 6.40202
197.73 16.0755 12.4785 10.5478 12.4419 10.2186 8.77611 18.5389 20.1972 5.73785 6.62799 18.8812 13.0913 8.04105 9.61869 7.31662 23.6437
202.885 6.88794 10.7509 14.027 9.93941 3.58155 8.75047 11.4953 10.2177 8.44611 7.6168 21.1816 15.0622 13.0295 14.296 19.9926 17.517
197.279 10.3269 8.03218 12.9589 6.67821 5.14772 18.2631 11.4953 13.5859 8.46083 4.23721 11.9598 8.12985 13.5595 17.5129 18.1554 19.9784
188.811 12.0252 7.89774 10.4031 7.44143 19.5216 19.9129 4.63663 8.27229 18.8761 6.3836 6.79895 12.8563 10.4136 7.53518 11.9219 23.4927
174.967 14.3681 5.17874 3.0597 8.04838 19.5769 17.8557 8.44404 14.2014 11.1009 7.54448 9.7775 19.2352 15.2684 4.41705 9.30585 19.0221
178.604 2.50704 5.62386 8.63014 7.68725 5.05501 15.669 7.92214 4.62805 12.9889 15.3289 12.8871 11.2631 16.0746 10.0792 17.7857 10.1979
186.321 12.4626 5.66214 3.96243 6.90244 13.6275 4.72402 11.296 6.93875 5.49145 12.5124 14.3757 14.8148 8.80049 13.6511 17.3728 14.4171
184.941 9.79106 10.6331 16.4047 5.23518 13.1971 15.7167 5.77786 15.1001 13.4203 14.1575 9.27265 14.544 13.2895 15.848 5.65822 13.399
199.642 8.42088 10.697 7.14921 6.70798 11.7492 21.8075 16.2467 6.68988 4.45755 13.6207 12.9704 12.9606 17.783 8.18121 11.801 19.9345
191.254 6.18576 5.2166 6.20924 15.3216 5.17974 2.80231 12.0727 9.2227 6.00215 8.22647 6.0937 15.0578 6.89911 10.1562 8.30492 9.1471
206.012 9.92912 12.7339 4.36447 17.5317 21.7848 6.8776 12.7833 6.8171 5.09533 2.73273 8.38005 12.0065 11.7752 12.7018 6.93934 9.1471
194.833 9.07776 4.91831 6.957 20.3264 12.4469 7.83193 18.789 7.48709 3.53186 4.56965 6.70289 11.7098 9.6982 11.5686 8.86221 11.9674
193.086 8.92209 12.9805 7.90521 8.04065 13.8527 14.7051 7.11201 14.8152 17.2656 8.07772 19.5788 10.1946 10.3471 7.40432 4.20844 21.0069
192.444 14.6715 15.5247 13.8996 10.0469 4.5419 7.07883 10.4166 11.3462 11.9456 5.7539 10.9142 6.66912 17.0051 9.2472 4.76262 16.0051
198.089 10.8539 5.34698 13.6096 4.24153 16.8955 7.01042 9.27979 8.90729 9.39181 9.6862 10.4915 8.02183 8.23616 11.9741 10.5227 16.3888
190.94 8.35611 15.5441 10.3198 5.43055 10.6267 6.95233 8.92077 6.77998 7.6581 8.22387 12.1798 3.64826 13.3927 7.02752 20.8381 25.2085
169.967 7.0878 9.84859 11.1241 8.81253 7.90313 5.14837 6.6169 8.86078 3.09511 3.67692 7.38379 6.15451 15.1323 8.45418 11.078 12.4789
191.87 5.85268 4.50084 9.26897 6.3305 5.53169 16.0918 9.6356 9.09441 9.13161 8.02606 11.7749 8.70216 11.0813 6.94049 14.2057 11.1264
173.384 11.3307 5.87192 7.46815 5.64648 4.6092 16.6761 16.3277 13.5482 3.07011 9.17428 12.5952 5.9826 3.99814 1.837 10.1655 7.81919
186.612 15.7651 2.15508 5.30364 5.0193 8.60957 18.8327 5.10502 8.81563 5.65005 3.29747 11.7531 12.3306 4.00071 12.3031 9.81567 12.2585
188.898 5.82389 9.99246 4.89897 8.51744 7.23056 18.6993 11.9371 19.8171 6.26385 5.8835 11.004 13.3499 8.5051 7.44836 17.9382 11.3849
201.144 4.85272 5.16813 12.8265 10.7915 8.62052 16.0918 3.80178 9.99804 14.6565 9.08955 11.0406 12.2033 7.28037 17.6417 8.80765 15.0997
197.66 5.17939 3.83937 5.02903 6.02656 13.2967 8.52369 3.70476 13.2183 4.46647 9.43481 11.0071 9.77803 15.4115 11.1271 7.50411 18.6706
178.811 6.24315 8.73621 15.9656 6.45714 11.6027 6.69641 11.3336 8.56548 21.6185 7.69854 10.9695 18.3638 8.86491 10.2365 6.6628 12.3216
181.349 16.6792 4.05391 9.44572 11.3729 14.565 9.43894 4.27132 11.5592 13.9635 9.75841 10.9751 11.8624 7.85879 9.35746 5.84301 10.4533
186.822 3.24411 4.26551 20.3931 8.34027 12.923 15.1002 5.50807 14.4226 7.56725 4.7805 19.0933 8.13779 4.5941 8.2554 9.59515 11.4099
173.816 16.5098 9.80354 9.94057 16.8902 16.129 14.1051 2.563 8.28819 5.33486 4.76298 5.81669 9.28278 6.68922 6.26182 10.3885 6.72757
173.634 10.6629 11.8855 17.8702 6.33024 11.9791 6.54129 4.11938 12.4473 7.87626 4.69432 7.86326 6.526 8.49529 6.61993 15.0928 14.9704
189.713 7.35125 11.3196 9.41624 7.71729 9.81499 5.80868 16.2635 8.49618 14.9624 9.00831 7.38905 17.0328 10.5142 7.23325 9.42877 14.4666
191.116 9.89084 8.10287 11.8914 8.95671 11.1203 11.7644 13.3437 13.9565 13.1423 10.4844 7.29016 5.79802 4.18495 11.8582 5.72378 17.2796
190.168 19.272 6.59285 8.08548 8.49182 10.0225 9.54093 8.62692 4.26393 13.8314 8.79722 2.9797 13.239 6.70116 14.0981 20.9959 16.9976
186.408 12.5853 12.6442 9.69638 14.4183 9.07033 10.5326 9.05439 9.35441 16.877 8.70624 3.39386 5.68379 8.51856 8.46928 15.5112 15.5453
187.041 4.21405 9.07257 9.58917 7.0981 11.7553 10.6781 6.61434 12.2283 16.8492 4.55814 10.6806 22.7917 17.7499 20.3531 11.5087 17.1384
192.947 2.62527 7.63448 10.6871 12.9825 5.31857 19.3487 17.146 15.268 13.493 5.76612 11.0202 14.7434 8.35881 13.5398 6.03609 19.8804
181.45 8.25659 11.9078 7.67353 9.46421 6.25242 10.0692 12.0777 16.7394 7.45492 6.85301 5.39426 14.3706 7.23846 9.50738 8.07381 13.99
173.352 11.9124 9.64032 17.2013 4.16353 6.67314 11.3094 16.3135 14.5095 7.48397 12.5466 4.55046 17.049 14.1496 12.4679 15.7413 10.1247
173.571 5.44899 14.4606 17.1268 11.6286 11.9909 11.568 11.4775 11.1251 11.8038 8.39229 9.99683 14.4792 20.1505 7.00513 15.4165 9.2918
189.372 7.5122 7.46387 6.4766 10.4631 7.91434 6.15718 6.60013 10.7464 17.7989 6.58287 7.81071 5.99061 5.27571 5.17169 9.08278 22.3451
188.978 4.74279 7.80472 9.28938 14.8984 8.51953 6.76531 6.87452 5.46104 6.14518 11.7651 8.80407 16.3861 6.11695 4.34589 13.6778 10.8398
180.065 12.2873 10.2277 9.66573 13.0216 13.9048 5.7627 18.0566 5.5003 8.99775 4.52468 6.71281 3.77272 7.14258 9.23168 20.458 14.7037
204.402 6.93902 7.20518 10.4798 16.2681 3.66676 6.87805 8.55698 18.3133 12.6426 4.88455 5.23488 3.46053 16.1805 15.3104 6.19974 24.0641
208.571 11.4108 9.63474 6.29526 4.23964 8.96861 20.567 5.62154 4.99893 7.71773 6.83282 17.0176 19.5615 4.81725 12.74 22.0667 24.1585
172.06 16.0494 13.1837 10.3527 12.8498 9.95824 4.08547 6.41083 4.94376 8.22924 2.40509 14.752 16.0703 4.40049 13.6969 8.41522 19.5051
181.366 27.111 5.1213 10.5022 10.066 7.84795 13.1663 7.26342 14.8162 9.34415 14.4034 12.7083 3.61943 8.92664 9.47998 7.85768 16.0935
197.152 15.6012 5.08713 8.43862 6.81404 15.8391 16.3867 5.11775 15.1595 6.73889 6.2238 9.25568 7.36678 8.92992 7.31136 9.60354 10.4147
183.75 11.8075 11.183 12.9369 4.56554 6.81191 5.00233 6.4239 15.9392 5.95112 3.63939 12.3827 6.11925 7.98657 4.91571 6.37516 6.93354
181.575 3.77776 7.07057 6.65897 7.22287 3.19221 3.05279 6.92256 17.0188 4.41146 6.3982 5.29521 15.8454 9.07445 8.97168 4.56215 9.96804
186.583 7.47747 6.55083 4.65867 6.86287 9.6119 3.63343 7.01696 12.8983 5.28911 6.18714 3.40506 7.27667 10.6957 8.399 12.7046 23.2271
187.626 5.79363 12.0535 11.6765 9.77579 10.8433 6.10647 7.55909 7.92281 4.8648 9.50497 7.28821 6.85963 8.63304 6.67592 10.3502 24.2093
192.129 2.73096 10.9675 11.353 13.4422 5.78524 8.98334 9.35775 6.76936 9.79204 5.89263 8.07009 5.93157 10.2299 7.78344 9.25696 23.5132
194.059 5.43483 7.50048 16.5108 7.29625 7.91309 8.45737 15.6812 13.575 6.13046 8.57277 10.1291 5.41011 3.68721 5.25077 11.0163 25.1661
194.428 20.9508 14.8731 9.5103 6.00153 12.2101 17.9494 14.7831 11.382 3.55102 9.29314 18.0263 2.12666 9.73809 10.6364 12.4072 14.1986
199.552 10.9601 12.7195 14.3528 2.87747 10.2469 9.74301 1.37893 7.7485 8.49255 10.7274 9.59049 11.074 5.19404 10.1081 32.2435 20.3545
197.311 5.39724 11.5175 6.40415 3.64805 8.66172 8.52853 11.1581 10.209 4.84341 10.7197 9.78868 10.3218 5.42191 17.1093 11.9819 25.5185
189.788 3.71297 1.32137 9.06025 3.96678 6.12539 15.6049 16.8817 6.52865 4.81132 3.66435 5.09363 13.4235 6.35532 13.449 15.752 14.3995
182.217 3.93054 6.51917 16.8452 11.6609 10.4572 10.4856 17.0769 11.5373 14.7187 5.67099 11.0808 9.18634 4.92231 17.9368 17.7362 8.36543
187.939 2.87839 6.70443 5.59208 7.41704 11.6621 4.12299 14.7573 7.83237 5.84569 14.302 6.64299 13.9788 5.22362 13.3377 22.2434 14.8634
169.765 4.57454 6.67886 11.2066 1.24556 4.09743 15.6973 2.37196 18.2504 6.35534 6.75051 8.10599 20.1847 4.71078 10.3307 16.2568 15.8469
184.679 4.28552 6.84499 10.0202 9.68448 2.57516 5.7018 10.2538 11.7111 10.9096 8.39434 5.90667 6.15897 9.50672 13.5245 15.1676 14.0023
198.258 11.2298 7.02342 14.1558 8.44056 3.82169 9.79787 10.2499 5.36982 14.9323 9.11513 15.728 16.7486 4.44997 7.29328 8.47735 20.2699
189.244 5.8107 9.27899 17.6256 14.9185 4.71916 6.65247 15.6683 10.4084 4.69714 9.93978 11.5182 11.0217 1.51773 7.44869 8.13704 22.833
189.234 8.35801 7.60414 7.19983 9.90985 6.99366 9.37493 6.74665 22.7694 8.27368 8.74672 8.13595 10.0694 16.7818 6.7357 10.6417 14.1156
181.198 8.81596 15.2473 16.3503 7.63119 8.08067 7.29751 8.80324 17.6729 4.9301 5.71192 9.6423 17.1273 8.03345 6.76879 6.40649 11.3868
208.586 10.2503 5.18097 15.1137 10.7902 11.968 4.00561 16.5066 14.9237 7.92213 16.4038 6.00416 11.5446 7.50267 23.2214 9.89653 5.49605
194.131 10.4462 6.75618 3.46947 3.25363 13.7983 8.54643 4.38234 6.35623 6.1558 13.1107 5.31082 16.0149 4.07415 17.4301 6.7375 14.1625
193.79 17.3776 5.89448 8.13803 10.8535 14.7235 7.92131 4.69924 10.3258 9.66048 6.82407 5.91074 14.5019 6.96017 12.2525 14.6435 18.9413
190.941 4.09317 9.12589 5.48154 10.2551 18.0923 8.132 4.88247 10.4498 9.06587 5.51785 6.51323 10.8143 13.2596 19.7808 13.1886 10.944
192.895 9.47138 6.46875 19.2625 17.5589 18.9518 17.0364 5.23362 9.81597 4.76328 4.19511 5.16408 7.77807 9.95166 12.6297 11.8945 11.7087
183.617 9.10942 2.79575 18.1157 9.29837 5.86909 12.69 5.8764 6.5513 10.0549 3.60292 5.10795 7.62863 11.8998 11.5396 13.9435 12.8114
191.304 15.211 8.55328 8.58217 9.37327 7.30848 14.5534 4.61241 7.49694 17.777 13.1903 6.19874 9.88849 4.79386 8.40863 9.60164 13.7052
198.211 9.86415 10.7119 16.5028 12.7548 7.79278 23.1274 3.77157 10.301 10.044 4.5288 7.16373 7.58979 9.04176 9.84247 16.2765 11.6395
181.007 3.73216 23.0376 6.97073 5.78076 11.2938 10.3847 6.93456 12.195 15.6168 4.00086 13.2498 17.8921 8.40404 16.3828 7.61679 18.7568
184.594 11.1261 18.2213 15.0503 12.4017 12.2187 8.97957 11.4093 8.82035 5.08549 7.0867 9.92669 11.0165 8.85047 9.93382 10.2889 17.5199
178.383 6.07971 8.16131 11.4856 11.2659 4.2514 5.06994 10.5494 4.55182 6.30489 11.0992 5.90618 6.44824 7.82077 5.09513 10.6536 14.1426
207.922 7.39391 8.06884 11.5784 13.5457 5.57939 12.7788 6.89815 9.06195 6.52437 9.78448 7.74475 8.72203 14.2455 14.418 11.3826 25.7873
201.274 7.83663 12.4913 20.4564 6.0703 10.9963 14.1181 8.81379 10.5792 16.2555 13.8891 13.9516 13.2725 12.0742 15.2528 12.6974 10.8281
204.553 11.2785 8.80779 14.6812 6.31052 10.3933 9.90124 11.5407 5.30464 10.9508 9.60716 9.54416 13.6275 3.73294 4.886 2.94247 11.1784
178.848 9.17393 3.8212 9.09782 7.02911 11.3452 9.61314 7.40543 17.015 10.6046 13.842 10.4746 13.8247 13.2901 6.10855 5.87969 11.1225
192.692 5.94661 3.18253 15.1831 20.1254 4.91471 9.50283 4.07905 12.0951 3.96686 9.34982 9.26035 7.26109 15.9896 14.8352 10.25 16.8302
192.32 3.5151 5.94557 14.1438 7.41095 5.2067 8.60915 4.17667 10.7967 5.90082 6.51341 3.00827 11.5053 11.1616 19.4629 16.654 10.9008
184.22 9.49306 11.8559 11.3782 9.89003 9.55183 6.70728 14.531 5.36544 9.97401 5.18933 9.7061 4.04869 10.633 14.0993 8.20163 10.7381
175.519 3.85683 3.14558 13.6783 11.0701 11.7019 15.1485 16.1159 5.8608 11.7854 4.99677 7.68949 10.2906 4.11055 6.02884 8.23926 12.5236
179.822 17.098 20.9934 10.5385 11.2749 11.3592 8.95796 11.81 9.37667 3.33555 6.76516 7.07535 4.71828 4.82731 15.7911 10.0273 11.3402
179.036 12.3487 6.50569 4.12902 9.81754 11.4977 5.45723 7.14885 12.5022 5.82618 7.0187 10.2176 16.4734 10.6031 14.9061 10.0484 22.9739
175.175 10.7366 7.20151 13.1452 10.669 11.6636 12.4126 7.06355 9.60765 7.77891 13.2195 7.48472 15.0896 6.82872 15.3824 10.9499 20.5142
198.907 10.9538 13.3326 4.74297 16.7019 11.5368 13.8968 8.10777 5.07542 6.46024 13.0662 11.3845 6.32592 10.1101 4.01537 22.4392 15.421
181.144 8.38157 12.7888 6.35249 7.20697 11.8468 21.0722 5.97907 8.85932 6.65523 9.43154 10.2503 8.54394 18.1863 8.30537 10.2492 14.2691
182.822 14.4682 5.43662 9.66636 15.2217 7.78493 7.38752 3.48275 12.9932 11.7381 10.5068 11.9968 9.44432 8.35539 9.94175 10.7832 14.1368
188.024 8.68975 10.3165 14.0898 5.66315 6.324 7.76216 5.69051 8.56793 10.7133 9.59882 7.19705 14.2747 10.2016 6.13575 7.23436 14.6613
183.101 12.9738 11.2391 15.6936 12.4584 4.70452 20.8777 9.03928 5.72246 11.7252 5.84855 9.5501 15.8389 4.61421 12.5624 17.1676 18.67
175.11 3.13814 11.3531 5.57294 7.15728 8.84079 10.5317 9.87714 9.80889 10.2833 15.4548 18.3423 8.25766 11.791 8.89122 7.80903 18.4349
179.104 10.043 8.85533 14.2786 11.6768 6.89657 4.29527 2.97807 6.80727 12.7891 13.9998 10.9198 11.4073 7.96208 9.26497 14.7065 18.6071
189.751 13.0895 5.15106 12.6536 6.16558 6.18837 2.67356 15.8167 17.2518 4.18818 11.7832 3.07577 7.52653 8.50293 3.88874 17.0369 18.8939
200.882 2.69319 8.25026 15.4965 5.42451 10.3924 15.885 15.6179 7.70339 16.3824 6.89036 5.43943 12.9997 8.03142 10.1995 8.20554 13.3496
171.107 9.88318 13.8157 11.2088 9.69459 6.22173 14.1574 7.76041 10.3372 7.96684 6.36676 11.7225 7.75564 19.7731 10.0794 13.1539 7.92813
181.661 9.85386 8.00489 11.7255 9.87432 6.4039 13.8558 12.4703 5.09865 17.8956 6.68885 4.03243 8.96985 9.43731 14.7606 13.0318 12.6625
180.931 8.20324 9.83158 11.7286 12.92 5.94899 9.04242 9.63986 6.68348 15.0875 6.85024 8.24981 8.74259 7.73322 9.46899 14.487 15.0767
191.358 10.0292 13.4348 5.60202 11.9159 10.1806 10.8685 9.79471 10.4095 14.9682 6.73136 13.4021 6.09131 9.99246 18.6013 15.2119 8.68367
194.722 4.45874 5.8774 9.50447 12.3855 16.6629 13.3623 10.4243 5.4743 7.14571 9.51972 9.25729 5.23445 6.15068 13.7715 11.211 11.0182
182.827 14.4487 6.13925 10.4094 12.3117 13.7936 5.79264 8.41215 6.49366 9.45807 7.68987 8.74523 4.22018 12.4686 10.6954 16.7314 11.7682
182.16 5.42082 18.6564 9.8168 12.0865 12.9238 9.08547 9.90021 9.13732 8.79099 7.1457 4.20628 13.8119 4.94054 11.152 3.58746 18.9168
182.383 6.13022 6.21729 4.81859 11.1617 13.4547 10.6885 13.5939 8.57397 6.26196 6.77977 4.78998 15.3161 7.02465 7.807 8.39429 23.6539
183.772 8.93738 10.1396 9.34429 15.3492 6.955 15.867 6.08088 7.89261 5.46004 9.15624 7.21964 16.7406 11.7134 10.4721 7.20905 18.6208
183.797 9.72449 9.34471 3.45144 19.1471 8.60336 14.7836 10.2375 10.9339 4.45128 13.1631 7.8031 18.2966 8.59454 13.7473 10.3443 19.1534
205.339 8.5612 10.7351 12.9098 13.0169 8.0338 11.051 11.6042 10.6577 3.9621 7.52516 5.30642 19.2824 17.4581 23.3626 6.5184 14.0888
194.821 7.36571 8.60891 14.5414 11.0823 10.8849 5.39595 4.99773 10.2038 9.59012 4.68702 13.1092 8.91568 9.03025 11.488 11.3338 17.9446
196.253 15.1823 7.48794 10.1604 10.2915 13.838 5.4493 19.0191 12.6868 3.44494 7.69113 11.9279 12.7082 3.19353 16.0187 18.6237 22.7498
193.59 10.0323 13.9607 4.93841 4.3783 6.56591 10.8612 2.15561 15.8386 12.5322 8.88781 7.339 8.14558 5.85032 16.074 14.8689 16.9186
177.799 14.3578 13.3097 11.4316 3.74087 6.93628 4.7703 8.83931 21.3729 19.3226 7.61118 9.50387 18.9199 11.0764 10.9395 12.3874 14.7968
183.782 13.4344 9.80825 12.1328 13.5289 11.9125 8.08819 8.67527 12.7758 14.7212 6.27483 15.8595 11.7204 13.0994 11.6053 4.70472 22.2005
175.296 2.58795 5.08859 13.6537 8.61797 10.6942 6.64645 13.0804 3.68745 7.42 5.01644 11.7795 17.3554 11.7203 9.77202 7.47083 8.58189
177.771 9.10596 11.4232 10.1796 9.13606 7.48318 9.78833 11.6118 15.6195 9.4586 16.3228 13.0855 7.87369 6.97712 9.64995 11.8196 20.7469
180.736 3.59006 11.6821 4.24938 11.5482 10.5904 12.3773 8.43564 14.3917 3.43284 14.3618 14.4038 5.918 11.3037 11.8397 10.7295 7.60011
164.263 9.08005 4.77255 6.48098 4.36708 12.728 15.1699 4.19455 12.2368 8.69327 7.49118 5.30744 11.2041 11.7221 19.5789 8.63748 18.476
197.059 5.90047 15.3239 11.4033 7.89312 13.2226 8.80918 12.0737 8.8845 14.0898 10.2106 11.16 17.9364 10.2606 15.8605 7.43552 13.6875
195.208 7.05685 5.36232 8.69125 9.52291 13.1177 11.7541 15.9206 19.8162 3.44056 4.81387 14.4893 16.3206 9.27912 11.3293 12.9921 22.3485
195.956 19.0161 7.40402 11.0929 10.2947 10.9766 12.0339 10.8783 5.11729 11.2122 4.68329 9.71306 6.65267 5.13317 17.1561 9.76531 15.0249
189.148 15.9621 15.1194 4.92349 4.06831 5.94438 11.6592 7.87045 7.89432 11.3628 8.15339 12.5995 5.26102 7.14616 7.22999 4.44966 15.3555
193.737 7.05832 20.9659 8.8108 8.62746 5.09733 13.1949 8.7604 14.4035 6.08084 19.3779 14.4207 13.4952 7.33034 5.15156 8.69808 13.1471
188.95 13.266 8.50971 4.63189 8.83313 12.1352 13.3705 11.0344 8.55991 12.9394 4.59773 12.9168 3.06365 8.35121 7.09942 6.77221 14.508
178.652 10.4201 9.85431 12.9832 4.64348 8.76826 14.3236 23.8912 12.6653 5.73903 10.9725 11.3845 10.6582 13.1002 8.71908 1.98302 18.389
193.646 10.2251 11.6995 4.49438 8.69184 2.41154 5.50362 2.06747 13.1391 14.8795 8.145 10.6169 10.6685 8.06578 6.94981 8.54139 10.6702
193.244 7.39562 4.54629 11.0835 7.33467 6.93916 6.27993 11.0587 5.93348 11.3744 11.2363 4.02106 10.2384 5.09876 19.5574 4.56866 10.2122
199.58 7.73688 9.74055 7.10051 19.227 14.9445 8.25312 13.4722 11.8312 10.0624 4.42173 6.02583 10.5858 9.51881 16.7651 16.8962 9.54424
190.314 4.39808 16.2669 11.2707 7.80299 14.8328 13.5534 10.4698 7.99236 3.55624 9.54019 6.11327 11.4691 13.9798 7.25873 11.4885 12.4735
198.461 6.45199 8.72916 11.7015 8.04124 9.67576 20.0201 10.7503 12.5721 8.63791 9.14071 6.27972 12.3261 6.83913 18.9898 6.07708 10.4402
193.553 12.7964 5.39684 10.8303 10.9813 18.4304 8.13593 10.3993 11.538 4.33898 11.2987 9.73906 9.01632 15.7319 8.49935 7.83812 10.9939
176.077 10.5688 8.74364 1.8347 11.5076 7.90788 10.5908 16.1804 4.04423 5.58718 5.58151 6.61438 7.30231 6.19066 15.1705 22.3345 11.2037
182.316 7.55584 9.52937 5.97163 12.8606 13.5637 15.3642 12.96 15.2401 7.15154 11.0702 6.10383 8.29095 7.39129 14.9875 12.3258 16.2744
190.159 5.3351 12.0265 10.5518 8.974 18.6933 10.419 12.4796 13.0827 7.6502 15.0686 11.6468 4.32403 9.09581 13.4674 9.36081 16.6065
199.587 8.25459 22.1431 6.81399 5.27573 10.4444 16.9719 6.56622 13.8156 13.8134 7.04854 5.51772 7.03303 1.97338 9.01714 7.28259 16.8177
204.459 6.90988 10.7478 14.7167 10.8011 6.85168 18.9886 8.24424 7.04469 6.18123 8.35897 10.1822 6.44504 12.8355 3.3492 5.42079 14.965
196.626 15.1387 16.6464 12.3868 5.15417 4.64606 9.2137 9.7942 7.12119 11.2877 13.4899 9.28804 3.99318 7.00797 9.15076 9.63361 17.0765
213.963 8.00216 18.6462 8.1494 7.65719 8.4158 12.2614 9.58082 13.9687 2.58108 6.72869 7.32459 9.12425 11.3391 10.4412 4.52393 18.0787
201.245 9.79452 10.144 9.08458 5.64323 9.55092 7.42493 8.70641 15.8427 3.0828 9.0868 7.88556 8.56558 19.0523 10.1839 10.97 14.2343
200.662 12.1202 22.8076 13.494 8.37366 13.9062 11.3962 6.49145 15.2758 3.58332 4.37839 20.1719 14.5205 16.3833 14.8699 9.49251 10.0902
195.733 6.63115 6.26425 9.96099 10.8666 11.9811 6.20728 4.3145 18.2443 8.29483 7.90697 14.2883 11.9692 10.1849 12.1505 10.3364 13.2825
192.771 6.19983 7.80917 14.9168 6.56221 9.25024 11.4164 5.75392 3.36814 9.19183 16.2213 10.7097 12.7782 10.8069 5.97871 11.9667 9.9433
201.068 7.70035 8.42151 13.0137 9.03436 15.2565 6.40931 5.80201 13.5458 6.96771 11.7953 4.66012 8.00468 8.07704 7.48971 10.0474 11.7563
188.034 15.1487 10.0261 11.3432 15.8846 10.7508 9.67745 13.5858 9.22517 10.8722 9.59192 3.60365 10.8184 4.86042 5.71576 13.928 12.48
190.944 5.93154 16.429 4.08765 8.58719 14.4965 7.59127 12.0515 8.4126 8.2512 11.945 13.2519 12.6119 8.72806 17.5866 8.5478 16.0506
184.789 3.8191 10.914 10.531 2.17277 8.82896 13.9731 9.22531 4.70846 10.457 12.8983 7.79323 9.56958 5.73168 9.80001 17.9056 15.9697
184.818 14.2305 12.4062 9.0373 15.5842 9.55901 14.2293 11.1864 7.82633 7.71615 11.1887 12.955 17.2935 13.3233 11.6403 13.3755 14.3452
181.882 25.5645 10.913 10.2687 11.9533 13.1037 8.47562 7.96191 5.79065 9.70049 13.0177 7.09537 7.25377 7.14955 11.8064 9.85202 16.4624
193.031 6.81058 15.3845 12.0379 5.55938 11.521 3.8149 9.58905 3.13165 15.2133 12.6732 16.9451 7.54324 9.44214 10.2482 2.56608 8.44407
188.325 8.30856 6.83427 8.31736 5.79764 15.7088 7.28019 6.84855 6.41506 12.477 11.4487 6.09595 11.3204 15.0737 13.5668 4.1973 16.8085
192.624 13.8058 9.39129 8.61126 11.0722 8.65613 5.37033 7.89464 10.5823 10.3149 5.7377 6.28311 11.4573 3.34253 2.79443 11.1045 18.8143
190.066 7.21155 6.99946 7.65124 11.88 12.5771 9.79982 3.21185 11.01 16.3276 6.56049 2.52138 12.8984 5.04871 10.7782 10.2074 26.6714
175.834 2.80409 6.15314 11.3616 10.6326 4.62398 11.6316 6.25174 6.85539 3.05176 6.56487 9.26099 4.85792 6.50416 13.5274 7.58722 16.1186
195.634 6.13303 9.00054 4.29513 12.777 13.7432 7.75815 14.7488 4.71479 10.3378 8.78876 4.67414 7.95617 2.75442 15.0134 8.29727 14.5853
187.765 6.90774 8.0742 9.9245 11.2535 18.4438 18.8541 5.40298 4.24204 8.18738 8.37541 4.33378 6.21391 10.9426 9.12368 10.8483 19.5186
203.334 10.2176 6.04189 9.06726 12.5561 9.40542 7.63575 7.21279 9.92409 6.03988 12.3298 7.93646 8.03747 13.4347 9.86072 9.39761 13.4537
184.664 8.35826 9.59679 8.98627 6.11167 17.1913 8.60111 8.4802 9.73475 10.7793 7.45523 8.02014 9.62125 15.2933 15.524 6.34433 18.1929
181.545 16.2994 9.93338 2.04808 8.34927 8.17806 7.22584 10.4403 12.3515 18.4699 7.90212 10.7463 12.0916 19.6078 12.149 6.49304 9.92252
195.889 14.0198 8.94743 5.8992 11.1024 9.65933 8.18322 18.219 13.3177 15.2926 9.32216 9.00617 4.2692 4.20813 8.19569 13.5956 12.6602
199.14 9.72144 24.1658 5.77367 7.45011 17.573 12.7946 7.46864 11.081 2.41966 10.362 8.02102 6.51018 12.2728 7.31445 5.99319 14.84
195.5 16.8497 5.89173 5.6801 14.9139 9.50523 11.8005 11.4901 14.6244 9.58813 13.9768 8.70469 14.4529 10.4517 4.7252 15.4905 6.5828
176.493 14.2402 6.96745 4.54428 9.53283 4.90445 13.0603 4.97391 14.3872 11.7957 7.92836 9.51196 9.76666 11.5968 9.54478 6.86331 26.6258
177.866 10.3396 10.4905 3.05885 17.0912 1.92349 5.97837 6.90496 11.7624 10.8928 12.6602 10.9276 12.1123 13.0407 9.55223 16.1149 15.6638
183.792 8.2714 10.5111 30.7053 7.6513 11.8877 11.2511 5.23538 12.0334 4.90544 14.6194 11.6072 12.7192 8.29005 9.82306 19.7447 5.52104
190.437 9.80686 11.8026 6.21657 5.72285 15.6721 10.2914 3.0143 4.49273 6.62484 16.4791 11.5001 11.4542 18.0899 10.861 7.07137 12.2593
180.854 6.90992 5.98786 11.0694 12.0201 20.3944 6.90684 5.00442 12.5615 11.1856 6.20065 11.2092 16.1471 5.15202 13.8196 10.2998 10.761
186.6 7.24259 8.45968 8.3056 15.009 13.1961 10.3228 5.6572 8.48023 16.4828 3.54355 11.0149 8.88845 9.21718 5.31857 6.6275 21.0649
195.375 11.8772 16.7461 8.2831 7.09736 10.556 11.6668 10.6509 17.3116 13.2422 7.28215 12.8671 8.65066 5.71398 11.3295 5.68914 7.70056
187.355 8.57382 14.7043 9.55798 3.57967 4.37064 14.9806 5.4953 14.0624 9.65931 6.56554 12.1887 5.95399 12.9664 18.8949 8.46322 13.3715
184.394 7.01176 19.5739 15.4662 9.10152 17.0441 11.5723 7.25805 5.40695 5.26028 9.42182 3.4733 4.63809 19.76 17.6138 6.57182 19.7412
181.953 9.9819 21.1822 4.33406 8.28895 8.52169 21.1843 6.12963 14.1518 9.61477 5.78559 11.3429 9.25571 18.9559 7.09081 15.2663 9.84796
187.98 8.38666 13.4408 7.78699 8.56768 9.41082 3.70481 8.28059 11.02 15.6462 13.7875 7.76758 14.255 11.5368 5.28015 12.9907 14.7949
188.212 10.3449 12.3282 9.18249 12.1136 7.54817 9.51802 4.31014 7.62057 11.2783 8.45354 16.2877 9.07673 7.23397 5.39813 9.04249 23.3994
184.433 10.7157 11.6594 15.1242 14.7801 11.9237 14.3095 12.5068 7.19503 14.5063 10.9522 17.3039 13.1487 14.8377 11.6861 6.47592 19.726
182.007 12.9919 8.88634 6.83226 19.1329 8.28012 9.32171 8.31107 8.24661 9.95965 8.90801 13.6117 8.17026 17.0783 14.5458 14.4331 14.6719
190.673 9.98289 9.92755 8.64665 7.76032 20.9738 7.42286 6.86579 7.40616 4.20936 6.54359 6.5599 7.54807 6.88865 10.4104 7.05072 8.96871
184.629 8.99166 9.09748 13.6667 7.22262 14.0949 8.92845 1.75331 11.6609 11.4654 7.97959 6.434 11.617 9.01624 15.725 14.424 10.2396
199.001 2.94861 8.76524 5.65578 9.47213 2.65753 16.4649 10.8075 6.11964 9.80598 11.4326 6.46938 13.9867 10.4051 16.0874 6.71948 10.9004
204.804 4.24657 4.76243 7.32522 16.8942 10.2774 19.1181 2.22786 13.3189 6.03127 6.83759 7.79948 9.98474 5.32158 14.8527 10.468 9.66911
184.33 7.65817 8.11834 14.2408 5.3503 18.0626 9.46058 6.36013 13.4066 7.70773 5.79878 8.8626 12.8139 5.72416 1.76866 15.2334 20.7319
182.359 3.84544 19.5221 19.3831 4.54572 16.5142 5.93411 7.35564 13.2251 10.7387 13.1191 13.6988 7.84501 8.65121 6.61575 14.8067 10.4836
183.714 13.1576 13.8311 11.7407 5.0809 8.44451 6.22228 8.37472 8.3906 7.43917 12.6001 7.09181 14.2099 11.3378 10.0045 19.6913 20.563
188.18 4.49409 4.35752 7.16496 9.31971 4.57223 9.05672 13.161 6.95487 4.80056 5.73496 11.1382 4.24187 7.20516 5.04095 6.76905 18.4786
177.394 7.85358 10.5228 13.6349 6.69831 6.57882 21.9538 5.0994 7.42858 6.52635 8.36108 9.37095 4.43261 15.1474 10.4368 16.0807 19.0897
193.29 16.7886 19.1399 17.2852 13.3711 9.42874 9.33187 5.59208 11.183 13.4205 8.23314 10.9056 4.84769 8.14043 4.96121 8.45291 9.51579
200.933 10.3891 11.2136 5.42739 5.21313 9.31706 16.5545 8.14579 7.22033 9.82809 8.30131 8.73095 10.1441 6.21898 11.8141 6.12694 13.5928
182.093 10.1738 4.45222 9.40147 4.54663 11.4951 22.8054 3.32752 8.46402 10.0388 9.5852 10.2437 27.1599 11.6638 18.2322 5.96935 16.0118
199.815 2.66431 7.02014 9.20811 15.524 10.427 9.18347 6.56931 10.4378 6.88209 5.78664 11.6804 18.5502 15.928 10.7782 4.89115 19.3688
196.008 8.82196 5.29155 4.38183 9.27039 7.19988 12.9079 6.48199 4.92282 6.87843 4.46485 8.8612 14.9267 19.4366 10.2174 16.653 17.3381
181.455 13.6052 8.67819 8.15276 8.21638 1.93562 4.20912 8.64137 4.11536 7.51767 12.902 14.6325 8.22319 16.598 12.0116 9.33988 19.3968
188.136 10.6931 5.88014 10.2825 11.1004 14.6587 18.778 10.5521 16.0084 15.8648 6.50263 12.6285 11.4062 9.59152 10.1761 13.6332 20.7761
185.627 6.74763 6.28398 6.92743 8.14007 14.9043 17.3617 9.35988 11.2655 6.59537 5.43163 7.8079 14.2775 11.0209 10.1361 9.56076 12.6933
206.49 19.068 13.6848 13.8854 1.69999 5.54844 11.5382 5.48541 13.1942 2.75469 9.005 6.4118 9.22842 10.4691 11.1006 4.96353 24.1981
199.009 7.93725 14.5179 12.4046 6.01965 12.9627 10.6872 27.4873 11.4949 12.1204 10.3235 7.57707 8.20073 14.8597 6.77068 12.083 12.1014
181.832 14.2137 9.97698 6.45336 14.7607 16.1308 15.5955 5.20562 3.47255 6.66136 7.95196 9.56775 11.6795 11.0387 2.71971 9.51913 6.39156
198.578 7.14349 8.26292 18.6813 8.07476 5.39431 9.71655 11.4333 13.6185 8.56401 9.65294 8.35087 12.5373 12.7272 6.65544 7.10885 14.5222
179.712 6.2254 12.8576 3.93357 6.53651 9.72994 2.04653 9.03515 10.036 7.21681 5.04621 7.52082 14.055 4.52009 10.4557 9.39777 12.3235
186.482 12.896 13.0331 19.8205 10.8565 7.91553 19.3878 4.81108 14.7648 8.19166 5.88045 10.0094 8.66454 8.89272 9.33679 4.8876 7.11021
193.109 10.8179 14.0875 10.3137 15.037 4.87103 7.49468 5.90524 6.81727 10.0767 8.71085 5.94511 5.36789 11.8057 10.7286 21.2306 12.6212
195.564 15.6311 11.072 7.62262 12.5292 3.64603 11.3993 6.65666 7.65602 17.9361 6.10345 14.372 11.1701 10.4415 19.4455 11.5978 20.464
195.761 17.6147 6.01426 9.27424 5.08854 14.4951 12.7483 5.87076 3.09594 12.2348 6.22099 3.46059 6.92363 7.05961 11.588 11.8609 7.12662
192.247 6.35451 7.13205 8.93839 6.20849 5.71839 7.81043 8.56918 13.5968 10.9549 9.94709 8.88913 10.3521 5.16777 6.55861 5.68425 12.7431
192.144 13.5224 17.6339 4.15951 4.0689 21.8033 10.9374 7.34159 13.2146 12.769 10.3647 5.57203 6.26022 4.97894 17.3262 13.1109 13.2539
184.227 12.6799 10.4103 6.76198 6.237 6.40158 14.8091 2.18088 15.1599 10.7288 15.2387 7.54151 4.97133 15.7173 16.3689 14.1048 17.9393
185.294 9.49164 7.2953 7.08391 4.58325 8.5262 24.0674 19.7661 19.4108 6.82589 4.84842 7.70737 20.9218 15.0414 13.4095 17.0692 23.8775
196.412 11.6408 6.09671 7.15109 11.9478 11.1727 14.885 13.8047 17.03 10.7755 13.5355 9.87598 15.8975 4.41354 12.0234 14.6966 16.8074
182.583 14.2442 5.40807 6.31002 7.10337 12.5405 9.82723 13.4773 8.39108 8.60591 9.27845 15.9911 13.2055 6.16336 10.147 18.0128 15.7904
190.893 16.6978 7.74238 5.95537 5.8688 9.75708 18.1087 12.789 4.359 4.69962 7.53261 12.8787 12.9198 9.30427 9.79641 9.78326 14.5634
178.662 8.63994 8.69467 15.1529 7.08962 12.6911 14.0955 8.24978 7.61432 10.2133 7.23817 12.3556 5.50108 5.83155 9.32218 17.884 8.98652
189.309 9.39151 6.85177 8.67623 8.61367 5.76815 7.33059 10.2721 2.65576 2.67871 10.2232 7.35124 10.005 14.2211 9.32218 8.81486 6.03002
201.855 4.09644 9.77536 12.5301 7.63323 8.1293 11.7226 9.84921 12.822 7.33361 16.0295 14.3087 2.59385 12.1246 11.7053 16.7948 25.1216
198.635 11.3863 8.33804 6.34095 2.78487 9.92929 8.32157 13.1641 15.1777 15.4266 4.07376 12.4713 11.7331 11.4078 13.9318 10.1525 12.6915
193.358 5.98386 5.84484 6.51382 8.12882 8.62313 12.7825 18.2406 12.0107 8.33226 4.47309 9.78054 8.2962 11.7523 16.707 16.7896 16.8486
179.441 7.61715 18.3382 6.58159 4.66959 11.9249 9.87318 7.87076 6.01335 5.71107 10.2772 6.48444 8.72764 9.97502 6.32396 9.58376 13.851
184.816 11.2185 5.94074 15.1206 8.19575 12.9478 16.4508 10.822 11.2673 5.51002 19.9519 14.2609 18.8312 10.1503 8.57242 15.703 8.44579
186.307 14.3217 4.17517 17.1434 4.49618 22.8416 12.6076 13.8815 14.6819 6.16001 9.49152 14.2042 6.25089 7.81811 11.4198 14.6963 5.47805
177.768 20.4338 12.3373 18.1062 8.93527 16.1027 10.8949 8.68728 11.3705 9.94256 4.80873 12.6474 8.65304 13.014 17.3999 14.1289 15.1606
178.711 13.3931 9.44129 13.7348 6.19333 19.5956 13.4699 19.8282 11.7435 3.88912 8.3008 6.78099 10.0172 15.6252 18.3736 8.41782 15.0888
182.484 12.849 8.34097 1.28114 9.74572 8.48265 9.70954 7.54818 8.91002 10.6312 4.54977 9.26608 10.4049 11.8247 11.6106 10.3264 19.3978
176.516 9.5785 8.96481 5.8271 7.51351 10.4603 14.5537 5.84223 8.98931 8.86528 8.90146 10.265 15.8378 19.5771 18.042 11.0439 8.24526
183.669 5.59436 5.52963 18.2597 9.40237 9.09139 15.7152 15.0298 5.92139 4.36845 3.82713 8.54034 11.8412 15.6813 12.298 7.28465 14.0243
169.355 9.69799 9.32697 9.50408 6.06435 11.162 13.3399 19.772 5.69885 10.2901 5.34 4.84306 9.43758 7.69336 14.6217 8.36723 21.5557
181.769 9.30737 15.1426 4.59531 10.4234 11.2114 14.2834 6.10808 11.793 16.7968 17.5979 11.6919 10.5656 20.6897 12.1998 21.5932 14.538
178.029 4.68256 7.98818 7.38387 15.9582 14.0688 12.9595 9.69551 12.0583 6.43482 11.5224 10.715 17.9257 10.6277 16.1727 10.7262 15.7425
183.794 11.1146 8.76534 6.94378 15.4605 24.6047 11.4203 14.0967 5.0323 3.04898 12.212 16.0501 4.12539 9.96291 17.3274 11.6094 22.8109
183.389 5.47419 6.54177 10.7881 13.8929 13.9123 10.0959 14.1173 3.93429 9.56587 13.9132 13.5068 10.1696 4.80715 3.76659 8.07379 19.6795
176.046 11.4529 14.2154 6.75356 8.62466 14.1951 13.2633 9.62065 6.10156 11.4175 11.0353 4.57156 4.22558 4.18139 8.10688 11.8918 22.3788
170.572 6.17935 6.49969 11.2501 13.353 16.6497 5.64667 3.25674 6.74844 21.0055 5.12881 9.43773 18.596 18.9748 11.5644 6.93888 16.7791
203.418 3.89039 5.86539 15.072 10.9526 5.0768 10.8633 20.9274 11.6604 7.75766 7.23552 10.6039 15.515 10.2533 17.6148 14.5052 14.6289
170.771 8.91803 11.2982 14.4339 10.1766 24.3767 11.0501 6.23685 6.65902 5.20869 9.2202 8.12723 8.86469 7.44197 17.8564 8.58416 13.58
169.316 5.82976 10.9771 10.1821 12.1459 18.6855 20.677 6.98 6.54676 7.80095 15.3339 6.01303 7.08674 11.6013 7.60993 6.79328 10.382
185.748 14.3012 7.35821 12.2907 13.9708 13.0519 14.6673 6.35469 13.3264 11.0312 6.78049 10.547 6.91713 2.80223 8.72971 9.67653 20.877
193.455 4.73746 6.95611 13.7375 11.4225 12.9237 21.2735 8.81809 5.82776 10.7533 7.69027 8.04491 14.727 6.79992 4.15979 8.48508 7.39826
182.22 2.71912 12.8244 7.64226 8.82879 13.3173 17.1016 10.7819 14.1117 5.75757 6.3279 16.69 6.50468 10.9503 9.56027 6.49991 21.833
188.819 11.5594 9.45538 9.14209 9.09288 3.75007 9.31223 7.86372 10.5599 11.8954 7.27529 12.2997 4.32646 6.21336 9.41999 9.53189 12.7981
183.779 5.3378 18.2161 10.2086 9.70529 12.3709 16.1501 9.72543 17.1165 5.58899 10.7295 7.60665 14.5957 9.03802 14.9089 5.0739 10.3763
178.527 12.9007 5.86248 6.5763 11.844 7.22852 16.0471 12.7462 7.45762 3.76172 12.2035 7.08105 5.01071 9.96105 12.0805 15.2806 9.18829
176.727 9.16591 5.89804 6.85728 12.0142 6.26102 7.78076 15.3612 6.12764 9.38082 10.9167 11.2755 9.31658 7.43686 12.4783 13.5024 8.19033
170.298 12.8825 11.9363 3.13512 7.88795 5.76256 16.5263 12.5495 6.75737 10.3131 8.35568 10.6668 5.27835 13.3234 17.8589 12.6621 21.5359
179.375 8.78266 16.6484 12.0172 11.1038 6.19514 6.20898 8.50312 5.9329 7.52462 9.9189 6.63297 9.80504 7.07998 20.2041 12.3554 16.8439
183.92 11.8168 13.3661 7.44841 18.8854 5.44876 17.6965 6.49103 6.23586 4.79481 6.61819 14.2194 8.3009 7.4009 5.80675 14.8178 11.8469
188.266 7.90988 4.7744 10.5352 3.62971 4.12193 9.43259 7.79795 4.78358 8.05493 14.1552 14.2838 7.30002 6.52611 5.77548 9.69092 6.02932
172.747 8.0578 3.05431 10.8495 4.12085 16.4373 5.43562 9.01414 13.925 10.8612 9.82643 7.34925 8.85895 5.40036 10.6185 16.0486 11.5161
188.349 10.2557 9.68001 16.5878 17.1459 5.40962 6.5673 12.0613 8.93668 6.87886 8.52944 8.21306 5.18524 4.96014 20.0183 10.5088 6.58179
171.502 10.1572 13.7269 16.0611 11.9469 8.16777 16.4301 8.33454 11.4446 11.7189 18.3728 5.57927 8.83625 11.1888 17.1529 8.65177 16.0953
181.994 8.59367 11.0032 13.7598 10.2362 17.8094 11.5843 7.26117 5.04354 13.5341 10.2933 14.0289 11.7969 9.19275 15.6725 21.2339 20.7303
179.865 11.7639 6.10233 11.0401 8.84341 16.4772 6.34106 6.57289 6.98833 11.8692 9.42109 8.95724 10.5148 8.93975 4.55727 16.3206 20.0097
192.098 8.13611 8.99425 3.7463 4.2982 8.608 12.3804 11.5419 3.61749 11.1846 12.7804 6.62047 10.7495 6.99026 14.3357 14.2279 12.3898
179.125 11.2295 5.97887 12.0669 4.42444 7.06412 10.6929 6.0336 5.05381 14.0241 12.3316 10.7217 10.0973 8.66972 10.6295 13.267 20.126
202.282 17.633 9.22672 11.7186 6.08734 9.10602 4.84375 8.41468 2.52819 3.85835 7.102 8.76016 3.31464 6.43501 7.79805 19.9388 8.34434
191.897 12.0506 9.05056 10.6469 12.0253 5.09058 9.83804 5.0338 19.8367 6.73693 12.2258 11.5243 11.5813 7.47356 10.4275 10.3596 10.6536
188.146 13.3141 8.00217 8.97914 10.0931 11.0165 11.7522 4.60506 11.4345 11.2781 12.6557 12.1241 11.9874 13.8999 10.7937 6.19047 6.41163
178.346 4.74849 8.23297 11.9263 11.3148 16.4147 10.9753 17.7725 9.35064 13.645 14.8834 4.55015 5.23325 7.21173 8.89032 7.18193 13.5804
199.808 6.20361 9.60807 4.46804 15.1559 8.72356 16.1464 9.10312 6.36947 15.1308 7.9064 17.4801 6.18354 6.80546 13.8148 24.1778 14.0594
194.533 6.94644 5.86513 9.83234 7.85257 6.3864 9.52431 10.0681 15.0149 9.55168 5.29916 11.2891 19.0718 2.09276 7.24072 9.53492 25.2476
191.084 9.73451 9.7433 8.82833 3.46241 5.60684 7.50606 16.3239 6.78598 6.00141 2.70335 9.20838 12.3185 6.93621 17.2247 9.02333 20.3486
174.844 12.3941 4.64495 6.59212 11.6615 8.25149 11.1872 13.2808 10.5147 6.51545 2.97022 10.7481 10.0951 12.8855 5.74936 16.3844 8.01507
194.815 5.19862 6.7441 22.0142 13.3902 5.6826 7.44349 8.26284 12.6741 11.1217 8.22956 6.98913 9.65833 7.74867 9.67402 16.4003 8.62905
197.274 6.01605 6.72501 8.3845 13.6406 13.4586 11.4801 13.6463 4.78047 11.1054 10.1317 7.57422 8.5892 6.98612 8.51486 16.8329 6.19958
184.011 5.01789 6.59083 4.78751 5.68671 6.59804 14.1609 4.06213 18.6518 24.9603 13.6813 8.24852 11.6314 22.4782 15.8598 10.2109 11.496
178.996 11.1554 7.04455 7.26447 6.55736 10.7958 11.0745 6.3681 13.3371 14.8438 15.7464 12.6068 11.8581 11.3816 13.7582 14.7336 20.4042
189.481 10.8554 12.9528 17.1805 9.72958 9.62292 10.4513 19.0778 4.01913 13.8953 5.25649 6.7299 10.6007 9.90677 3.92478 6.25911 19.3523
181.132 23.7237 10.5071 8.88588 21.0121 8.84034 11.0987 6.58691 19.0214 8.21306 9.1239 6.24775 7.91567 3.66318 13.599 7.50424 20.0555
187.539 8.90147 10.9949 15.2858 9.15215 10.963 10.7228 15.7007 12.1403 5.56458 9.7601 8.23928 8.00494 9.54075 5.80244 10.2086 18.0496
180.514 8.327 7.62612 9.60153 8.96033 7.87806 21.4023 15.421 17.0646 13.311 3.97334 6.95171 20.8689 14.569 15.1068 11.1677 10.4437
180.447 5.04032 4.33624 10.7889 6.93199 10.29 17.7941 15.9991 23.2664 13.8854 13.2038 11.5556 8.74368 5.15438 11.4024 15.498 17.406
180.447 8.71614 8.61275 6.7157 5.12647 13.9664 5.14113 11.6766 7.06452 11.9735 14.9005 9.96591 8.40967 11.7731 9.77919 6.89506 12.3387
168.237 13.759 12.9453 9.83565 10.2831 13.6417 6.5521 4.56963 8.36664 8.15818 11.6884 2.72093 13.7039 3.63015 14.6138 10.4118 10.6112
174.734 10.8064 7.54352 10.9565 6.70347 4.46258 6.82927 6.39761 9.98108 10.0187 4.70152 8.12065 8.68302 2.14491 8.25025 8.49062 6.59478
193.038 5.96169 14.3215 5.83467 8.86795 15.0223 5.48536 2.11184 13.9553 2.30804 5.91226 16.112 8.21466 14.4091 11.5854 7.04578 10.6574
163.886 17.2256 11.1838 7.60537 8.30307 16.2426 5.95707 9.7755 8.89852 16.5304 16.007 15.7641 7.14279 18.6532 8.6586 6.99441 8.67058
184.764 18.5309 14.8615 13.6899 7.17667 12.6609 9.03504 5.26759 10.679 7.94137 17.2505 6.3693 10.9916 4.72037 6.63268 10.6897 16.2974
178.091 19.9867 11.2211 8.24191 6.16183 14.8462 8.56579 10.396 6.29349 9.01947 19.8794 14.9509 26.6591 3.1835 7.46671 12.1828 12.8542
185.661 6.79432 4.88331 11.0177 13.9702 6.99483 14.8097 9.00664 10.4031 9.91261 12.0712 7.50479 11.4359 11.5284 8.8248 14.5235 12.4392
183.11 15.7558 4.94361 5.98507 9.11827 23.993 3.33769 7.29244 7.09651 9.18328 8.35857 7.50608 10.6936 6.63547 6.53707 6.65149 19.4856
192.715 13.7083 9.69169 8.35084 5.18154 6.74089 17.1337 9.69807 23.4673 11.5549 5.97318 9.94928 9.3388 11.4978 19.8451 9.30916 13.0639
193.347 10.1575 6.39751 5.41943 10.8916 9.13819 16.3822 10.3598 13.6129 11.544 8.34975 10.5344 8.13973 5.1871 8.19667 12.0693 8.40803
194.923 15.164 4.58682 6.50612 7.28143 13.2315 17.613 4.55875 9.12828 7.57257 10.4239 13.3534 9.37445 12.8328 15.358 9.50586 7.50168
194.757 11.5522 6.22134 12.6737 2.90843 17.0058 9.01311 9.95814 3.94321 14.3138 11.3717 11.0915 7.62452 6.37703 5.66286 8.75556 13.0654
198.806 9.25232 9.85228 4.72198 4.74853 6.84057 5.07449 7.01366 9.32153 12.9103 11.9879 9.60374 7.82189 3.5839 3.72636 5.37651 13.7911
177.958 3.90855 7.65607 10.8174 14.6951 5.21568 7.22771 8.46014 4.12192 14.296 19.0349 12.9146 8.05767 8.56274 10.0199 3.7062 4.27046
184.82 10.3592 8.93553 4.19048 6.46553 12.5709 12.4053 9.13454 8.56063 15.2003 19.9267 6.21574 5.85639 8.91933 16.0845 11.7421 15.9228
197.565 10.9752 9.01535 13.7492 16.1962 7.0691 4.73919 4.85426 6.09406 9.85724 13.3386 8.19787 5.38192 6.60984 10.4318 10.1081 13.0786
170.149 9.36231 8.43417 10.7386 8.62067 14.8138 10.4447 5.81998 5.42981 18.0865 5.42262 8.04362 10.3557 6.4982 16.5277 8.72995 24.9933
176.97 9.07819 4.72105 12.1924 5.64294 8.27382 8.80929 8.61134 6.00237 11.0696 5.28545 14.116 14.9626 7.81227 16.2856 12.7281 8.42244
181.907 4.94762 11.5005 13.804 11.6749 11.3816 5.64353 9.23151 6.83227 7.8996 5.00433 12.2222 12.3035 6.7791 13.7164 10.8737 10.9305
195.485 4.48578 11.4606 9.634 7.82257 17.5139 7.80472 15.6941 16.0914 4.79436 2.37179 15.5716 15.247 11.0803 11.5723 9.08598 11.3279
202.537 14.0481 11.977 9.89471 13.8253 2.36807 6.02456 9.21453 12.2389 5.55665 5.1226 7.25119 18.7297 6.53936 4.99946 8.47155 9.39272
185.28 4.90186 8.70967 11.2304 9.3251 9.17088 10.593 7.7511 10.868 7.65975 7.29666 9.14314 5.80823 7.35368 10.5106 7.1525 12.7938
181.76 10.8077 11.1626 11.2182 8.73056 6.5832 7.30006 6.08481 10.7485 7.68849 4.71618 10.0488 15.7691 11.827 10.1096 11.9101 15.706
182.293 4.63338 7.94802 14.4076 9.45701 10.5434 10.2693 6.53275 4.57014 15.2458 6.15736 9.26558 10.9408 15.3621 7.03878 11.9464 17.9517
185.233 9.173 4.88636 29.4967 10.751 7.89414 11.0634 5.42738 3.60099 20.0165 9.61425 2.85089 17.2268 10.4427 10.8844 9.5519 7.89751
179.388 7.23058 12.5823 12.1998 7.41537 3.78031 11.0464 5.16611 9.74177 17.0099 9.66324 7.27701 9.55063 13.5417 6.7984 9.75534 15.6429
191.517 9.13033 17.9408 11.2336 6.95328 8.06315 16.4982 7.45068 6.34853 10.0801 13.4337 13.4155 10.0257 10.2511 9.86553 14.5141 26.7686
192.391 2.49394 5.34494 5.47559 5.38911 8.45766 6.07317 9.1183 10.2899 11.872 10.002 8.0523 13.1555 9.0822 12.7579 7.33083 13.5832
191.894 4.80184 10.7663 13.8119 7.6529 8.21102 5.54591 4.23236 9.65507 13.7997 13.9792 5.76221 9.23931 2.79732 13.917 7.78308 18.7523
195.86 8.49457 12.1032 13.2798 22.9571 11.8137 6.66384 2.98751 13.6971 8.8176 14.4 7.93489 3.13918 19.3418 9.98158 12.2259 18.2129
181.091 13.271 2.03516 21.7638 7.622 19.5217 11.765 6.92823 13.6143 13.9857 13.6794 6.15745 5.39353 11.0368 9.30608 3.39021 20.9456
181.058 13.6595 8.43487 13.2399 16.1537 6.02447 9.85447 6.44558 6.73344 16.2881 14.2906 14.3784 4.33642 14.146 15.6623 4.19113 18.7412
174.843 6.43808 15.3425 9.83749 5.336 4.02704 6.74699 3.76634 17.0234 6.13018 8.32889 14.8466 15.391 5.72577 8.55848 10.1999 10.0126
186.664 10.5142 15.9769 8.59856 6.92727 6.24574 13.923 16.0851 14.2154 4.12917 7.6527 7.57826 11.7237 13.9242 9.76188 3.86799 8.53279
201.703 5.20845 7.3567 9.77957 6.90197 4.91081 11.0154 4.60419 8.89068 11.3736 12.8335 6.15047 7.88861 13.3576 10.0772 9.68522 19.4891
199.539 5.35879 10.284 15.5644 6.23777 10.3631 10.6184 7.17838 5.66576 15.9085 9.3404 4.61755 12.1436 7.14962 13.939 6.62362 24.8327
186.178 12.6011 6.18758 12.6559 12.7627 15.6167 3.44097 8.893 5.55237 8.02285 11.15 6.39774 6.34184 9.42917 7.02918 8.56862 8.53746
195.449 14.2063 9.6798 8.81777 15.0937 12.9882 20.0873 8.76447 6.35311 11.9327 5.82443 13.0158 19.2526 15.3372 12.4146 21.754 11.029
175.547 9.68155 8.44364 15.2939 7.89047 6.71503 15.2517 6.35311 9.76821 5.49053 13.1264 10.0296 12 8.4312 7.57268 6.52961 13.38
183.07 13.3979 11.3315 10.6967 9.9816 5.50531 9.49789 12.2045 2.50044 4.30986 6.39522 6.08138 9.73515 6.90129 13.3516 18.061 21.635
179.768 9.29513 13.0787 5.59905 11.6591 8.82807 10.8898 12.5219 19.8605 6.26901 6.5457 6.93047 8.7643 7.29641 10.7479 7.41202 23.6741
175.32 7.62406 8.55112 9.08156 5.63603 10.3908 9.62851 19.7693 15.9715 7.755 6.90047 15.9658 12.9327 11.3548 10.2347 9.09876 14.467
192.401 7.29219 8.69358 13.6018 6.51032 13.6751 11.2703 8.60615 5.08555 18.5954 19.7544 11.4045 7.8444 8.39351 11.5951 19.1822 13.3639
192.494 9.09369 7.95908 8.19237 8.83496 7.30307 3.01584 6.93652 14.6234 7.2797 7.57714 5.94968 10.0498 5.94594 12.1923 9.75873 17.4797
174.556 5.42687 5.38235 10.6839 11.7574 7.35269 12.6831 4.61052 8.28635 6.6714 8.63756 6.28275 6.86905 10.6289 8.56926 8.43931 10.4394
186.161 12.9238 3.48917 6.74227 18.4984 8.24411 19.0209 7.80421 7.11094 5.54643 14.3376 3.62044 6.14533 9.33329 8.70868 12.1269 18.6653
181.15 11.2773 2.903 3.97587 2.61996 13.8218 11.4469 13.6555 4.71861 12.978 11.6623 4.35707 8.76231 6.06095 11.7939 10.9914 17.9362
196.638 4.38122 11.3536 8.39593 11.741 6.2086 10.9399 9.32107 8.60358 10.4822 11.2047 8.47011 4.83331 14.1143 10.0983 12.063 19.1163
195.799 4.30985 14.899 7.26878 5.76212 6.27459 11.3371 5.64405 5.35297 6.2778 5.52835 12.6405 18.0622 7.38778 20.0981 10.7992 14.8112
195.351 8.79618 14.7628 2.60141 10.9336 5.84104 7.31087 6.3374 9.87977 3.2166 9.65362 13.3668 12.0717 4.61446 11.3587 11.3215 9.07345
199.727 9.70794 6.4688 10.2632 9.95467 11.8703 4.25156 4.41173 9.05946 5.50111 14.7177 8.8077 6.37952 13.6655 18.4793 8.52954 12.239
186.491 15.8944 16.3281 7.07564 9.34738 7.45269 14.4165 11.2836 7.34408 7.13977 8.56073 9.35093 7.03467 11.3376 6.94756 7.40199 13.2031
191.148 10.8093 12.4927 8.39047 7.65929 9.56647 6.56403 13.3014 3.68514 7.67402 7.72126 10.5765 4.15325 8.57726 13.9406 7.13584 17.7751
187.725 5.81826 8.71494 9.34604 6.63014 8.35417 7.83002 12.3544 7.69957 12.2275 4.03029 12.9303 13.941 5.34369 6.27798 13.4056 18.4161
199.767 9.95816 7.3716 10.1743 8.32616 6.57286 6.03799 14.7296 10.8012 15.7961 8.41275 14.2814 8.77475 14.2673 4.6265 17.8682 13.7427
197.535 9.05451 7.16018 13.0431 9.76119 9.13947 15.5773 12.1033 8.83174 7.58627 4.29747 4.725 12.695 8.53414 9.08873 15.492 16.84
191.728 4.9233 8.87597 3.88624 17.7896 9.46309 17.6936 15.2445 6.94628 11.8057 5.69476 7.79222 7.11497 4.07705 7.19705 12.8879 15.8647
185.486 13.1474 7.64747 8.24679 8.44373 8.19305 16.0433 17.8292 11.1708 18.6508 4.04367 10.2217 13.1708 8.71467 9.59434 10.001 10.6921
182.924 10.4166 17.3326 4.69982 6.84729 3.63686 13.87 8.52889 13.2986 8.66325 15.5006 10.7242 19.3088 10.0492 12.1728 6.09034 9.48714
184.969 15.7865 6.3887 6.77088 7.52027 12.1783 6.06776 9.67487 8.9846 8.22468 9.21682 10.7149 7.48113 8.85083 10.5126 17.9793 8.9597
176.487 9.41778 5.99266 19.6292 7.66033 14.2969 6.98772 7.40813 5.99412 17.1052 12.8432 17.1991 8.42296 16.0885 6.60868 11.6453 17.1542
193.062 10.5009 2.69644 8.5376 9.80988 15.096 9.75115 16.3777 5.0793 6.31117 12.2968 2.77483 9.2765 9.13328 8.88051 10.1198 17.9387
196.022 5.10212 6.91242 3.7554 15.12 11.4608 7.7438 18.0188 3.44725 10.3061 4.60137 1.47486 7.97727 11.0032 7.76164 9.5756 11.7408
209.26 5.87225 13.55 10.4697 15.4085 22.5152 15.5407 1.98615 12.5439 12.8921 5.28482 8.49082 11.6554 14.9166 15.8377 17.8342 8.90365
191.601 9.09536 16.4867 8.34569 8.92482 13.6386 10.4938 12.1287 9.46973 11.2952 8.33152 2.92078 8.8101 10.7798 22.0479 19.9908 9.84016
181.64 12.107 14.2871 12.2355 7.58306 17.0549 15.1859 4.40713 14.9855 11.9179 2.69969 11.5198 9.1855 14.1558 10.0048 19.9795 13.8959
188.331 7.8445 12.5665 4.33027 10.1487 13.2322 6.35303 9.35618 7.19328 9.20726 10.963 13.0055 18.8883 3.57993 7.59188 5.95168 15.1688
198.624 4.55269 11.6722 16.046 5.87245 5.31151 14.3132 16.1901 6.05534 9.34806 11.2298 10.0112 14.0698 10.2964 10.603 8.23853 14.4768
191.419 8.07421 6.88856 12.5076 7.17579 22.0921 6.99868 3.611 8.62346 11.6101 8.27712 5.54081 5.44824 9.13499 15.0561 12.1212 15.6064
181.906 11.4751 13.742 17.4388 20.46 8.83073 11.9985 3.51602 6.5409 9.25294 13.5318 8.93791 10.2341 12.7974 6.91347 12.5855 19.6351
184.549 14.1018 14.1168 9.25106 14.6856 5.45382 15.1409 16.6747 11.8265 4.75457 9.3496 11.6681 12.1103 13.0781 10.3932 7.0839 13.9663
196.495 5.52856 6.8922 9.98966 7.66402 10.5519 19.4458 9.78405 16.4722 8.81826 11.6201 14.6524 9.26216 14.7464 13.5233 6.99172 7.23268
198.007 1.73284 12.1553 2.48472 4.17809 10.1893 6.23633 2.58223 2.48018 11.6918 12.4136 6.06005 13.3847 10.7269 12.9352 4.69716 13.2771
196.773 21.9319 23.3654 9.54896 6.9463 4.52772 11.0357 10.1817 5.87428 4.22473 3.7281 4.92463 8.90019 4.62436 9.58804 16.4096 10.2247
187.503 17.8656 8.88084 7.62393 8.05612 4.51405 3.41041 9.47904 5.18839 5.41036 7.0495 4.89861 7.78939 8.34685 11.5922 3.56931 23.9114
179.543 5.35026 3.91283 25.0605 6.03542 15.1674 12.85 10.872 11.129 21.7488 4.81816 5.57859 3.00024 10.3849 12.4933 7.52989 18.6318
182.187 14.1879 18.0399 10.2256 14.1333 19.8259 6.58117 12.0717 6.30848 5.24377 6.91859 9.63851 17.0788 11.0097 11.5261 11.097 12.1356
192.553 8.95643 2.04693 7.88203 9.48642 10.1329 8.84083 12.9636 10.275 13.1759 10.5115 7.58453 9.7839 14.4327 4.04748 11.0027 8.22762
190.341 5.25573 6.22853 12.5994 10.9093 5.46954 8.74638 12.18 10.8513 12.6105 7.08148 2.57061 8.75487 9.30929 8.78147 9.25731 8.93946
179.523 5.80278 6.33608 9.38793 10.2208 9.03155 14.7892 6.29818 11.5674 8.56102 8.78961 5.12656 4.12562 9.95945 11.9853 13.0718 13.1479
176.895 14.7088 3.52744 5.67134 6.66205 6.53466 9.77106 7.98382 8.59252 15.7025 5.62871 7.50249 8.58123 8.13101 9.90207 11.8106 6.63766
188.153 4.72007 12.3405 4.371 12.1334 4.40299 11.2695 13.7521 10.7245 10.9155 8.23541 9.70354 12.1978 12.4536 14.8925 14.5043 16.0711
189.533 5.9436 8.68833 5.58423 10.0555 3.67403 13.9738 11.2024 18.7991 7.11545 11.2069 6.89761 14.102 7.83853 20.6234 4.81903 20.1927
198.691 7.56129 6.91717 6.86311 6.67504 15.5366 17.9655 10.8065 16.014 10.7193 11.5064 12.6394 16.0929 7.92508 8.5157 5.31635 9.96856
193.966 9.50984 8.5109 9.67277 5.02449 9.96593 13.3759 8.4773 9.63924 5.6928 3.65366 7.08642 10.1725 13.1876 4.38911 6.38617 11.4552
201.769 5.82164 7.17339 7.53791 3.25119 12.2956 12.3792 10.34 6.35615 8.77191 5.72078 10.499 7.79747 11.938 9.01602 8.45458 16.4889
195.806 8.77217 8.43202 9.3488 8.21415 5.65411 16.2748 10.3888 8.81208 12.9487 4.87477 19.0524 8.87617 8.07144 4.5077 9.7216 16.2263
193.497 16.9341 4.69026 6.30202 17.3054 14.6512 11.6934 8.68509 12.4011 10.3876 5.38389 7.791 12.4847 8.14439 12.5162 15.3915 8.84586
197.647 6.15542 8.87756 18.5626 9.07878 7.49124 6.99441 6.81132 10.4328 11.3489 16.5042 15.2336 6.93271 8.34346 14.9037 11.029 16.8086
199.458 3.17566 7.89282 4.57758 5.58792 6.2666 11.0905 17.3489 10.1193 8.88689 22.9317 5.06084 8.45049 7.03413 11.2102 6.39859 14.7787
178.223 4.46947 11.3326 8.57728 10.1289 13.3365 6.10168 6.31581 10.3866 6.04749 7.16536 7.20241 8.09554 19.2836 12.4121 20.8166 16.1153
175.71 10.309 11.2687 16.3804 3.81784 10.9757 13.7402 6.40824 12.3095 8.94054 10.1841 8.81874 7.25432 9.74918 12.6222 14.2419 10.7193
199.927 7.38398 11.8285 17.6178 5.66469 10.905 13.3146 8.99937 9.73148 13.3136 16.6514 14.2033 16.6452 11.6834 5.84764 10.1948 15.142
191.506 4.58333 10.2173 12.4031 10.9736 10.3319 19.5747 7.45131 9.41469 10.8016 2.42966 2.581 17.4313 16.6553 14.0272 12.1992 20.2347
181.779 8.34605 8.28568 12.8736 9.18633 6.73377 16.5956 15.0015 11.0798 14.4996 8.68765 15.0582 6.57353 14.6171 15.3288 8.5539 6.97934
189.232 16.1468 16.0483 21.0026 8.02231 6.49189 11.0794 13.9993 10.1039 9.51488 7.51547 11.9818 4.90675 6.89659 6.61236 10.8792 7.68184
204.171 4.84536 10.7154 10.1675 11.7937 8.83404 11.448 15.904 11.831 10.1376 6.21613 9.8425 10.4678 5.36101 8.12943 21.0726 15.188
192.191 5.12371 6.39788 3.68213 14.216 17.7919 6.09226 6.85502 12.038 4.50851 6.21382 9.53709 9.73223 10.5445 19.9982 4.67819 12.4869
184.454 4.74849 14.123 6.35502 3.55062 11.2219 10.624 7.97626 15.2142 13.3597 14.7486 10.7635 7.26746 4.84367 9.01608 15.9636 28.8923
172.355 6.4118 10.1385 3.5908 12.3809 5.77754 7.92268 13.7402 6.36366 5.07448 4.26312 10.1963 5.84081 8.30873 14.2596 10.1179 22.5771
188.956 9.31797 8.13543 3.72261 7.24184 7.53897 16.7996 9.21543 15.8173 8.28177 10.9419 9.11156 5.86774 8.29834 16.3317 12.5287 10.0857
183.643 16.0386 9.74976 10.4749 10.0893 7.69892 12.6568 11.3793 17.1615 4.17634 12.5386 9.1921 5.9116 5.00747 12.0422 17.1922 11.7485
188.968 4.06703 11.2216 13.8851 9.44275 9.71751 8.28396 11.7007 7.44643 10.5109 8.31527 10.3581 8.87829 7.18009 11.9022 6.26965 10.4319
185.679 10.8351 7.35724 5.6015 3.77904 9.40561 8.88951 9.98311 15.6796 9.26255 5.97446 12.4697 11.1261 3.60564 11.9349 6.8478 21.3247
204.444 13.1388 6.72948 8.98061 8.65879 6.48272 16.4103 9.89833 9.5934 12.7534 17.5228 9.14878 5.43663 4.6162 7.95991 15.888 20.7392
171.722 3.95659 6.02365 22.1881 7.08325 10.0628 15.6039 6.68051 5.60847 8.29721 5.07721 10.8259 4.15165 5.58302 9.00216 13.8168 20.0146
178.661 13.0045 8.69578 19.5874 3.75158 10.1263 17.5192 6.34965 13.9847 6.45659 11.5718 8.58696 5.32358 12.6998 7.59533 11.8719 7.38823
182.726 5.85358 20.4659 9.97048 7.01999 4.85683 17.3407 6.18754 16.7628 8.34773 4.6345 3.14587 6.00508 10.845 11.5181 6.17328 17.2216
192.665 10.3145 4.97254 9.33855 4.1467 7.23936 14.2798 14.5221 14.866 11.2456 4.79892 6.38892 16.1784 12.5255 6.81767 9.06119 16.3622
184.748 2.08424 10.213 23.3352 10.3665 10.6283 8.95846 6.26728 19.9219 7.87844 4.49213 9.09702 10.788 14.5026 11.0524 12.8841 14.3324
186.464 7.44623 12.3092 8.201 12.3618 8.39214 17.9015 7.36955 6.74828 3.49583 3.40335 2.12416 7.39424 12.7727 9.70727 8.21258 11.23
196.756 6.21734 13.9635 8.40155 21.2386 8.49168 10.0656 1.58355 7.02404 11.7117 7.40751 11.0443 17.6015 15.8856 6.13061 10.162 14.8366
185.68 10.5923 7.50132 8.72215 12.6867 12.9617 9.8462 11.901 13.7659 10.0286 11.722 2.62866 17.3074 9.08948 22.2874 10.061 18.9758
178.017 12.3531 6.73732 35.4035 13.2163 9.40946 15.2147 11.2237 10.1304 14.8825 7.29104 10.734 18.7093 6.59589 15.7521 11.4579 7.83826
177.033 9.00178 13.2271 13.5251 9.42997 5.74823 11.1118 14.9485 7.16324 6.59019 5.6451 9.05823 13.0384 13.0345 4.50042 9.11815 14.3487
185.049 4.76293 9.01706 16.3545 6.81617 10.8079 10.1236 14.1826 13.2973 5.08362 3.82686 13.7561 10.5666 2.47363 6.58539 8.27089 13.0783
177.4 12.6194 8.74128 15.8808 10.195 7.00383 6.37149 7.77218 15.6942 6.38397 9.50674 9.74538 9.59805 19.7774 8.79928 5.54739 19.7341
179.982 14.2328 12.2648 17.5475 12.4224 7.38179 9.77184 5.7442 0.964957 6.87673 7.73226 9.07763 10.4337 6.91219 9.59135 7.32152 9.14388
173.665 10.7199 11.0927 7.69758 13.2566 11.767 9.53902 6.84847 9.15459 5.55894 3.26179 9.58258 12.0062 4.0751 11.8932 5.64059 24.913
174.016 4.55547 3.94235 5.85406 5.49003 8.55869 5.52959 3.9721 10.4818 6.22614 9.52476 4.54662 6.97846 15.2695 18.6766 10.7592 17.5888
182.06 6.40516 5.1037 6.62834 5.49364 5.89996 7.05761 6.98499 9.67225 12.3029 17.4133 11.7451 9.90869 4.33165 3.16274 11.6104 7.95322
183.667 10.2451 7.22518 8.68656 8.55089 14.9524 5.46733 7.8143 5.37405 14.3916 5.02071 11.443 14.0798 13.8676 13.8629 2.9332 17.7889
184.294 11.8757 11.1063 6.3346 10.0367 10.1027 5.75366 8.62745 13.4368 11.0238 8.88909 12.5352 11.0933 5.42531 20.4468 9.4979 16.2021
208.854 7.23602 6.23567 3.06426 6.37515 7.62928 7.6756 5.89619 7.48403 10.0583 2.60187 17.5263 13.076 13.2522 10.9692 12.5021 9.58456
191.029 5.95298 6.55397 3.56933 6.94624 8.22288 5.04052 7.16411 5.62314 10.495 16.8328 7.55847 11.2595 12.2167 11.8162 6.81813 14.5197
212.619 4.82559 7.62141 11.882 9.12231 4.6461 8.86978 6.34908 6.46979 9.15833 17.6288 14.7699 7.99433 10.2559 15.8377 13.6564 19.5687
204.889 8.08659 6.06645 13.3917 7.4121 8.26637 3.664 7.68349 8.8661 6.57499 6.9966 5.65034 10.8652 13.9548 10.7469 12.6156 12.9123
199.139 10.4581 9.26169 20.4114 14.8121 4.67616 6.30749 9.9127 11.6297 7.36023 5.76851 4.7506 14.248 9.15362 12.0572 7.15675 14.0647
196.703 15.0313 12.4961 12.5872 17.9716 16.059 5.54885 7.45482 7.21406 10.4711 9.69854 7.25737 13.8819 11.6729 13.7154 8.47829 6.48211
196.397 23.3112 4.37028 9.61196 11.973 6.95263 8.20246 15.9103 5.52432 12.7688 7.15225 8.08405 10.7354 5.8677 10.3283 24.5216 11.0342
198.34 5.77238 9.05332 10.7769 12.0333 17.8021 8.83825 8.99154 4.04795 8.05412 11.1446 9.97768 8.86986 5.50534 12.1194 5.76378 13.1382
200.32 7.22665 9.03717 7.05988 17.6263 6.78628 10.9637 7.79175 12.208 4.64599 11.5257 11.7449 11.0869 11.6098 10.2492 5.55884 17.791
182.54 8.53132 10.088 7.60698 7.00697 15.482 14.8535 10.6723 11.2424 15.06 8.67143 6.67249 1.86774 6.39826 9.51087 6.46717 15.4335
186.613 10.5985 2.40704 17.9038 12.4644 8.75436 10.6108 6.91279 5.81761 6.04004 17.3463 12.7971 14.7641 18.077 9.92845 13.9209 17.6212
184.821 9.14115 4.51005 17.3435 13.5411 9.49101 9.15409 10.228 7.39821 7.32965 16.2931 12.083 3.8715 12.1466 8.54517 19.4691 11.7847
190.822 13.001 7.1498 9.89827 10.7437 6.86499 8.96111 8.58499 14.9265 14.992 11.5879 4.4919 12.593 12.4665 22.434 10.3335 16.5724
183.683 22.9847 8.64051 10.4375 8.3881 4.95362 15.0986 8.61423 19.0206 15.1118 8.96107 13.1607 15.223 7.09028 13.8425 16.4321 19.2709
194.759 16.8048 7.94663 7.77232 17.3968 7.64545 18.7728 13.8775 7.15104 18.1386 15.165 8.66531 10.4287 5.96389 16.3042 15.0473 10.3325
180.154 17.1856 8.38092 5.18345 17.8857 3.53312 8.95756 18.6024 6.32117 12.6541 18.7616 7.72989 9.1703 18.4998 16.864 7.10156 14.0165
176.63 16.8983 21.8404 12.5273 8.03532 4.69623 20.807 14.1509 8.81458 7.27346 8.8266 7.27605 8.83639 7.0157 10.6299 10.6167 12.199
178.961 5.68286 10.5665 7.02023 13.7071 2.97129 15.1565 9.44354 9.07689 6.03085 7.15983 7.64925 8.29533 10.6437 10.7302 11.5685 8.30283
179.722 9.53717 7.8606 8.85842 10.1063 6.42826 9.64395 13.2567 8.66144 9.56343 11.2317 9.33114 10.7357 9.07945 15.5625 19.8281 4.08366
206.829 6.67801 16.691 18.6153 5.64746 7.21268 10.9957 9.35071 18.1924 7.46468 8.71959 8.7283 16.3379 17.4168 6.92972 7.29253 21.7075
217.742 8.80108 4.50285 11.447 14.5094 16.4727 8.37338 11.9003 5.54147 11.9632 11.9747 4.87055 17.0936 16.3309 6.82685 10.46 9.00273
195.901 7.91271 5.97968 10.5588 5.96709 6.39063 6.67489 8.78497 9.98955 7.1371 16.9246 9.32876 7.54415 8.108 11.3396 6.49628 10.7462
192.412 2.92252 10.8452 12.5943 7.17567 6.74972 13.6677 13.4977 10.8621 3.91348 8.79698 10.0246 7.56233 7.45521 2.10221 8.9484 9.33322
202.351 13.8112 14.7855 11.0764 4.59508 3.89605 7.18802 5.6962 7.82672 7.80321 10.6854 8.03332 16.6017 13.6975 7.16509 8.73166 19.4954
197.191 14.1682 16.05 14.0344 18.4155 9.051 5.63397 5.86095 13.5349 8.94162 7.48565 8.55764 14.8482 9.13479 5.74952 3.63207 21.191
198.317 13.0868 4.89753 12.054 6.52217 7.966 9.73254 8.64068 10.7697 2.97428 8.98913 8.69173 5.97756 6.69927 19.7869 6.81498 18.0644
187.944 7.81096 5.00358 11.2613 7.22018 11.3339 10.7471 6.43544 13.2766 7.95869 9.23488 2.86429 8.35449 11.2254 11.972 10.4752 14.7675
176.675 11.133 3.07744 10.0468 10.0231 10.041 13.854 4.92344 3.76273 11.1706 10.5901 6.20829 5.53621 6.6972 16.1214 10.1149 13.3417
199.6 4.89955 3.39301 16.0616 19.152 12.9662 7.91768 4.34605 6.36212 7.63376 11.3734 8.6317 8.5115 7.15858 8.40122 8.89543 14.0593
176.37 10.7128 4.37099 16.7441 15.4526 12.5703 12.2598 5.9063 12.5569 5.50378 8.37181 11.5897 4.23079 14.1972 12.95 9.75552 9.54629
212.235 7.46871 6.43465 11.0422 6.36074 10.982 7.96567 7.41965 12.158 4.95275 6.65272 7.93267 9.02949 11.6234 3.52803 13.7393 15.5321
206.417 14.4756 11.8454 14.9729 5.59786 6.86726 15.0313 14.5184 8.46766 8.3716 10.936 12.656 15.0404 12.1732 20.6542 9.32965 15.1582
202.154 11.0941 6.26344 15.4313 11.8664 17.5052 8.99275 10.5798 6.82143 8.14744 11.9609 9.34041 13.2428 8.09094 7.61105 9.48182 15.9732
182.13 10.9637 19.0659 8.34962 2.05142 7.05033 9.21317 4.96089 12.5011 4.1207 8.17403 4.7674 9.56294 13.0841 3.95049 6.6335 13.3585
177.212 5.70076 8.79994 9.80153 6.45203 7.20795 10.411 7.49646 9.22847 3.88535 13.4949 9.3849 7.50115 15.5006 6.37089 11.7562 28.8457
193.012 12.4187 12.6109 6.0743 9.29489 7.30502 13.1766 18.2034 14.2186 13.6776 9.0797 8.1921 10.6848 6.27564 14.5707 12.1931 9.31732
217.527 3.0776 9.07456 13.9949 16.4303 6.50011 10.4283 5.24082 6.97859 4.15778 7.44665 9.71982 2.05851 11.4453 8.65687 7.56529 11.0486
169.537 9.15092 12.8721 14.3758 10.187 16.6196 15.8458 8.99365 4.19856 4.07955 7.00722 11.4848 7.30915 12.7569 5.48922 7.04359 12.2683
203.296 2.82223 11.789 6.35296 6.88608 7.39219 10.7667 10.7238 6.59214 8.11835 7.73855 7.83747 9.78846 6.00507 15.1198 21.1912 10.675
192.43 6.49195 10.9306 19.0267 9.55089 19.9845 10.3018 10.582 11.4363 11.4512 8.54104 5.21762 2.35559 8.423 18.77 8.52289 15.332
188.769 5.32462 8.97438 7.81631 9.6019 6.24779 7.20888 11.6033 7.73001 15.3543 6.14033 8.30433 5.44051 9.43969 18.0672 15.2648 14.0003
192.228 18.6705 12.7636 9.65323 18.134 11.7988 8.90362 10.3619 7.92553 12.9209 9.08744 13.2818 6.84622 20.1588 4.17607 6.32325 12.9512
170.674 6.36072 8.87154 10.4331 10.4141 3.03301 19.3728 9.77232 8.89954 11.1241 5.91854 11.0288 12.5378 4.95714 13.331 14.3991 11.3627
173.91 5.20914 9.08291 15.4592 10.8565 10.9766 4.48067 11.5866 21.8886 15.2057 11.7191 9.55163 14.9907 7.8343 13.7741 18.1298 12.8758
180.083 6.29206 15.1785 16.0639 9.83003 17.324 12.3154 9.65231 13.672 11.9007 4.64908 9.80969 13.4014 7.40659 7.08817 13.0962 14.2717
183.097 8.12428 8.62631 15.1732 9.51548 9.57703 12.6099 9.6824 4.88461 8.10527 3.77132 6.27292 6.26477 8.82406 18.3888 10.3558 10.7647
190.017 5.24154 5.52192 5.40851 11.5097 2.62829 12.1885 13.0668 9.97637 10.5961 5.26279 9.61272 10.2976 3.87336 12.1059 10.8862 17.1335
191.938 10.8407 5.66484 12.3276 19.6626 23.6149 6.53755 8.3257 15.3485 10.1266 2.93732 10.5778 7.08545 9.40921 11.5128 6.34136 13.9082
189.59 14.1056 6.31217 15.3761 12.3049 9.38102 3.30011 6.10945 8.71124 5.81602 5.25949 10.69 5.57616 9.09275 8.87891 24.3578 17.1923
184.906 3.67525 16.0659 14.3673 12.535 15.2724 6.87226 7.08932 13.9314 3.99403 6.36333 10.7655 4.02535 12.369 9.03513 11.9249 9.66028
183.96 5.62942 4.54618 10.4392 8.42344 12.8604 3.3386 8.92778 12.0116 7.25787 11.5122 14.2402 7.4083 8.1454 21.4655 10.8241 12.5145
188.349 5.631 7.11549 13.9427 8.25817 3.64388 7.87235 13.7684 12.4736 10.7261 7.98339 12.8767 11.2765 5.88 9.62757 8.36243 14.7195
197.562 5.391 10.8447 10.3231 6.94329 5.40571 10.6159 5.34465 6.37871 6.1764 7.79138 4.23889 11.5743 7.06193 6.7089 13.5134 3.57018
192.548 5.35407 9.56675 9.08122 12.0058 8.2789 7.43698 5.89863 11.08 15.8628 9.9931 5.99935 9.90289 8.61097 7.80215 18.906 24.7037
192.831 5.33721 14.5665 9.7492 13.1318 6.50131 4.92818 16.9386 11.3331 5.83711 6.50177 6.88393 8.98823 9.35667 7.04145 16.5637 9.43731
200.064 11.4624 5.92085 14.0244 15.1842 6.8 4.13048 9.18724 8.40769 8.73893 3.8646 3.96432 7.03263 13.8954 12.381 10.2256 10.8097
185.024 4.71283 2.73015 6.43636 18.3869 7.51544 7.0224 12.0503 19.1636 5.95429 7.28943 9.58081 11.4281 10.5779 13.2219 14.399 17.4071
167.907 2.03176 16.5126 13.4939 13.8952 8.37755 11.0036 4.94379 9.30128 10.1723 11.729 12.3399 17.6232 13.3213 7.98925 2.86214 21.3193
177.675 5.30086 12.1503 7.1602 5.59612 7.74452 9.9014 6.09054 16.1576 16.4361 16.9571 15.1074 5.4049 14.2442 19.5009 3.69252 28.1064
181.076 19.2422 6.8269 5.18927 7.85522 6.69913 11.1902 8.83078 16.2016 4.83199 8.75102 12.7971 14.3303 6.20617 13.4206 17.749 19.2273
190.034 9.04459 8.00231 7.05928 8.67462 6.18614 1.08727 14.6357 11.1324 8.44127 11.0977 6.51724 6.76362 5.5261 13.6854 19.5604 18.5781
198.125 17.3223 8.40829 7.61111 4.51801 11.4681 7.97962 7.12076 7.80415 9.07578 14.9943 10.3698 12.5929 8.86185 12.7572 13.8678 9.70302
193.111 5.58493 13.793 9.18025 6.79794 15.1772 10.2334 7.79857 13.4702 9.37932 6.53714 6.53768 20.6911 7.88379 12.5453 9.28979 8.75562
186.491 9.47356 10.1346 11.7924 3.7329 15.0014 10.9227 4.27562 10.4902 6.46915 6.56457 6.18665 9.61375 14.0731 8.16367 8.18855 8.94673
195.013 10.3117 10.5631 9.2053 4.16817 6.25218 4.1963 6.69413 11.1767 1.72706 12.4428 10.422 19.465 5.72688 12.1019 9.80975 14.2436
203.833 12.3268 9.8152 13.0183 9.32008 3.99206 4.67707 4.85483 14.3585 7.8294 2.08986 10.2343 17.2469 9.09873 19.9818 12.6791 14.1195
179.794 11.8699 9.28871 12.7162 10.2512 5.99089 6.03681 10.0187 6.52215 17.847 3.31381 8.63446 7.34064 11.6442 13.4814 8.24258 18.7462
171.901 15.3033 9.00077 7.61338 7.00633 10.157 4.9108 12.8588 12.243 11.0682 5.09977 9.42269 9.64828 4.10598 15.5077 1.90923 26.1278
190.149 7.28991 10.3124 6.34116 10.4491 17.6034 11.3866 7.34415 13.6924 6.30629 6.53306 8.36075 2.99268 9.29455 10.8726 8.55827 12.6097
192.043 6.02204 7.83313 4.53034 9.25612 11.0084 9.14321 6.41765 15.0964 4.63624 11.869 4.79312 5.76866 4.32375 17.1581 12.1875 17.4925
189.35 5.40418 2.78536 8.58527 5.91298 9.38306 6.63278 7.56413 20.4886 11.7841 7.62619 6.96916 9.82514 21.3031 13.6854 6.43627 15.8673
199.918 4.26199 5.72877 8.35708 5.69814 7.81255 14.0824 7.19953 7.56199 6.33825 9.08835 8.91934 15.7232 13.4367 6.96205 5.58289 19.1366
192.523 11.5859 6.35168 8.62916 14.9242 9.31159 8.22678 6.70331 4.89073 5.28906 6.66754 7.04499 5.34166 2.90039 10.3567 11.3641 8.88089
182.926 15.3459 9.12818 13.0024 4.10706 5.46947 4.70724 5.38057 7.0981 9.4561 7.89041 10.4305 6.88289 7.10308 10.7536 10.1499 6.13245
193.487 9.69381 9.34158 17.8172 8.62775 10.938 7.99868 4.44945 11.0626 5.1029 10.033 6.05756 12.664 6.96307 11.9568 9.43942 13.4491
194.458 12.5503 16.8845 12.4181 6.42011 9.07931 11.103 12.2156 9.55131 5.02092 10.3279 6.9977 11.8029 7.8816 7.26611 7.86795 18.0104
186.184 6.37012 8.79002 8.21774 6.87859 8.31881 8.5133 5.22783 10.7195 5.59149 10.5569 11.2017 13.9113 11.3807 6.30849 18.785 21.12
192.71 8.71802 9.83082 7.38323 3.44776 4.879 7.55136 8.57651 21.5258 7.51184 4.56163 9.16009 13.6064 11.5578 10.9332 15.1201 18.3096
191.039 16.7893 11.8614 8.02554 15.2498 14.3014 15.6118 16.4395 4.63252 8.4883 6.51294 9.31435 13.8369 11.6402 13.2963 18.9857 12.3026
191.574 18.5458 10.1577 11.6087 9.78716 10.4627 7.41353 7.40907 11.3982 12.75 9.2659 3.01256 11.3762 11.9403 8.2871 3.31681 12.4419
210.234 20.3783 7.83519 10.9525 8.22943 3.74947 7.56095 4.86675 5.06696 10.3902 14.479 9.22566 8.41738 13.3335 10.0207 17.9754 12.1805
180.048 10.7777 7.94286 7.18025 10.1221 7.69326 7.69208 9.14416 11.0452 11.3203 10.8101 9.58322 6.52395 12.8935 6.9747 10.5872 13.4843
200.617 12.9085 7.78419 4.69299 15.5682 8.59604 6.3589 8.88909 11.5648 9.53413 6.58386 8.65313 11.5267 11.3665 7.34225 4.57512 18.5911
193.394 9.92316 12.2463 12.2576 14.0672 6.498 6.61974 7.06827 18.0882 14.4361 5.12835 9.28182 13.3891 14.6211 14.2054 20.2128 7.7682
196.336 8.66262 12.2775 4.07356 12.2703 3.53041 8.32697 5.99119 17.5499 6.88686 6.21483 5.78813 12.5222 17.1351 12.8051 13.4825 10.304
196.311 7.0416 14.7268 7.99913 11.2623 6.93275 6.70674 18.9142 1.75141 5.98295 13.2533 12.4734 12.359 14.1408 10.3792 14.5286 9.42487
182.967 10.076 6.98314 11.5725 10.6373 7.22335 5.37391 19.0337 9.73837 15.1965 8.96287 14.3624 12.5285 6.10517 13.6065 19.6935 8.66609
195.925 4.79339 10.7998 11.2671 9.52538 8.57926 18.6138 8.89816 12.6595 9.28617 13.1908 12.7222 7.78611 2.43289 5.97569 17.3191 6.16207
178.233 1.50669 15.8759 3.40288 15.1988 7.25009 7.84819 17.6318 19.0929 12.1377 5.62314 7.61132 6.07534 9.54142 3.13697 2.7931 15.786
179.03 11.6738 15.2927 6.96366 5.35664 4.4687 13.6855 8.96931 8.95539 9.07279 7.71334 10.21 9.2964 16.3904 12.5486 8.31598 11.0948
207.597 12.7474 15.6344 9.47975 6.12066 4.78948 17.1273 21.8045 6.89334 8.07749 3.37435 6.32099 4.334 8.99804 12.0296 2.66665 18.7489
205.068 7.64212 19.9573 19.7936 13.7573 10.0985 12.4577 20.6683 6.20996 7.52749 15.7213 18.2127 16.7129 3.94898 9.67304 8.93399 14.623
195.335 6.54648 23.2621 13.4051 13.2696 14.8041 11.9493 4.41926 10.405 5.00582 13.6839 3.03871 10.7309 12.2856 18.6237 16.5466 13.8793
206.382 7.454 14.7938 5.83503 15.5623 8.17669 12.9495 6.05153 18.3496 21.4516 10.102 8.07398 16.4953 24.8598 15.1097 14.5213 24.4379
191.285 15.4442 12.6955 15.4904 20.7783 6.84391 11.7572 8.37892 2.71198 7.4529 2.95364 5.78162 6.47107 5.23234 17.2836 5.76362 14.7463
189.443 12.8898 7.43298 15.3075 12.4703 17.4056 10.7216 12.2589 9.13295 5.5417 5.63479 9.41402 19.2961 9.73791 13.9517 11.4967 10.2652
188.936 11.3103 2.63975 3.84226 14.4272 20.2822 10.3856 13.7663 12.584 5.21296 5.28645 5.46112 25.4012 9.54158 5.8062 9.15166 12.3941
188.819 8.90576 7.59041 7.4937 9.91102 13.4214 14.6538 10.1277 6.92674 12.549 4.05885 4.89769 8.46288 10.3232 15.014 17.5516 10.397
182.35 3.73306 18.1656 11.9825 7.26598 9.54642 14.0971 8.07845 13.0623 5.96382 6.69087 12.1195 16.5461 10.3523 8.02098 12.7264 19.6522
198.256 6.2757 19.7047 12.6555 6.99256 4.20852 6.78462 10.2384 19.6458 12.1474 8.24921 5.45568 8.76185 9.9709 7.70153 7.64837 16.9665
199.973 8.7214 12.4856 14.1946 8.58149 10.6687 9.99669 10.7872 13.5746 9.76378 7.54152 4.54273 5.41737 16.9575 13.753 6.70353 11.0574
193.552 7.78757 6.84681 13.9766 15.7276 9.00669 5.86575 5.85385 21.0426 5.90188 3.8838 5.69521 9.67546 13.8816 5.90494 8.13599 17.5267
183.422 9.26144 4.89207 11.2711 15.4733 3.35011 9.89217 19.7307 4.01132 10.831 15.6943 7.63241 13.2622 12.4466 14.4068 12.7012 22.0826
179.933 9.42346 4.69672 12.1159 8.6088 12.088 17.127 13.8297 9.36524 5.0434 10.7747 7.58008 12.1583 8.09263 11.7336 14.5944 11.6742
185.94 18.275 8.81414 13.0191 7.25873 13.4078 11.1454 8.89031 9.04802 6.11882 6.44306 3.96806 15.6983 11.8401 11.3242 3.55516 13.1896
173.277 15.3666 8.46315 10.6288 6.67784 6.71373 18.7946 9.22263 11.2324 8.28636 4.52714 4.38004 20.7626 5.31256 5.43589 5.36372 7.61639
181.886 12.1905 8.17779 16.8444 9.0521 14.3759 24.0805 2.39399 9.56147 10.0891 5.63328 5.88331 17.2658 2.92363 4.87286 3.78211 20.2838
182.404 7.74941 5.20988 10.0998 6.95833 11.4805 2.39209 4.1977 7.95172 13.7131 11.645 8.55583 8.50641 12.9916 8.53845 10.1876 22.0415
188.847 9.48893 17.0089 6.70838 6.41783 9.71511 8.38697 8.28251 9.26365 9.64108 1.90458 10.8714 4.77601 12.0789 10.9135 9.53914 22.2879
182.802 9.78067 21.7024 6.37518 9.3778 5.17406 9.20458 8.26751 18.5849 17.663 5.43248 9.88318 4.80239 5.38652 12.5907 16.556 18.8453
189.803 12.0955 8.69971 13.9691 4.10358 3.08789 15.3576 6.24885 6.61908 19.9632 6.63633 10.053 16.8896 11.1501 12.8403 9.9185 8.65309
192.824 7.92929 25.6309 16.3777 7.98694 6.11877 5.90478 3.82594 8.60606 10.4639 9.8561 8.11249 10.9137 10.5527 12.3994 6.61536 13.4557
187.136 11.7337 14.1452 20.0892 6.10934 9.09407 7.11781 7.94914 6.14817 4.97014 8.16209 4.76296 10.2837 9.8453 15.628 3.30648 6.05646
187.798 11.4784 11.4877 8.74471 8.4653 10.8221 5.21421 7.01132 8.55882 8.19482 4.37697 5.95285 9.67233 16.3317 24.633 19.093 15.3124
181.18 12.0304 6.97214 12.1173 13.1851 14.7334 9.67217 7.88094 9.21388 7.66802 15.5838 4.05103 12.897 15.8376 19.4338 16.6334 11.7174
179.542 8.93138 3.38512 19.8317 8.29743 11.6312 18.7982 10.7834 9.51572 9.27602 9.77337 13.5163 7.41209 13.2933 7.43829 17.0223 12.0941
182.805 14.477 6.80637 4.02904 11.694 4.88157 12.3098 11.3531 14.6839 7.12751 8.15261 11.1471 9.78458 13.1869 12.2672 5.01334 16.4945
178.408 11.8433 5.59894 7.97673 14.9023 3.68135 14.1594 11.2607 5.96578 10.6374 11.2202 12.4489 13.4363 4.89793 12.8853 12.5757 15.9389
181.596 14.1702 9.60489 10.4015 10.9822 6.54594 6.17585 11.0754 15.9788 3.31312 15.5167 10.4516 10.0479 10.533 7.28687 8.39982 13.7049
188.62 13.1707 11.2262 7.3166 5.70931 13.661 12.0447 10.7016 4.99228 6.68325 8.10903 8.3859 14.5525 7.41126 8.28589 14.3776 5.35848
184.233 9.3663 7.85117 4.22115 9.68012 7.33977 9.87658 12.2312 11.9754 6.51514 5.10126 6.72076 7.12646 8.87076 8.60821 13.1925 17.1627
188.356 9.5097 12.3147 7.70323 4.46865 4.76381 10.2223 7.78946 8.94626 7.9591 6.91158 15.8685 5.53819 14.1481 4.80686 11.5681 19.4937
185.879 12.5974 9.37488 8.19443 11.4249 3.3922 8.73723 7.22725 9.57144 8.20567 17.5422 9.90457 8.59052 5.31537 7.70885 5.19479 11.5925
195.239 6.28128 19.7646 11.171 5.18645 9.50986 5.21084 19.8127 12.1029 2.83867 1.66035 3.97231 13.2808 9.82187 12.3944 14.6748 15.1338
188.026 5.31318 8.57878 7.84986 6.98662 14.1689 17.255 15.6018 9.06597 11.348 7.85966 7.4107 9.64924 9.70483 6.75348 11.8711 14.952
186.024 9.80889 3.09387 11.7511 10.4571 7.68871 10.597 15.0355 11.6219 8.16841 13.1131 8.35253 4.90389 11.7414 9.23877 11.0832 21.1654
174.32 6.06479 7.31507 12.2952 6.20197 11.3978 10.6691 13.6274 5.39641 17.7115 12.8953 14.3378 8.40206 7.92127 17.1499 17.1572 9.05992
174.781 14.2582 10.5594 10.6577 14.9844 7.01148 16.9091 11.676 9.02886 7.00454 10.06 9.42215 10.2857 14.9781 10.2017 3.37629 6.54367
166.323 8.84696 7.96897 8.83372 11.054 14.8209 13.0696 5.41172 15.8987 8.71795 9.13942 13.4342 10.4968 6.21797 9.87875 11.9552 23.2063
175.355 11.0547 14.3355 10.24 5.05037 14.9487 18.8213 19.8532 9.83295 7.6705 8.29752 8.72948 4.22248 7.47611 12.0304 6.77198 20.7331
190.043 14.4889 9.39418 10.8115 9.66729 4.30604 6.57535 7.96986 20.8952 3.68399 6.03896 8.97744 6.6271 9.12347 12.2189 12.1578 9.68409
167.148 11.1266 18.4356 7.75341 6.09311 6.48054 11.8022 10.5059 10.3294 10.5574 8.50811 14.3936 5.29551 15.0568 6.80141 5.87198 13.5563
191.942 13.0782 13.5759 9.99574 5.59843 3.99971 13.1573 8.72777 9.95986 8.71357 10.4178 8.31914 8.67464 11.7442 16.1094 7.72007 8.41776
193.492 16.7184 15.761 11.2287 9.68504 17.6406 17.1151 6.45081 10.0444 2.96576 8.60454 9.20362 15.774 9.06558 14.9911 5.98593 16.8159
183.713 12.352 9.92165 8.71926 9.95356 14.5572 5.30128 2.23744 4.98294 4.44475 4.40914 20.5344 11.0097 10.5336 16.5717 11.0944 13.414
194.281 12.001 16.347 10.8467 5.30267 12.7321 4.14495 7.12368 9.63182 13.7928 12.6973 7.8525 8.46087 9.19013 13.0917 21.7323 10.0212
186.535 3.26028 6.01205 23.9902 11.2308 9.91239 6.16027 11.4624 6.09169 6.72871 10.8577 6.91288 9.7451 9.50284 6.18958 6.47652 8.92994
187.493 4.45215 6.71159 4.81774 10.968 4.41122 5.37569 18.1187 6.79432 11.9708 13.6755 5.13769 15.5667 16.2339 14.2853 9.57496 15.9027
185.523 7.20978 14.353 12.4296 11.1076 16.6823 7.18934 8.76024 16.056 4.68962 10.3454 8.37312 13.606 16.8845 8.42379 17.3898 13.2445
190.15 12.7925 7.50997 9.43537 11.5586 5.9465 8.12337 14.5575 7.29381 5.76863 12.8337 6.99686 5.3681 11.118 7.46066 5.42908 16.8669
189.098 12.6018 14.6076 11.1874 6.88461 5.52696 10.5431 4.89864 14.3024 12.1229 10.453 4.95647 8.01726 5.39708 8.51282 4.75562 8.52229
187.268 6.0448 5.26399 6.96909 13.0879 6.62033 8.24347 14.2507 13.5589 8.34576 9.15875 7.78408 11.6029 7.51288 17.5271 14.984 13.2688
196.915 12.881 3.90413 11.5014 5.02699 2.46415 12.2893 8.34813 8.49249 9.7285 6.62472 6.70561 15.4615 6.00821 15.1182 10.0088 16.4807
198.194 11.3681 2.17234 22.6811 5.89819 2.39946 11.1432 8.56469 12.5023 20.9293 5.94644 8.61454 14.5538 21.9519 15.2213 12.5355 16.6552
180.741 11.5324 8.25583 13.002 8.92712 13.7747 6.85282 15.3221 10.2405 13.4043 9.05735 8.60707 26.7306 12.189 14.8793 11.1181 9.58012
186.001 15.2471 12.6202 13.0191 2.7929 8.64766 15.5018 7.27661 6.22398 8.78983 12.6657 9.51602 14.0364 7.57992 6.72899 4.45351 10.1247
192.882 4.79809 6.75595 8.92195 9.10492 7.94186 13.1906 5.11245 10.0186 6.23783 12.7578 3.62082 7.94167 9.17072 7.15314 15.1324 14.0376
198.221 12.2011 5.01757 19.0336 13.6429 11.9424 8.47698 9.81013 5.85882 14.2098 18.4941 14.1483 18.1169 8.52353 15.2709 12.0307 9.33935
199.835 6.56334 10.2516 21.0009 2.62899 3.94098 5.8173 18.3464 10.3848 13.1899 9.55839 5.24153 6.10293 9.35581 11.5837 8.83091 11.8972
185.332 6.52563 4.38066 14.3791 8.37427 10.1885 21.0757 10.6007 8.40732 8.59812 7.13667 3.78045 15.8049 7.84967 15.7783 10.8133 14.4767
189.091 9.89038 8.8936 10.0745 6.59329 2.43891 12.0593 14.6761 2.28751 12.926 13.6332 11.2113 6.30732 13.0747 14.7473 9.09404 15.4207
195.727 3.74737 11.9751 8.00714 6.43029 5.28847 15.703 3.17811 26.415 8.28046 15.3265 3.66533 8.28839 3.73488 13.6809 7.08629 12.2146
185.406 13.8828 12.6202 11.8073 13.588 6.66713 12.2099 5.33966 16.2858 6.05047 5.29541 8.12454 10.6204 10.9496 14.5963 3.28639 17.11
191.885 7.84885 8.11386 4.85012 5.43409 10.6087 12.8473 6.89022 8.62008 14.2534 12.5942 14.1397 10.509 14.1824 8.01077 7.95791 12.6094
184.318 8.64405 7.12407 5.32465 10.9149 14.7266 9.22859 9.10261 4.71655 5.11742 11.9169 7.95247 12.0302 12.5887 11.1359 15.2885 10.3519
188.347 11.8798 7.96646 6.58892 16.8759 14.6675 11.0835 10.6661 4.46352 8.9925 9.79196 4.35946 5.93167 6.43767 7.51586 7.82293 18.3638
193.322 8.21308 5.73677 16.0477 8.13333 5.31573 12.0042 13.5112 12.0379 13.3159 6.89081 4.81102 7.15606 8.0286 19.041 12.3054 13.1575
197.287 8.40156 12.5035 7.69642 12.2417 10.4174 14.8246 6.34432 14.4684 4.44827 6.8328 4.78218 19.4363 12.418 13.5394 13.4701 17.2386
182.278 9.09995 7.99508 7.8963 12.6535 9.2499 5.17775 7.50378 14.5125 4.1945 4.47697 6.77792 6.20885 11.8008 13.0561 7.39476 12.8945
194.414 14.4222 5.2366 7.34406 10.5849 1.57794 12.8715 12.3919 10.1125 6.86116 8.46967 6.42882 5.69537 9.69124 8.69047 16.795 23.3735
188.302 11.9647 9.1739 13.966 12.1105 9.00972 6.36854 6.62473 12.6798 13.5468 15.8997 8.08356 10.611 17.8279 19.0019 17.5391 13.3147
183.449 7.5976 20.1155 6.93491 12.1951 14.079 3.58764 7.11004 14.6089 8.41709 4.44489 8.73131 7.43481 14.3474 20.2721 13.6292 19.0609
180.772 7.66705 13.484 7.65315 13.0778 16.8771 14.4368 10.5917 8.56507 9.46471 10.7713 8.08869 6.78554 12.1089 7.16601 12.5833 9.65925
198.32 7.2645 9.78318 13.289 5.84371 11.6113 11.2202 12.2558 7.08351 12.8533 7.54371 6.92633 23.0586 10.4658 16.3298 14.2837 16.3315
185.451 7.5719 14.2386 7.34195 6.96071 17.232 11.9739 10.7567 11.7592 5.15284 9.61282 13.6852 5.27994 1.9896 19.7798 12.1517 23.6841
184.328 6.56524 8.85783 12.5548 9.73022 7.20012 11.5892 10.9721 9.24724 10.6563 5.82342 9.24129 3.64025 10.5222 10.016 12.4487 7.3618
192.963 15.4794 5.2968 10.6815 6.64698 5.31139 11.2248 5.35878 7.17894 8.08192 10.228 10.8694 8.63499 7.58409 10.0557 8.08625 17.6922
175.094 4.5874 6.92364 19.9528 5.55168 6.78654 9.13327 5.35878 3.84612 11.6177 10.4951 17.9903 9.35423 8.41546 12.3479 9.32691 23.5308
174.725 16.3719 12.7445 12.1178 16.1143 21.6275 8.98608 5.62164 7.58703 11.2847 3.9916 11.2805 15.4923 8.57649 10.0336 17.3315 7.33296
184.726 7.96079 4.47293 13.7006 8.1375 9.39065 16.1165 18.9055 10.3585 13.8462 3.83564 6.78507 16.194 11.325 18.3535 4.91878 10.4435
175.077 9.63339 6.89536 11.5781 6.16178 3.49555 10.1346 7.23087 15.0438 4.79331 11.619 9.06463 7.15246 6.38192 7.99034 7.34258 16.6171
188.912 9.2728 7.44696 13.6199 9.52885 7.32831 11.5118 13.7623 13.6427 7.50103 14.2435 4.91016 11.1718 4.81018 8.46975 9.33918 9.40675
179.39 5.8159 12.5539 10.2786 9.77468 7.94277 19.2637 11.7041 13.9127 9.76156 10.0008 9.51926 4.74007 8.8649 8.94284 3.35868 18.8653
181.667 5.48677 11.196 10.1553 6.95566 8.77126 12.5782 11.1282 6.92287 8.14432 3.57462 11.5798 15.8046 11.5698 9.6682 7.16607 22.1184
184.876 10.3731 11.3453 11.772 5.79867 3.2409 8.93749 8.25607 2.47303 11.0576 10.5363 10.5324 29.5945 9.14308 9.79111 20.6175 10.1315
188.29 12.31 9.98768 7.2471 11.906 7.22576 5.28888 6.93909 9.68949 11.4046 9.31371 11.299 7.01761 8.10914 9.6463 13.7619 10.4571
182.843 8.86764 12.3527 17.4482 12.5129 7.13563 13.5857 8.36419 6.37537 15.5338 11.7032 25.3119 10.491 11.4044 9.57758 18.2808 9.94256
181.646 12.4811 3.98096 11.3417 12.1399 12.6585 11.5663 4.54714 11.9248 8.29064 9.63687 19.254 3.42901 4.66175 4.27248 11.3972 19.1076
174.39 7.89585 8.40242 11.612 10.215 11.806 5.10809 3.81299 9.51889 4.40776 3.28281 10.7284 5.44469 5.23823 12.5081 4.43249 11.743
178.437 6.45485 11.1308 11.5286 10.4622 11.1344 13.7839 16.263 10.4767 10.2361 12.0059 18.4163 12.3688 11.8672 10.9204 5.97691 8.33757
189.696 14.4175 16.9697 9.50265 14.9206 14.1701 23.6344 20.368 14.9522 4.22744 6.79037 8.75514 13.0926 6.75793 5.10067 18.1645 14.6005
185.713 9.26965 8.09297 12.5946 4.76292 5.86946 12.9812 8.92639 21.2901 5.70487 9.5478 6.00104 9.25311 6.84314 4.31056 12.6504 18.0786
187.152 6.50582 6.95565 11.313 14.7107 5.67493 16.5965 14.5581 12.2665 8.57716 13.2308 4.24316 8.1203 4.70455 13.1437 25.6533 20.1712
185.659 10.879 15.0557 12.5385 10.2927 7.54618 8.18887 13.0259 5.00723 14.6961 14.3415 14.1829 13.8589 4.14725 10.1054 13.2653 15.3374
189.57 8.57447 13.4474 11.3793 8.1535 6.54771 13.4697 16.7218 7.44475 5.39855 5.04275 7.63804 9.51182 7.35247 10.4858 16.8571 18.7074
176.874 7.51686 22.8074 9.24487 7.46008 9.67795 10.8373 9.08278 7.14675 16.1355 7.8813 5.76829 7.62689 3.71903 8.01056 7.56355 9.34216
182.028 6.60752 8.82735 5.05614 16.3323 6.14004 12.7762 9.99802 6.99865 10.8783 1.35404 6.3712 12.6268 15.165 7.5262 26.0574 14.3214
203.976 6.45249 11.3981 3.8451 11.175 5.78005 6.73233 20.3273 11.1097 7.31278 7.63727 11.1827 6.60011 7.58701 16.4865 11.1475 7.67303
196.159 12.2027 8.61413 2.96689 6.94308 5.03518 7.47544 10.9553 6.75247 8.71559 9.01582 10.3668 10.2021 14.8086 9.8852 10.4599 9.12614
174.319 11.3336 14.3378 12.2703 8.88399 4.67663 9.61446 6.586 6.17759 5.00767 5.6545 11.9153 10.8515 7.44226 6.74408 10.0464 14.98
195.596 18.6229 9.02095 10.6321 7.76416 12.4686 8.71329 9.87075 9.725 11.7858 8.87091 5.82448 7.68833 8.99674 10.8155 8.11217 13.1016
200 12.7056 13.5795 9.95454 8.47342 7.32663 9.40626 11.7728 12.0903 8.51687 3.27114 2.09483 5.04993 14.0673 10.6296 3.66541 8.03071
194.668 14.6453 3.24673 7.40581 11.0069 7.05992 12.8482 6.96507 13.0391 6.19019 3.27114 9.06225 11.4521 16.3529 9.75408 7.6042 19.4556
195.708 5.73501 4.12704 9.78062 10.8691 10.1586 13.6846 19.3006 11.9239 6.14979 6.47468 10.0375 17.1804 8.00652 10.5333 8.67858 12.6903
186.988 5.78223 13.8704 11.2124 6.60376 14.9342 8.16032 10.2052 6.98559 7.2021 10.6179 10.2292 6.75846 13.8768 14.316 20.7216 20.6397
194.823 12.6757 18.7647 10.8357 13.0931 11.4081 7.86404 4.2229 10.2656 12.2696 4.39357 17.0979 21.9928 8.49568 18.8759 12.3394 15.2348
177.46 8.74868 8.63484 13.8081 7.34157 15.0571 8.34974 7.84613 9.96824 13.2498 11.1587 10.3968 14.4636 12.5907 17.7546 7.1243 18.4398
187.682 9.1984 8.69977 8.37077 13.3474 10.8748 12.2266 13.3749 6.95723 11.2451 8.01512 6.35323 9.07484 5.84405 14.4072 19.3979 7.87
194.271 12.2964 9.67637 13.7987 1.59858 6.76656 17.5296 13.7189 14.0078 16.0291 3.93784 7.96028 8.62264 6.80889 12.6552 8.32183 14.2409
186.012 3.60611 18.6321 12.8432 7.59073 15.371 19.3043 7.6664 10.1918 8.52187 2.50057 9.77198 4.69019 12.4831 11.3284 5.28601 10.7451
183.245 7.76064 7.58681 11.61 9.42755 4.37478 14.4669 17.6574 16.3786 5.71672 7.96997 12.4172 7.21491 6.07956 22.9674 11.2565 16.7307
182.046 6.72978 10.2576 12.5566 6.13266 10.098 16.1824 14.1429 4.67464 8.15805 12.7936 7.85199 9.72527 10.9989 8.26388 10.938 17.4127
177.904 3.90334 16.4916 12.1816 9.59882 13.6862 5.86367 9.11926 15.7868 9.51774 6.74812 3.81295 9.69542 10.5 11.8147 11.9403 12.4237
170.242 9.89186 11.369 10.5561 7.24889 3.42191 11.8579 8.10585 8.37607 8.17999 6.70767 8.5999 16.9586 23.1021 17.2281 8.18766 12.2727
182.015 4.5017 9.05651 8.44629 8.68752 7.738 10.9856 7.58139 11.5196 8.76386 7.42407 6.51967 12.4012 10.6805 6.45177 16.9833 13.8673
189.464 14.1354 4.40235 8.55098 11.3709 7.31514 8.97445 3.41786 11.703 9.92093 13.2286 11.363 12.3156 10.3033 5.79616 13.2871 12.4676
193.302 8.02106 12.2981 15.3361 10.3137 6.80075 8.65797 5.53127 6.43762 7.09584 11.9947 12.9284 12.8761 4.38592 20.2498 18.0354 15.6068
195.349 7.88547 5.15757 12.7681 11.506 7.40507 5.3251 5.55497 4.38497 8.27286 3.43776 12.5233 12.856 5.13888 20.2498 13.8154 10.888
195.127 4.93383 16.1069 10.942 14.8324 6.6729 19.0124 6.86795 8.71543 2.92902 14.8905 11.5347 11.105 7.67109 13.3572 11.7047 15.9021
203.408 6.94009 17.5271 10.942 5.4243 10.2075 8.52257 7.92262 10.3874 5.7143 13.1569 12.7669 13.2973 12.1816 13.5605 16.34 13.8788
186.47 8.40626 12.732 3.08424 9.67073 8.76396 10.2857 5.3742 8.36212 4.17849 6.2529 8.98591 10.087 9.91188 19.7984 4.64171 12.7533
184.69 6.52836 10.9977 4.10039 13.1711 8.67249 6.94583 15.3835 11.5742 3.41607 8.04888 6.0058 8.38995 19.2706 3.56399 11.6162 12.4078
193.603 11.8038 13.2095 6.4678 24.8066 9.23737 10.5863 10.7783 7.52758 3.54837 12.0839 15.9974 9.37032 19.0045 14.4152 11.9363 13.4023
193.604 9.41436 18.7236 4.27366 11.7444 16.0962 5.98579 5.22365 11.4524 11.4263 14.5955 10.8785 5.17586 12.2319 6.47428 5.51607 14.3613
192.379 10.9659 4.09532 14.257 10.5604 11.5762 12.2654 7.10988 7.24198 8.06653 10.925 7.63313 4.22699 12.9836 3.98331 9.67608 14.6917
185.718 2.6912 14.4024 7.87394 6.27387 12.7975 6.15459 6.89406 12.9616 6.79779 7.40288 12.3483 7.32485 10.3496 8.99381 11.7687 20.7809
187.035 23.1019 7.80001 3.67416 9.38528 9.89228 6.91032 6.03042 8.45079 7.20894 7.05913 6.33375 6.52234 5.09408 7.27488 4.68183 14.2968
196.247 8.7211 9.57993 3.99498 6.69019 6.5396 12.3278 3.45504 2.9347 5.0321 9.54523 13.7106 11.3464 10.3103 10.2835 13.4139 25.8132
202.441 6.90179 4.882 5.16951 4.80761 8.61528 8.85266 11.9491 12.8301 8.16474 8.24614 11.1406 12.7873 15.9522 6.55645 3.6673 12.1916
179.919 5.15266 14.9703 6.47692 6.03797 10.0732 9.5867 8.98727 13.1844 7.51851 4.27321 9.17917 7.37242 6.75122 18.8723 11.3534 15.8506
181.903 12.0218 6.53796 16.4555 12.1899 4.32921 8.10724 7.40708 15.6784 5.08223 4.34397 8.94041 7.29952 3.30788 9.62988 4.97785 13.0587
181.346 13.667 6.45137 4.76963 6.52747 6.37199 6.29716 14.7558 18.1436 2.79117 4.96985 11.0916 7.96546 14.9807 2.86997 13.5404 18.1892
167.252 8.94691 7.07942 14.1155 16.3619 9.4388 13.8973 2.90566 13.6643 8.87344 6.87427 11.5232 18.0419 3.4698 5.75172 8.03746 12.7153
178.694 9.98401 9.93069 8.06225 15.1766 7.32226 13.3842 21.8483 11.1035 12.1568 4.03539 8.28203 10.6096 6.74194 6.43905 8.43598 20.2115
189.746 14.5633 12.0409 3.99995 3.0779 3.93991 10.4231 3.32156 4.71589 11.053 6.31444 3.0663 7.20427 16.8484 9.46938 12.2332 12.9362
181.577 13.8039 3.2929 15.5831 8.41559 12.9092 10.7891 5.6571 4.6682 13.1108 10.0026 9.1116 12.0265 8.2731 8.69458 11.6911 7.93683
194.565 13.0935 6.94568 10.1104 9.49168 13.5455 9.88454 19.8568 5.47845 7.18834 4.89838 12.5813 17.5749 9.94649 12.5669 16.3638 14.8041
183.402 4.7019 11.2527 9.90937 11.4754 12.4386 10.5957 6.32246 15.7184 17.3509 8.84617 8.70294 11.4141 10.9186 11.8317 12.2214 15.3598
199.656 9.64409 8.40049 10.9529 5.08956 14.9921 12.2253 9.17601 6.62799 7.27303 13.8953 4.8331 9.16443 17.9978 14.2343 21.123 12.595
194.578 10.5297 8.50702 11.7983 22.3591 13.9078 12.7756 13.4393 12.146 15.065 6.4445 6.87035 11.2054 11.2233 18.6353 9.56281 15.3528
201.047 7.29903 6.48774 19.5395 1.76716 9.97896 16.6203 8.15774 16.4198 16.4783 7.30293 6.8699 10.5046 5.71827 5.44238 15.4621 13.2126
182.869 11.305 10.3259 3.95069 9.19768 5.47604 16.8573 10.0745 8.01078 8.63941 5.34256 11.406 11.5376 7.08104 15.4191 9.74702 10.5612
199.133 9.56691 5.98997 1.81391 15.6474 7.2457 17.2095 9.79803 13.5034 6.36765 10.5332 10.3152 11.5693 7.53281 6.6352 6.5363 10.6604
197.57 6.81993 6.71483 13.1548 11.9242 5.05372 14.0084 2.21402 5.9502 4.77416 5.45473 11.5224 11.87 4.41706 11.6747 5.38281 13.8523
189.27 7.3296 8.87882 5.35028 12.1307 9.50459 12.1782 8.28836 4.11161 7.53898 6.26358 9.44903 11.9016 10.9954 9.78808 15.5409 8.55818
187.609 19.8301 5.9623 11.496 12.109 8.41526 14.9114 6.36013 4.7503 7.78569 15.9715 15.1764 10.2436 13.799 7.38543 12.2647 14.2396
201.8 6.5894 2.79464 5.80873 10.8287 8.10212 9.91822 7.36077 5.03577 15.2477 16.6835 5.27096 8.50055 9.35777 14.1062 10.7481 16.0516
196.036 7.05826 3.0395 8.88294 16.4034 9.61726 7.05695 5.50142 5.34067 13.4805 14.5367 8.66207 11.263 9.05454 10.7388 3.59997 15.4483
198.477 5.4565 10.1165 6.91532 6.13807 6.52688 14.3748 9.61595 9.68772 16.8163 9.75683 9.61037 6.71615 7.15116 12.3306 14.074 12.4845
199.846 6.79304 9.39373 8.80866 7.6586 4.99192 13.0624 8.92008 12.9226 5.41827 9.1197 6.67898 13.3334 11.9751 9.01831 14.4965 14.1372
187.165 4.76973 2.63336 10.7997 4.17562 15.7136 11.6504 5.72307 4.91218 14.0246 18.4198 3.34741 7.20828 4.65939 9.67387 10.8012 10.5163
177.122 7.38644 21.4124 10.18 4.53036 8.29067 5.29839 6.80406 9.60237 4.7006 7.3809 12.3951 7.17832 4.75659 6.37167 14.7771 13.7667
185.98 6.50237 13.4248 6.68853 7.2125 3.01481 7.41762 12.8342 16.4294 10.1111 5.865 14.4818 4.72583 15.5052 17.5298 9.76104 7.38619
192.377 7.03413 4.53061 14.062 9.05268 9.31859 11.7642 14.8055 12.3642 14.3131 13.6805 16.5191 9.98747 13.8818 8.66472 10.4131 20.1041
204.786 8.52965 11.6332 22.8478 13.0795 8.18217 8.80736 5.89716 12.985 14.4494 9.36472 5.96075 9.81785 10.1046 10.8923 22.7336 9.64053
173.846 11.0078 9.44273 6.91641 5.2843 5.08782 9.11358 18.5313 15.8923 14.3757 6.60135 16.3006 6.7173 14.481 17.211 13.8643 13.7542
192.016 7.55851 4.96145 9.76747 3.61314 4.73113 6.85926 6.78666 11.4961 14.3956 2.7125 3.79735 10.6261 16.0477 9.4029 9.12755 21.8679
196.866 3.58679 15.1085 13.0134 20.8019 5.39946 7.52049 3.34297 11.7686 14.4106 4.60731 12.7709 15.5141 15.8277 26.9621 9.68409 9.21696
175.391 10.9964 6.92451 15.0387 16.2704 8.22723 7.78931 9.04868 8.82893 20.4086 11.9145 7.8165 10.8905 5.77204 18.8881 9.44813 19.9058
178.608 13.518 10.9309 7.54918 8.46973 19.4315 12.3413 3.84451 8.42135 11.8143 13.6358 12.9724 14.4692 15.7307 17.933 5.96378 17.4082
183.059 7.60974 6.84267 6.75218 7.21498 4.34891 5.05762 18.9592 4.29689 8.21184 8.1185 8.50046 10.4054 19.3135 7.20687 12.7196 17.0605
187.474 3.0832 17.1573 11.3587 10.2474 7.19111 4.50039 10.0272 4.82403 5.99488 6.3743 11.3713 13.5729 19.8439 8.85113 14.5498 16.9722
170.152 10.6723 7.56508 10.3282 9.05498 6.19831 11.043 5.88008 9.98256 6.89223 15.0034 6.85068 10.0738 13.9974 11.4942 14.1613 15.4719
184.302 9.93524 10.0379 5.56019 10.4469 5.29183 4.49979 7.34178 10.5749 6.85623 19.0069 17.4399 17.2284 13.3009 16.8991 13.9166 9.06201
176.383 9.63225 8.1205 10.6856 4.09013 5.88976 26.1447 6.04861 9.35282 7.83124 10.2708 8.35309 26.1649 16.6973 4.99761 13.0971 15.9371
185.087 16.443 8.27117 7.5689 3.89645 4.1332 8.64252 12.9231 10.4088 7.73467 8.58313 9.53141 7.7211 14.5086 9.82 10.8158 16.0745
199.548 13.3106 7.38188 15.9728 5.15634 12.3616 5.55759 16.3826 4.63083 17.2828 10.597 18.8981 13.4074 12.2136 11.9988 8.77476 23.8232
188.711 13.6201 20.8477 7.93063 8.99282 11.7675 6.12239 7.19801 15.7201 6.61972 10.7204 6.40847 7.77102 4.30988 10.6717 12.9641 15.6883
185.777 12.0543 9.38632 9.31282 14.437 14.9812 8.90614 12.1831 9.24437 7.88918 12.7829 12.346 8.9993 7.99401 6.85552 10.061 24.942
184.096 12.2758 5.75348 7.89799 7.26452 9.08321 6.80703 17.1793 6.80724 3.10819 4.98226 9.06913 3.70097 6.45702 10.7681 18.4234 9.28166
187.007 13.6017 4.04031 6.37959 6.38913 6.82291 11.2117 11.5022 8.21667 8.19038 6.1295 7.30946 5.91464 2.99895 10.2853 13.5798 9.92566
189.573 4.02819 4.83829 9.67516 5.4175 10.1196 4.41839 11.4463 8.42388 8.36724 6.34393 8.74299 18.3262 7.50857 14.6005 11.591 19.8397
174.064 12.0369 14.0668 10.2772 6.31319 8.35227 10.8267 12.8873 24.4023 5.66282 4.24153 4.65525 6.8701 14.9576 5.11233 13.1049 18.9377
190.694 19.6293 7.23435 10.5613 15.7747 14.6136 14.5149 7.07521 16.684 6.06325 7.0959 3.98642 14.1735 3.64225 11.1695 15.7205 11.0744
193.401 8.08933 6.07027 9.35639 11.7906 13.3401 12.2173 9.82793 3.17844 17.9832 9.52941 5.79654 7.62448 9.92868 7.40424 22.0723 10.8884
182.571 16.6318 11.8447 5.7802 9.91161 11.466 12.6583 7.5652 3.67207 10.6327 23.5245 7.64469 2.85678 7.27043 12.1519 21.4631 16.512
189.164 11.8766 11.6696 12.4089 6.55212 18.8067 9.80273 8.0146 9.30998 12.7854 12.8724 3.50537 22.5305 10.2692 8.00165 10.3901 8.63153
179.929 8.87608 4.23057 14.2478 6.41327 8.75307 13.7116 22.4574 7.48609 7.82329 4.91799 4.56202 7.88029 9.62772 14.8971 8.72662 13.3745
180.915 10.1357 4.88547 14.0281 7.10912 12.6368 15.4457 8.68847 7.69831 10.7957 7.49867 5.36618 13.4027 10.1526 3.07375 10.3981 11.5
193.045 3.48315 2.89517 14.2796 12.1987 14.9724 12.4844 5.39455 17.7802 18.0936 7.93935 5.81057 8.80871 14.3228 12.8496 6.70879 14.1043
189.983 7.0368 8.62858 11.7579 16.1019 2.92227 11.4921 7.87291 10.7024 14.7572 18.8858 6.57347 7.35037 14.6367 6.49743 9.23725 11.5051
180.13 8.82244 12.009 14.4957 3.78205 8.254 7.25429 8.76497 8.24694 9.43901 4.23916 8.33069 11.6662 10.236 8.42375 5.95319 16.1582
176.484 8.32493 10.3593 16.9843 3.28047 18.3215 13.0388 4.1353 12.629 9.31565 7.48106 12.533 8.63571 2.65814 18.492 15.64 14.6858
191.135 12.3161 12.4726 18.2618 13.127 18.2989 3.5814 6.61983 7.60789 9.97944 15.8207 12.8308 11.2972 6.61904 10.601 10.4214 15.3662
189.569 12.9638 8.66101 10.0334 11.3591 11.8616 8.22343 10.21 10.6859 9.98767 10.0317 12.6605 10.2121 7.67951 6.22258 6.75869 21.8615
197.816 12.991 5.31681 14.0151 7.03743 6.21952 10.535 6.32486 15.1513 9.98349 10.4561 19.6563 13.5106 9.36132 14.5542 16.068 10.958
197.278 12.8088 5.05036 8.19922 3.69698 9.50152 17.5833 8.40367 5.04825 11.0379 9.87857 5.86865 6.73539 6.46018 14.7619 26.3475 25.4388
199.653 4.0193 5.04414 10.0869 12.7268 10.8106 8.22485 6.79361 10.0931 11.7502 7.54605 5.15958 9.0924 6.4269 16.683 9.6053 10.5652
190.602 10.4603 4.40512 14.8224 9.34329 17.4433 11.3486 15.0913 9.4463 6.88312 8.09805 4.3329 22.4203 14.7695 7.07013 9.86645 13.9896
193.109 16.8689 11.1925 15.5159 21.9429 17.6187 22.5881 14.4206 17.0595 7.30579 11.4375 11.8055 6.27113 7.07669 9.46638 13.1351 23.0417
191.163 12.9483 8.46669 7.06543 8.65578 8.4315 14.6049 9.16155 8.25359 4.90629 10.5525 4.6704 15.3764 7.04344 20.9458 5.9897 21.1821
192.826 9.41695 10.6944 7.46985 14.6305 10.296 12.2542 12.8252 15.336 6.73475 6.09016 7.02554 7.84521 3.73573 13.9691 10.4689 8.12955
178.392 6.27354 11.4572 13.2646 4.84634 12.7932 7.74058 5.63496 6.42925 10.0099 11.4203 10.8333 5.24244 12.5041 12.7088 16.6546 16.7202
178.836 4.59811 8.3034 12.1102 12.4184 10.1319 8.11896 7.74454 4.70818 10.8652 5.86573 9.33702 15.4764 13.353 13.7531 4.89191 22.9881
193.133 13.4557 7.6814 14.9977 10.2112 10.3653 9.7528 6.31441 12.4415 7.92738 9.8751 7.17948 16.2134 9.21655 18.9408 19.4855 14.2757
197.15 16.8466 5.5745 9.80757 13.8816 4.02797 13.2396 2.02175 18.6252 9.90373 6.64863 17.2572 19.7614 6.96393 12.0261 8.2465 21.6595
191.193 6.0167 5.05686 5.90178 5.89448 15.105 15.4591 5.95297 6.24863 19.0674 8.59298 13.8412 8.38959 2.58791 5.30878 7.46632 17.5952
201.726 7.20998 10.9027 6.04003 8.92753 4.88759 17.1271 8.20385 13.1845 8.81942 6.53574 12.0304 8.7158 8.42262 11.102 24.7355 16.9002
209.069 3.8169 11.6602 5.08667 6.24333 7.94895 4.37181 8.08643 3.30142 7.99658 7.95431 7.74051 15.1106 8.50964 5.77873 14.6669 12.7865
201.538 2.90653 4.32312 14.3992 11.6061 21.1143 5.58408 4.72106 8.04416 10.9086 5.87987 11.2054 14.9875 17.5129 10.1624 12.0982 17.7935
185.977 6.59891 13.055 12.9942 13.1561 5.00698 9.9799 8.36182 7.5884 5.8759 7.4898 11.9991 17.1368 13.2536 10.9589 8.00051 15.0508
187.401 6.18607 12.2391 5.93296 13.4103 12.7009 6.64367 8.9134 10.7915 5.91068 9.38503 12.2133 21.4922 13.4765 12.461 17.7396 15.0115
173.759 13.9356 16.1532 2.36573 7.13906 17.4899 14.8694 11.8291 16.8936 16.2647 7.98495 6.87282 10.6552 11.9782 10.2232 16.6144 18.2017
170.463 15.3252 15.6615 4.07616 7.18333 24.6764 9.4032 9.41026 5.80855 5.55107 12.2015 4.42269 6.97875 2.64521 14.7508 14.9383 22.2227
192.667 4.30903 11.7041 5.13136 7.13297 8.93494 17.6967 7.85591 4.19613 7.09216 3.50628 9.26498 7.27112 7.58313 14.8934 18.8068 8.40562
183.954 6.82616 9.70227 15.123 2.53834 14.0059 9.10927 4.34944 6.51274 5.10855 8.45372 4.69702 9.08989 10.1229 8.57036 9.23873 13.226
188.206 12.5084 13.6394 9.21218 8.03543 6.66034 13.0551 6.90799 8.77495 10.3273 11.255 2.07517 7.57395 6.69228 11.327 4.88912 19.6514
176.634 7.3288 9.79583 6.19865 5.36915 8.78028 11.5662 13.6888 6.93203 8.72232 5.72757 9.19736 7.11266 11.0426 17.0104 16.3681 20.5523
177.761 10.6404 7.09914 15.7151 8.23673 10.8334 9.52485 6.79811 15.7287 4.85185 9.12815 9.25594 5.33423 4.19851 4.82926 16.6258 15.7237
196.35 9.0435 5.4103 12.6157 6.91054 16.7207 13.9126 14.9552 9.02352 10.9894 4.1076 8.18978 3.76203 9.19641 9.00144 12.7307 21.9608
198.923 8.89817 3.01402 2.50735 4.64948 18.3639 6.5091 8.16759 8.30271 9.8026 12.0025 10.0194 3.80716 10.0914 5.12171 16.3606 12.1497
184.128 15.171 12.5214 16.1571 17.3804 4.38748 9.11552 8.46184 6.15663 14.1829 10.9279 8.93485 11.6291 9.66471 7.80292 13.3563 15.8008
190.908 10.9534 9.0441 16.9447 9.86546 5.5477 8.0948 8.70217 8.39578 6.86502 7.25665 6.68529 9.86191 8.55718 11.8923 10.8024 9.49866
194.959 9.15494 14.8213 10.2019 7.244 7.11696 9.51118 4.44169 9.05931 7.5296 3.13004 8.35167 10.8889 9.38456 28.0821 4.62487 29.039
187.289 7.70681 14.0148 11.6568 14.9897 7.28027 13.5106 10.4999 17.2937 8.90475 9.58917 16.4411 8.11344 7.53347 9.3437 12.126 13.8464
210.15 15.5792 10.5487 4.77127 17.0947 16.9651 6.15094 10.8555 9.66516 3.40489 6.18938 4.18422 8.77328 9.11157 9.95356 8.81882 21.3675
195.921 9.8965 7.13675 7.61144 11.9849 9.56431 8.14868 4.63001 12.1518 11.1518 13.2021 8.37467 12.4184 13.7955 16.1801 9.5963 11.8507
194.807 11.369 6.11177 12.4881 5.59343 11.2498 14.3037 7.68436 15.2559 10.3835 7.18326 12.7639 16.2143 11.9263 14.8695 13.4787 4.82104
201.671 10.2277 12.5917 16.7307 14.0923 13.8002 12.8242 17.9416 13.1833 3.40236 12.4093 12.4519 13.0505 11.6384 11.6585 8.93094 14.3009
176.718 4.71539 5.87858 13.7013 12.655 8.57164 10.3123 11.8246 8.32822 7.95894 8.49976 9.99043 11.7707 6.97187 10.0229 19.1738 15.4733
184.362 8.18683 11.0239 10.0156 5.80296 4.1348 14.2116 6.5372 12.6223 4.95286 9.32006 8.3307 12.5209 8.77646 14.0794 9.03092 23.0845
200.987 12.1202 10.368 4.77539 6.20451 11.423 12.8197 9.85483 10.3559 13.8397 8.90107 6.15871 8.77956 5.89106 8.96094 15.1015 10.5796
180.069 7.36481 11.4292 11.4354 11.1656 12.7292 19.3974 11.813 4.47491 17.9486 6.70525 9.76276 9.62047 11.671 10.249 12.5782 12.7642
186.509 4.96656 15.8339 16.2011 9.82605 10.8598 6.24346 14.7583 10.0649 11.6617 13.5172 6.25053 16.0851 10.7133 10.0494 21.3524 19.4278
207.589 6.35844 11.8598 12.2421 4.41401 14.2374 7.21149 16.17 6.19007 4.06692 3.20513 2.92843 12.9131 8.63351 5.63195 14.0941 10.574
188.969 5.05711 4.45252 15.8181 4.99173 6.01131 9.62335 5.98504 11.4065 10.8672 10.0602 4.25224 12.646 11.9911 12.5318 16.7035 12.575
183.48 5.03948 4.22166 11.5005 5.41585 8.64554 22.4232 6.96502 5.18214 4.0263 8.68637 6.23674 14.9775 8.13373 6.30632 10.4042 23.9353
180.896 10.3511 7.2576 10.0178 7.79191 8.15207 10.6463 10.6948 4.97711 9.54239 7.95551 17.1339 11.9845 16.9311 7.99092 13.5014 19.9435
179.057 12.5868 12.9415 12.6352 12.3798 5.6518 19.6708 7.90661 17.3499 10.3658 6.92322 7.55197 3.53808 11.1385 14.1038 13.0885 8.55802
195.38 11.5907 8.83624 4.83907 7.51096 12.9242 18.266 8.75994 10.4826 14.3239 10.4728 5.49712 11.9579 6.66404 18.0314 6.69818 13.3568
204.243 8.62015 9.596 12.9498 7.76268 6.99426 9.93251 7.07839 6.6305 12.2288 5.18762 7.42823 5.96864 10.3226 4.41185 6.44627 5.73837
194.609 6.2717 10.5379 6.45062 10.0522 5.87082 10.5323 7.29031 8.40078 8.73405 3.9011 15.7883 10.8895 1.73345 12.7734 12.2238 13.9775
208.366 7.07893 8.49628 4.73742 3.62749 5.62145 10.7543 10.8522 5.33621 7.21545 4.7304 12.2828 15.6343 15.5155 13.4485 4.86224 14.6297
182.06 7.74958 14.4939 10.5257 9.44226 7.50362 8.28309 10.4488 9.38436 6.24865 4.08716 6.71243 13.3022 11.3479 10.3372 5.26191 28.7851
183.486 8.18357 15.4204 5.85574 9.39353 8.72226 6.72815 5.30736 8.46335 5.10031 8.45553 6.10713 4.87475 9.52541 6.6552 5.34264 21.0212
186.719 15.0063 13.5731 10.8866 9.65463 16.0049 16.7176 8.80803 15.8403 5.84392 5.33705 11.5847 8.32637 8.95091 6.6186 11.7645 10.644
199.557 10.8426 7.86078 10.2589 8.86164 12.1181 9.76869 6.08839 5.00626 16.3762 11.547 21.6229 13.524 8.27964 2.95085 9.74485 14.3492
196.659 8.98598 6.64015 6.62046 14.5453 14.3424 6.33597 7.84371 17.775 10.0377 10.2255 7.39414 16.8762 3.8054 3.23908 9.98705 11.3447
179.793 8.5266 2.09296 9.00176 14.5764 14.2594 6.06009 6.93583 9.99323 7.36817 10.6842 12.0704 5.47809 12.9172 9.34044 9.72712 18.9004
186.032 10.4614 9.58966 17.0531 13.3118 13.5271 8.77746 9.44414 18.2125 10.5678 12.1343 5.81773 5.29918 8.15466 15.3157 6.70765 5.12693
203.406 5.23389 6.61114 5.18929 10.18 5.89057 14.9125 13.7769 6.40101 10.9426 12.2431 18.8522 10.0494 9.25447 17.3277 7.99496 19.69
201.985 3.58658 10.4138 8.53174 6.8221 17.1778 3.30257 16.0512 10.4705 12.191 5.22341 7.92954 14.8069 18.3798 7.73497 19.2092 15.9421
178.927 6.14427 16.4224 5.51687 7.86265 3.15143 10.7683 11.1673 13.7752 9.58327 6.53051 12.6578 12.11 14.0249 10.321 11.092 10.374
201.342 4.25355 5.50828 6.1832 9.81782 10.6792 9.00758 4.35524 10.1526 7.21653 7.29351 16.8134 10.3135 14.0182 7.43234 4.1012 18.4372
203.103 5.47193 9.23434 14.8246 7.99812 8.50265 7.35145 17.1039 11.018 8.24297 10.2031 7.09798 7.47382 16.0592 10.9613 3.4163 19.6336
190.018 6.27241 17.5482 10.2182 10.7445 10.8507 9.45087 14.6236 13.8176 6.54288 9.06688 9.55955 3.50429 5.37747 8.72009 7.13441 12.4359
199.271 17.4919 6.40564 5.74687 11.1818 3.98981 1.9359 8.14959 10.2668 5.99616 8.11508 10.3792 10.3369 5.67498 9.69758 10.0685 17.9047
186.771 17.2433 3.03386 8.92724 7.45231 6.98676 9.31435 14.2338 9.4772 3.91414 7.58496 13.478 26.5181 9.54052 15.6747 10.0478 14.7908
175.846 16.1893 16.2976 9.51404 3.87654 8.50324 7.82919 4.34479 7.58023 12.3235 6.27949 8.273 23.36 11.5013 9.96015 9.65081 17.5783
172.073 8.48163 8.76932 6.64183 5.47192 7.04609 13.5336 5.48888 4.79543 8.53111 12.6406 9.43508 6.24923 19.5097 7.37012 14.6475 7.71016
182.784 5.15984 10.8459 10.7015 13.9804 6.99887 12.7997 10.6898 4.79 12.938 8.46952 6.55018 10.8263 13.0098 11.582 15.0812 14.6934
174.042 5.05352 10.9288 6.91655 17.3395 6.97381 9.61157 7.63911 7.98456 8.68053 11.0359 7.41556 6.1534 16.6677 10.7269 14.5687 12.7133
194.175 7.35553 7.78468 9.21663 10.9557 4.2305 8.98765 13.2006 7.70731 13.3263 2.27202 9.06589 4.86649 12.0103 10.8617 10.5236 21.7072
185.295 6.30774 12.3637 6.90415 11.0161 7.84501 7.89823 13.0083 4.27201 4.80048 6.45603 6.94543 7.10442 14.6912 13.4281 17.1578 18.9251
197.329 10.9542 16.5014 13.1587 9.00527 6.72872 12.0821 15.0432 10.9984 5.92618 6.68425 13.5574 11.6265 9.11109 9.15538 5.12685 18.4968
189.107 8.69028 15.2099 12.1902 12.5308 6.20503 5.85669 16.5417 15.6241 4.23549 6.59294 10.4436 5.18832 3.02336 6.42124 7.5781 16.5452
196.546 15.5545 8.74261 21.434 11.6185 8.59946 12.9032 13.3001 15.7066 14.9405 11.9709 13.2237 6.27826 8.45713 5.74761 4.962 14.4136
195.646 5.69846 7.09023 6.22227 6.07621 10.9892 8.89889 3.34952 11.467 5.56171 5.30705 13.4786 5.27715 4.75134 5.47391 9.08488 21.1844
195.257 7.46282 14.7181 14.8862 14.2069 9.3928 15.5078 5.08104 10.9816 9.09614 17.775 5.85298 15.5741 7.62552 11.1227 8.89709 7.95242
192.236 9.5001 12.4681 15.7614 8.49356 9.45288 4.78384 11.5278 5.32798 9.60246 5.60509 8.1058 7.27197 8.41442 14.4963 9.31013 9.90149
187.897 5.16041 10.0675 13.3831 12.0259 8.3949 13.8235 7.01313 4.82062 3.08532 11.6031 4.80578 2.48177 16.4745 10.0675 9.21037 8.51565
193.752 1.91083 5.42902 9.7567 13.9395 3.32573 8.61354 6.54538 10.0851 15.014 9.76326 7.02109 8.16854 19.5449 3.41178 13.8914 10.6931
198.545 13.1769 11.3571 15.8476 6.05313 12.4124 10.6049 5.09135 11.8826 12.6306 10.336 14.5514 12.148 20.8581 4.00639 10.9167 7.05796
187.052 5.8225 6.65888 14.0336 13.0708 10.6253 11.535 11.6868 11.1314 4.37654 8.76401 8.71137 12.2691 16.6829 9.59237 14.8295 18.0793
193.376 13.3423 14.6858 8.50437 13.3961 9.87157 17.096 8.5731 7.57654 8.20986 11.8971 11.781 6.12644 10.1523 16.1426 10.6159 19.474
208.914 10.3498 9.247 13.7603 9.73384 10.2898 13.9447 4.245 8.14394 5.37518 5.29255 8.47343 9.3326 7.09714 13.1225 10.6761 10.2536
197.386 9.02843 11.877 9.485 7.6109 6.05527 15.7209 5.37432 12.0157 4.80406 5.53458 14.2373 6.45577 10.0865 12.3562 18.2169 9.83027
188.71 8.88496 4.61355 6.86109 13.161 6.72266 12.462 7.56094 2.90063 16.0319 10.3639 14.3968 14.09 9.10653 24.1137 14.1008 11.2845
184.443 7.42836 11.9791 7.68444 11.2599 10.3338 15.8346 5.0588 5.98213 4.80533 18.5007 11.4299 8.34418 9.1962 22.51 8.01522 11.3747
186.875 10.9738 12.5509 10.702 8.42871 5.8394 7.03846 5.40962 8.57652 11.7126 9.56704 12.7617 14.1028 6.74886 3.60996 16.3751 17.7317
177.544 7.50942 13.7173 9.42021 12.7622 8.72321 5.01029 9.94598 6.9364 11.9145 11.1272 18.286 15.3003 5.60777 6.55116 3.26082 16.5425
185.011 17.9523 8.52268 6.06194 9.83713 6.48568 9.05432 6.6763 11.2705 14.0813 1.1264 10.8774 13.173 11.3379 9.06937 14.4874 21.9739
186.658 10.4208 6.7401 11.0374 3.11059 15.1816 8.50068 9.47043 10.6485 10.3417 6.68008 7.3295 3.76921 9.56182 11.5359 7.64717 7.54152
189.56 9.28717 14.7525 15.1618 6.70905 11.9093 10.075 10.5299 10.4711 8.69905 4.29879 9.43458 10.4362 5.29096 6.55415 21.6579 15.206
181.492 15.3895 4.32056 11.4375 12.6206 21.6481 14.2132 4.80595 8.22755 2.89263 4.8414 12.1752 14.9893 9.79556 8.8822 8.21056 11.6945
160.102 27.3641 8.45336 9.46478 10.786 2.63298 14.4948 12.2283 5.31941 7.45085 5.55418 3.28221 12.803 9.64239 7.69287 10.7169 12.3303
193.88 5.0973 7.22579 11.235 12.6243 9.1405 16.7736 10.2587 10.7136 12.2374 18.8365 13.3257 15.7303 10.7031 11.6404 6.65592 13.9325
182.73 11.3197 17.9009 4.45173 9.2135 3.13175 17.6868 17.0487 13.2743 13.0849 11.3228 8.16336 17.271 12.4288 16.9276 5.89868 18.9219
187.153 9.47832 9.94031 4.71864 10.982 7.64237 11.7476 7.4315 16.7113 23.1587 5.67443 10.0932 11.7302 4.78015 15.4376 11.2831 20.425
177.373 12.9812 8.93209 6.25702 6.28909 21.1079 11.8875 7.09832 8.46793 10.1086 13.0501 8.48611 9.25595 10.6547 10.288 7.9704 12.8336
170.682 11.9222 14.0532 11.827 7.98827 10.1512 7.90142 4.82423 9.76746 16.9784 16.3316 9.25362 9.83325 16.3408 23.5951 11.8615 17.5224
179.633 18.1359 7.64574 12.9233 5.4195 14.7506 9.0286 6.93948 14.4866 9.29184 7.1386 7.24169 7.80218 3.68523 13.3464 20.9643 19.7198
190.456 12.3516 4.78274 9.79946 18.9745 12.8543 13.8461 5.02856 10.5579 5.88869 17.5416 9.91203 7.61636 10.4994 9.58448 22.1382 14.7109
188.31 11.4698 5.63457 9.05449 8.56778 14.8264 14.2832 12.7457 6.04237 8.32069 7.46171 10.1695 7.00572 8.08824 14.9201 15.8426 7.55555
206.81 16.8269 10.3506 11.1238 4.48442 5.22946 12.2063 11.7614 11.2094 17.077 7.01218 10.3359 7.32557 10.4168 11.8282 15.348 8.90961
188.999 13.746 4.13296 9.41563 15.9213 12.8222 13.5522 12.4881 6.93912 2.56474 10.7041 8.90198 7.87751 12.7727 12.2077 10.5107 10.5682
188.581 13.3805 3.4111 14.0443 4.45582 11.2772 13.0908 13.7895 21.5771 6.58941 7.75156 8.7336 16.5015 10.7746 6.9757 20.1015 10.2645
192.483 9.58956 5.75476 7.75675 19.3245 6.72324 10.5903 14.0919 14.7393 11.5675 8.10921 4.30019 8.86644 9.64846 10.0031 13.6354 19.0633
187.742 8.37281 2.63036 10.6735 12.5205 12.5968 8.66804 13.2473 21.8654 3.36138 4.72476 18.3392 4.11637 12.7381 13.9902 17.6942 7.74051
183.908 7.95754 3.21209 9.35852 11.6972 21.8022 13.6666 14.5817 16.1853 4.74285 13.5962 3.54565 13.8504 9.75462 9.69431 8.72067 18.4967
193.763 8.21134 3.72935 15.8962 6.59088 7.19835 10.0527 7.00379 11.2305 1.93432 6.00801 7.05787 11.3914 9.47455 11.9967 12.7953 16.7755
193.689 11.3183 10.5511 4.89005 4.71691 6.03949 17.4512 9.53422 4.40683 7.26698 7.40719 14.6872 10.3974 7.89428 18.5059 12.1454 13.7783
180.08 11.4229 7.04338 8.00715 5.29858 10.5573 10.5574 2.83057 8.52994 19.194 7.43501 11.2744 6.23382 17.0349 9.72172 4.98894 19.1733
186.833 15.6556 4.85499 6.96327 6.61591 12.3627 11.3921 11.4589 5.78639 7.14249 7.51428 6.19171 13.2914 10.7265 7.55684 6.67853 11.6103
186.129 8.49588 9.84121 7.20439 5.59118 9.50888 14.4676 7.17318 4.27937 7.89024 7.51723 6.23077 10.6518 2.47298 26.0519 11.0559 15.1717
188.736 9.97078 13.9124 14.4427 15.9567 5.50063 9.67493 14.6328 8.02976 4.38208 7.79662 9.57914 13.8997 8.3014 13.8683 15.1275 23.3145
186.696 20.2133 4.23149 12.8687 11.7691 4.59862 12.7323 10.1912 18.1038 9.92581 4.78749 11.4582 6.05643 10.5601 4.82538 7.68925 12.0175
187.189 4.01024 9.72428 7.21627 12.9264 17.6909 8.63099 8.00664 4.82758 10.622 14.903 9.38914 11.5035 6.20418 8.62288 4.18091 13.7267
189.879 5.46319 6.84882 5.43446 9.52736 11.2368 3.07082 4.42989 8.41395 5.00932 17.8482 18.29 11.8933 3.73791 10.8659 10.7505 16.3283
204.527 4.50201 10.863 3.77419 10.9307 4.91297 12.265 6.66815 12.1964 3.99076 10.0287 13.8422 3.99535 3.80273 17.4784 30.9821 18.4291
180.479 6.41883 4.99555 4.74627 13.567 2.85366 9.2155 7.10964 10.9392 9.99559 6.78934 5.1583 6.09081 3.61194 15.8187 12.0508 18.3405
190.321 10.8915 6.75603 15.5385 13.0156 12.3648 19.8162 9.73628 9.76288 16.5801 8.85534 15.1361 14.2193 7.26614 10.8911 21.2366 24.6859
201.825 7.68203 8.93267 16.7359 14.4006 9.6562 6.97267 10.7745 6.37782 13.4204 6.5614 13.866 8.26563 8.2883 16.4125 15.1388 18.4083
197.938 16.2437 8.11583 6.79461 20.2429 5.07321 3.6931 7.07748 11.6877 7.00559 3.09613 11.1 10.8286 14.9891 12.8208 3.24591 23.3389
191.799 11.0878 12.527 15.5597 14.5342 9.16353 12.6888 8.19058 12.6508 7.33222 10.8621 6.64533 6.75176 12.5828 9.75906 16.032 12.5432
193.988 15.4124 9.93613 7.4425 7.45066 13.7266 12.0796 8.45967 6.70329 6.22483 11.5934 7.33348 5.50562 7.72267 13.6435 7.90087 18.7939
188.544 5.90294 3.4583 14.1275 8.62551 12.6531 14.9736 4.68631 11.2344 5.3061 19.5624 3.96995 9.77853 10.8909 8.87425 3.66186 10.398
189.557 2.95286 19.4144 6.72607 8.65302 6.68664 10.255 11.0525 9.18498 9.27688 15.4012 6.46927 13.1401 2.67772 5.20931 7.78985 16.095
191.891 11.529 12.7863 6.37895 15.8176 6.27012 17.4475 13.4959 11.3832 10.3708 21.7625 12.6889 7.15902 10.009 8.79399 7.49429 12.0818
180.904 13.6954 12.3334 6.41325 15.4211 6.2233 5.25801 11.7531 22.107 25.2809 5.0599 6.5904 7.0607 9.40299 10.7609 4.57807 14.4685
183.272 17.0158 9.31948 7.05231 5.8085 8.85943 11.5905 10.7378 20.1446 16.4625 3.66875 6.65625 8.6841 8.08524 13.9417 13.0182 16.5582
174.324 9.81982 18.852 14.9144 12.4501 11.9798 13.4068 10.2963 19.7805 6.15818 9.23733 11.004 7.89502 11.1975 11.0368 11.3302 15.8803
172.647 8.26018 2.25894 8.2498 7.5794 4.80808 9.51265 6.00875 9.27469 8.84652 13.8922 11.1113 10.1393 9.61775 9.14776 9.88436 10.2728
182.45 4.44741 6.22315 6.93803 12.3985 7.30393 13.2332 11.8763 17.5607 10.0136 7.62988 14.6768 9.77326 10.1505 18.3923 5.82073 11.4453
197.729 5.8067 10.7774 10.8754 9.44328 11.0235 10.4188 6.85257 8.13811 8.23398 9.11776 4.97652 13.6014 10.306 20.3697 5.62098 17.538
188.159 3.67409 19.3855 10.9235 7.69337 11.23 6.44487 13.4139 5.41445 7.4634 15.3157 7.53372 10.9599 7.6934 8.76697 16.08 17.7495
184.974 8.31565 3.12294 12.2156 2.35308 13.3298 7.07841 8.68279 8.50906 6.99554 10.0325 4.38118 10.7454 5.96448 11.3382 9.12374 7.45798
170.184 7.83861 9.01778 16.4759 3.65818 5.34586 7.59446 14.9831 5.80181 5.0289 12.9162 21.2017 4.95176 9.20948 10.5487 6.61905 8.32677
184.246 5.24856 8.13686 12.846 4.25507 6.89314 10.3937 4.11088 9.33055 5.59608 5.99075 7.26656 12.6813 7.65228 9.9078 10.8163 10.7746
194.165 14.66 9.57951 15.4162 15.1319 8.14106 10.927 12.5697 11.5167 4.86032 9.82868 11.3498 12.4155 4.89033 12.8281 16.8594 10.2051
192.727 10.6761 4.0978 13.1261 2.72768 9.13177 9.45649 13.1047 9.40702 3.06175 9.51862 13.886 11.7705 3.17657 18.9701 14.4607 8.55559
184.967 11.0103 9.17848 7.26452 3.09426 6.70518 14.062 8.06928 10.6562 4.32894 8.60003 5.40095 4.57339 5.59027 12.6963 5.36653 19.2226
187.645 8.99229 11.9488 8.46659 9.67859 9.09943 10.8347 5.70149 10.61 12.1792 5.33679 18.2847 10.6483 12.7434 12.0585 14.8693 18.6859
197.557 11.2014 9.74475 10.1875 10.9969 10.7524 9.45131 12.3268 7.25542 6.83769 12.5956 12.6325 11.6186 6.64827 14.8202 5.74748 11.0052
189.348 13.9033 29.2988 8.12908 12.9924 15.1623 11.3295 5.36074 6.8473 8.58635 18.1903 9.66347 11.5332 13.8284 9.47353 9.76243 11.9914
191.774 14.0753 4.32223 10.6464 6.58573 12.76 8.69615 14.0078 8.38971 21.6666 10.7062 8.70883 10.2038 12.9899 13.3845 9.87274 11.2144
190.306 11.1959 7.92306 18.1733 7.89361 12.1441 9.2331 6.60262 7.85865 8.96435 4.84371 19.0727 7.21603 9.1625 16.0767 19.1497 13.5914
191.6 7.4682 3.41045 9.6298 13.1769 12.8064 11.2484 5.40747 4.09464 10.4035 4.46003 11.0465 8.01346 6.88419 8.95316 8.42717 11.5526
182.234 4.10716 5.43195 14.4474 8.47407 5.41302 6.94501 9.62404 11.28 13.8426 3.30305 6.67924 10.0787 13.3999 20.6126 10.1077 18.4506
195.984 3.86596 6.94797 10.018 6.79013 7.9868 8.79208 11.4373 11.2934 10.0495 3.16799 9.92692 14.0725 7.09885 3.10724 15.4383 21.4164
195.368 8.83306 7.21363 13.1493 5.36118 10.6842 11.7932 7.64071 14.4558 4.09883 5.68158 9.06395 11.4374 12.5484 17.6528 8.14051 21.6796
183.959 7.9742 6.77024 8.19939 12.2298 6.6089 12.9851 8.91958 17.5327 3.34181 10.7217 12.3545 14.5778 6.69109 6.58894 11.4886 23.6476
184.751 12.0258 14.479 9.59075 6.16565 8.6097 11.2681 7.34475 18.3578 3.96102 7.49528 13.7382 15.9645 13.4038 13.6207 7.54659 12.1134
174.862 10.0475 6.04844 9.92358 7.97703 4.98045 15.8796 7.07475 4.67287 3.37481 17.1513 9.74055 12.6511 14.5054 9.87647 4.23451 4.44468
179.784 8.44946 5.17992 7.87206 12.726 7.21344 10.1363 10.2524 8.29102 6.56335 8.95187 4.54852 7.60158 13.2623 6.51686 7.30793 15.6433
188.269 5.54092 8.46191 15.0596 21.4356 8.82819 4.5373 9.82589 11.4486 10.0626 4.91377 8.82118 5.44584 6.28602 14.4311 11.5224 13.3461
199.737 6.86844 5.92342 6.36821 14.5633 7.75533 6.50209 10.5722 8.2961 8.8864 12.6862 10.7946 7.98285 9.17881 7.87994 7.00541 15.8817
189.902 8.87586 20.0404 12.6229 5.00057 7.96278 15.7195 10.7861 8.3926 4.75007 14.6079 10.5429 9.55629 7.19178 13.5066 4.98469 7.05531
201.856 10.147 9.38007 9.38542 10.2727 13.2929 7.61862 9.80957 12.5955 7.64431 9.35615 2.45599 7.55942 12.2579 14.0993 13.8785 15.6347
194.157 4.88842 13.5332 6.41808 5.92418 5.95037 4.31155 21.1557 7.78072 8.64765 14.5152 16.7008 7.93341 13.0845 4.56316 10.4149 12.4526
195.105 2.77006 5.51141 6.19922 9.90742 10.1196 6.09646 11.4619 3.19508 11.8534 5.60506 3.57142 9.70452 8.18162 9.53642 9.83934 19.0334
185.855 15.513 5.89902 6.05834 9.32517 7.74133 10.2517 5.06772 7.35123 9.11016 6.47593 9.02701 7.23309 25.526 12.8506 12.8689 18.7963
199.919 12.8806 5.68015 7.5602 14.1925 10.4181 11.6623 4.18842 5.45784 18.3986 11.8452 8.8198 21.2861 19.6405 14.1757 15.3343 10.4299
198.437 9.90085 15.0547 10.4934 7.61308 16.3172 11.4226 9.44788 8.10247 18.629 9.78315 12.8324 9.61131 18.9357 13.2307 14.7041 15.2169
191.805 6.20708 12.2942 8.01945 16.0389 3.67811 7.62662 5.63549 13.6711 9.78464 11.7275 11.6244 9.51055 10.0659 11.7513 20.1868 22.0923
189.45 8.07375 9.99915 8.25994 10.9704 6.13448 10.7869 5.37726 8.88863 5.273 4.4612 13.7635 9.80095 11.6355 2.70731 11.4646 18.0389
180.629 8.28305 8.29604 15.5973 16.1441 14.5815 17.2798 11.1329 4.62843 4.98366 15.7917 18.2276 4.8893 13.3477 12.4064 16.315 9.2993
202.819 5.77914 8.78755 12.3687 5.21535 10.3873 8.2977 12.6246 9.27316 6.76241 8.73859 8.44455 13.9166 3.14295 6.78301 17.3047 16.2518
186.483 7.63269 4.05077 15.6237 13.7532 12.996 9.91026 11.7171 10.7067 8.36823 9.2891 19.7289 11.1939 9.48078 14.5684 11.5025 13.4148
195.44 6.04826 12.0448 27.0313 9.42024 9.57969 10.148 12.4152 8.88107 7.82398 7.2446 11.2128 10.6789 8.62006 13.0693 10.9466 6.67301
189.712 7.39376 30.624 16.779 6.55911 7.62148 5.15659 9.10249 10.0163 6.61332 10.4825 6.20616 9.93972 14.1318 15.6841 7.37544 18.7589
191.095 3.25277 9.99414 13.6993 10.1691 11.9783 13.6981 10.5062 9.45067 6.75229 13.4418 8.33478 4.98555 8.66602 8.88067 11.6362 14.0267
194.025 4.88918 6.28124 10.4237 5.0256 5.86825 7.66888 6.22923 14.546 8.36303 7.55057 10.9863 9.76893 9.52511 16.5994 15.5874 13.97
184.523 3.21775 8.03696 14.8189 7.52131 11.3779 2.97266 6.7342 11.2407 5.82575 6.29383 8.69232 11.61 16.7382 14.4633 21.1404 9.43097
186.512 18.6549 8.4946 14.982 13.4038 7.79773 7.70873 10.7773 11.6836 8.37491 7.77519 5.3371 12.3882 11.3564 13.0453 17.3931 20.128
187.183 13.8942 8.79081 12.0307 13.9839 12.9471 5.56711 9.45984 6.2717 6.27934 14.6335 6.29101 8.57272 8.31383 5.61596 17.6677 14.8357
199.473 15.5808 6.67761 9.31362 15.9102 13.8558 11.8247 7.44413 17.6034 12.7128 11.749 6.09929 9.88604 9.40999 17.3053 9.51286 10.4163
196.736 14.5063 10.6902 10.7145 10.7021 5.2585 5.38613 8.72662 9.39462 5.13228 10.6252 8.72483 5.71907 8.68852 10.301 15.2613 10.254
180.29 8.29999 10.6931 7.9476 17.3564 16.6734 13.0357 13.7481 9.66104 7.93593 7.34937 6.06237 7.55721 7.31151 11.4561 4.71263 15.2832
180.721 6.31307 10.5396 13.267 8.81516 9.43364 10.1999 10.0173 13.6656 6.51627 7.28897 4.35106 8.67107 10.6643 8.45502 5.82189 19.0086
189.736 8.343 5.69972 6.61388 6.93313 7.95547 9.37432 12.3733 13.6744 10.3946 7.86232 8.23562 10.8268 6.791 9.22911 8.07928 17.9331
202.263 12.0175 18.4288 3.85742 9.6296 7.77652 10.3053 6.93647 6.59328 2.69353 5.64217 5.0306 12.5277 15.5851 8.77041 6.98071 19.3891
184.669 15.633 9.95525 17.0337 13.1661 8.35386 8.12645 9.19077 9.48571 11.8056 5.84514 6.95647 8.51907 6.224 18.7871 13.8808 16.3465
181.333 10.3331 9.8972 18.5056 12.0275 15.1123 12.7679 11.1893 7.86506 4.38345 14.1938 9.43603 5.99959 6.79062 9.34946 14.4742 7.9551
187.443 7.01563 14.2191 7.46239 3.97792 4.13064 15.1924 4.569 4.47827 8.64105 7.71706 6.98941 9.29502 11.5215 7.76158 12.3042 13.974
183.022 7.36568 8.7219 3.68749 5.92699 7.39575 9.11822 8.6644 12.7309 8.9625 3.86003 8.8347 9.60303 3.91024 11.7874 12.7749 11.8656
188.441 12.9416 6.28435 7.44319 12.3302 19.5848 14.2527 12.8966 8.6299 5.28313 5.74569 10.1923 14.6618 5.10298 7.58626 14.2898 27.1657
162.432 11.6524 8.91987 6.04434 18.4935 14.3366 11.7032 17.0123 8.34656 15.3414 9.4077 11.4853 16.8333 12.0847 13.4159 14.5549 19.1489
191.889 10.5379 5.47467 6.04434 5.48211 8.79094 8.20068 12.7211 9.92886 13.57 9.64673 7.28758 14.108 3.77927 13.2675 6.56589 24.5968
191.031 9.54574 8.86298 19.132 8.1974 5.99445 21.4914 7.37195 11.2537 7.81181 4.88469 10.3202 4.89997 16.8604 15.5298 15.6735 18.3076
184.611 7.95933 2.79011 15.5952 4.59156 11.3894 9.36484 8.78757 4.35311 7.1179 5.66561 12.0504 7.24734 8.56763 6.34241 9.52684 22.8326
175.055 12.2877 14.5005 10.8767 10.7627 10.6155 12.0296 10.799 3.63146 8.00714 3.52503 11.268 4.26416 8.58059 14.2232 14.5766 11.2458
190.796 12.8537 7.1784 10.0998 6.04288 7.85574 10.499 5.2985 7.75169 10.8172 6.62984 5.64935 7.90665 4.59233 12.3378 5.0786 14.2511
185.692 15.3322 14.9977 10.3656 13.3114 13.0613 4.70294 13.7195 8.57873 10.4119 21.8128 6.64239 15.8097 21.9959 8.50625 7.72838 19.5808
176.597 6.83853 15.3913 5.31934 18.2706 2.95043 11.9398 20.4878 11.8014 7.70321 14.5177 6.19228 7.26985 8.38375 11.0299 9.96313 20.6589
202.951 13.1529 7.23372 12.7945 11.257 8.07208 10.5331 4.24014 10.5078 5.45511 13.1707 4.49125 8.50943 9.33486 8.8107 12.9869 16.0762
188.378 16.3953 8.32651 8.87519 10.4518 13.3539 7.25614 11.9205 13.035 15.6474 9.65359 3.99279 5.04779 8.633 16.0595 4.66295 12.0508
189.494 10.724 7.56855 8.25229 14.973 9.75402 9.77082 18.5946 12.3198 12.7832 5.61573 5.49689 6.52172 9.64067 10.871 8.29727 23.1036
187.513 10.2101 4.18615 7.25174 12.7459 11.6887 23.663 9.67575 3.22767 13.9657 6.7203 5.54697 8.28608 4.13165 18.5278 7.34856 16.9426
193.606 5.34384 20.4819 20.6923 12.4052 12.8173 15.7297 5.89728 4.5329 4.67422 6.3762 6.04562 18.9296 9.08144 16.6115 17.2305 15.0513
196.482 8.56682 5.37751 6.62036 12.2286 4.09361 16.7228 5.58822 8.88975 7.69565 6.52913 5.46993 12.0584 9.06892 9.81823 15.8695 22.2139
198.968 5.94867 17.6736 10.22 13.4439 6.01124 18.703 6.14287 8.09925 10.1586 11.1997 6.52133 12.7269 8.55664 13.3185 4.09285 10.778
186.053 8.44198 4.98162 7.30729 15.6322 12.0381 7.78042 12.5199 15.0084 10.8901 13.4864 13.5168 26.2129 15.7735 11.7011 20.2115 15.8037
191.729 17.0755 9.57831 12.529 11.7172 8.49783 9.19484 8.78302 13.8771 9.78201 13.6912 3.5869 15.6956 10.2157 10.1816 11.5908 11.6494
190.078 10.9295 14.4501 4.92071 10.0304 8.1649 8.2528 10.3642 3.48281 9.94655 22.6861 2.93299 7.14574 10.8017 8.30167 11.6229 11.5045
177.916 7.21176 1.68291 12.3156 5.69868 6.08633 12.7944 7.64862 14.2796 6.59175 11.8116 6.09629 10.3639 4.75361 9.26135 11.1207 16.3521
192.397 10.5063 3.79028 7.45138 3.50622 5.40915 11.7756 5.97599 12.7187 15.4929 10.1489 9.14172 14.8185 14.7572 2.73078 8.6889 16.5716
190.121 17.6543 14.4693 13.8383 9.37006 6.30902 11.8373 7.38647 7.69009 10.3995 6.9438 4.39982 6.87634 15.2776 11.4888 11.3303 20.6864
191.46 10.1744 13.5632 13.0971 7.46921 12.7078 14.7093 6.5612 7.86773 12.5201 3.64635 8.20122 19.4617 17.5186 9.58277 15.2994 10.9098
193.723 3.10562 5.47124 13.5902 13.3105 6.76418 10.1472 4.50435 10.2123 8.59174 8.42681 7.37463 13.9143 16.4798 16.9623 15.8274 19.3876
182.237 4.19267 8.24853 10.0195 13.9803 7.08604 13.9487 8.08145 14.856 9.04269 11.5782 8.70655 15.6318 6.81866 6.78342 13.5049 15.6669
185.738 9.15222 9.87491 9.78102 16.0694 8.31641 11.125 3.76248 12.7735 12.7698 15.5887 4.27506 10.938 9.76301 10.1107 7.76021 13.4936
185.025 8.86775 7.36889 6.48566 9.30964 24.5107 10.4395 16.9216 5.15631 9.09026 9.48113 10.3302 5.46291 10.1462 10.0062 7.12825 12.624
185.027 5.88103 11.5031 12.4791 4.73873 7.04436 10.4147 12.9459 11.2734 7.06349 12.3568 15.9667 4.20424 8.09457 13.4753 9.77397 13.9338
182.673 8.96116 14.8275 7.3699 6.45923 6.64195 8.63085 11.295 6.81049 4.64356 8.09117 5.83424 7.25195 14.7834 13.5062 21.1704 16.3629
192.365 12.5118 11.799 6.68596 12.6148 10.7634 13.9864 12.2036 7.7102 8.30829 7.11375 6.82832 5.25231 6.51127 8.05255 21.1096 18.5045
185.709 10.0557 9.12018 11.3343 6.06511 14.7002 7.88672 11.4947 5.35429 10.4898 10.1952 9.76273 14.1111 4.09925 13.0491 9.97074 21.201
184.005 1.67871 12.033 10.1713 4.68178 5.60363 7.58711 5.93719 3.40927 4.92653 10.5943 23.2065 8.90971 9.63288 13.7513 16.6366 12.8787
203.216 8.89766 10.5603 10.6827 5.9458 4.94518 5.63692 9.26834 4.07334 5.21926 13.3059 14.2156 6.39316 13.6583 13.7487 19.9481 13.5611
189.751 6.88038 9.30157 15.3749 7.08223 10.9582 14.444 10.8856 9.14172 5.19525 12.4659 6.42109 16.7723 7.88154 14.2866 3.99586 16.9218
185.144 15.0601 7.39963 9.19168 8.53391 6.98974 6.39241 6.2789 5.29452 2.54032 9.54357 17.1257 11.281 10.3746 8.67682 9.6607 17.5551
192.824 10.9658 9.89968 10.3271 6.64515 16.8155 10.608 12.3395 13.0924 15.579 13.9256 5.27097 9.7313 7.56699 5.95304 10.0178 10.723
186.984 6.6823 8.377 6.57713 9.33841 22.0654 11.4035 2.517 22.5283 15.1245 8.48297 8.39166 10.1172 7.71951 9.74088 4.13246 11.9468
211.531 6.10964 7.86382 4.25873 20.4149 12.0425 16.722 6.00474 16.6269 6.25163 2.12519 9.99988 6.18555 11.6365 15.809 9.0437 12.5861
195.008 5.35654 9.71852 5.5245 7.01431 10.6713 7.4001 8.00021 8.06313 6.6552 10.3485 9.40439 13.6871 10.5341 12.1457 18.8888 12.2665
199.531 2.32675 11.4493 9.84527 4.95338 5.91211 15.0659 17.1509 13.706 5.92747 6.17422 7.52643 13.7693 5.4746 14.4431 8.52885 12.8202
182.3 9.67032 16.5817 6.32497 13.7061 10.4963 13.2904 14.5444 12.8957 4.56211 16.3756 11.7189 12.0544 6.22122 5.60447 11.9729 8.85875
190.322 11.4569 2.94117 10.7784 7.63879 7.95914 10.4145 8.10667 16.4943 10.8914 14.3324 12.47 15.4664 3.7053 4.8401 11.0161 14.8702
192.365 14.9794 4.09628 7.09365 8.69568 4.34968 14.5083 13.0382 3.84992 9.42153 12.2066 8.86926 7.72647 9.4603 7.1095 8.65601 8.71242
193.698 10.0717 7.82989 14.1863 10.8023 16.5671 10.9874 9.30264 9.77261 7.50733 5.94406 10.1417 12.507 8.22761 13.5521 7.20943 23.4294
203.579 3.04198 10.1417 14.8827 6.23246 10.1965 9.07342 8.46083 17.5256 5.20048 10.6843 4.51523 23.0823 8.44647 19.3537 7.95891 17.0892
177.795 10.142 16.6863 11.2471 6.23371 9.00149 6.89565 15.9223 6.20133 17.9244 16.9821 12.8031 15.5897 9.37061 17.0092 13.7885 10.5257
202.068 9.38934 8.56189 10.0028 11.771 8.41435 7.53241 11.6842 5.20054 9.17892 9.64681 8.06492 8.14805 5.35858 10.6863 12.0221 15.6876
184.734 7.02471 18.1293 13.4138 14.6225 7.66701 11.213 6.30353 5.37608 8.33749 11.2658 9.14095 8.80725 3.26728 14.6845 17.2398 7.6915
187.305 15.4457 19.9592 13.1678 9.61847 7.95214 13.6438 12.9723 5.26659 8.38506 7.22447 7.8259 6.64652 13.4201 14.2197 5.66885 11.6551
207.98 6.55699 7.0604 10.8693 8.32845 2.62458 10.5364 8.04776 7.92652 4.3576 5.70107 6.85442 11.2964 16.6272 3.93704 19.6048 7.36026
184.15 10.6767 10.5974 12.232 5.33971 10.6032 17.2159 12.9428 9.98593 6.55823 10.8905 9.67049 9.43638 7.41348 20.5709 11.8188 9.51812
188.488 7.66762 6.45532 7.78925 5.82074 6.47622 6.8437 10.6995 10.0904 5.22453 7.01189 17.1318 12.5569 9.1806 12.7466 9.95611 13.4507
191.165 3.72873 21.3197 9.31727 3.56421 7.12483 11.3445 9.17724 7.76981 4.21069 7.9054 6.14557 13.1306 7.97672 23.2827 7.86973 11.8992
183.279 12.3214 4.47573 8.80423 9.55191 12.3931 15.0647 18.6088 15.7418 10.3294 5.64328 10.3281 10.5319 10.676 14.6485 29.6254 6.44674
181.948 7.18958 13.1088 11.8006 12.669 8.23354 8.32214 3.29683 8.3836 13.2745 7.71579 10.7026 8.44704 6.73849 13.396 7.79838 12.0904
173.097 14.5525 5.25155 17.3308 14.2808 6.10675 25.4419 9.37782 11.0152 9.89017 9.48024 6.07325 7.26964 5.52879 11.3936 23.4233 8.82936
169.359 10.1294 8.61619 8.69318 7.05245 9.69552 8.90313 6.63986 4.49458 13.9692 8.04809 5.54499 18.1353 10.4166 11.982 24.725 12.0792
181.843 5.19899 12.3917 14.982 8.27384 11.0062 7.3643 12.6611 12.0988 10.5102 7.02918 3.66262 5.27818 6.89131 6.02969 18.0142 15.5789
178.972 8.51457 16.8885 7.37965 8.7203 9.07749 8.95586 12.0298 10.8668 5.91958 10.4774 7.17054 9.71196 6.84888 14.2963 8.04605 9.06856
179.919 8.87618 2.99631 6.30477 7.31339 11.5478 8.78598 6.6714 6.86225 6.56917 3.18519 9.76572 4.95861 14.2934 8.9654 6.24027 20.5971
196.678 5.32532 18.9221 9.95253 10.4637 9.43763 8.08659 8.36719 4.24249 8.74193 6.33382 11.3654 8.01681 14.7949 10.5206 12.1456 9.2197
188.995 9.08034 7.15511 9.61732 12.5346 19.6392 17.3821 8.70139 10.0356 8.73217 11.1402 17.5494 13.1532 11.6409 11.4269 13.8322 12.1211
181.471 10.0765 5.80317 19.355 8.27961 5.61633 18.7088 15.7969 9.50607 8.58706 11.7654 15.1015 7.74528 10.116 11.7644 10.7054 16.4935
188.525 10.7613 8.09309 11.5498 13.1527 12.9547 21.9492 5.78331 12.8974 10.6877 12.1833 8.44187 10.8177 16.1064 12.3016 13.8506 8.79491
197.038 12.255 22.6722 8.56823 9.40331 6.50696 14.7388 10.5331 8.12582 16.977 4.5606 6.09976 10.7964 8.62776 9.96585 20.1678 11.3372
192.279 12.3196 12.3914 20.2832 15.2104 6.59323 4.08515 17.1739 9.75057 12.6352 4.47914 5.32706 5.1083 10.3296 11.3266 18.2792 12.4697
189.554 7.86582 9.63146 5.97407 9.95861 10.1093 13.0682 8.84541 8.16793 16.1737 6.57821 7.71509 12.4774 20.3741 9.77635 9.46491 13.9087
176.056 18.6887 9.99314 10.8408 6.75465 11.7563 11.1978 16.0751 18.8183 3.30367 6.51036 7.51994 6.20678 9.97684 12.38 9.24563 14.2931
193.464 8.98377 12.5257 7.66619 11.5485 8.24609 7.85419 9.9632 3.21025 12.2363 14.267 9.07724 9.45429 12.1426 20.1266 15.6388 23.5747
207.137 14.3762 15.6684 9.42232 9.91607 4.78719 8.69483 5.93032 10.8179 7.48002 6.66882 2.96855 8.09276 7.13936 19.3352 12.8994 21.8117
197.934 8.24028 10.8228 13.3102 8.96835 4.53578 16.5873 9.79917 8.72948 7.4232 9.55942 15.3355 9.11416 6.74646 5.87702 10.0192 10.2976
182.96 6.55466 12.5256 6.50779 8.695 11.0132 17.8134 7.27832 5.14667 3.75173 9.08083 7.6867 4.94742 12.1749 9.28192 7.25257 10.6689
205.887 3.94725 4.21212 16.4408 14.4074 11.0548 8.70347 6.45588 4.89329 11.2499 8.03289 9.44435 11.2574 7.02311 14.6348 9.34636 6.40476
191.832 18.7732 6.4087 3.41897 18.2615 8.6222 10.973 12.9594 5.09632 15.8327 10.9558 12.4106 6.10818 3.47293 14.623 7.89567 15.8626
181.599 8.12549 7.00886 9.13187 16.0595 11.9032 14.0544 8.34505 7.09249 7.63141 12.2163 11.484 20.8388 3.65496 3.12799 8.36258 15.2152
190.749 6.19898 7.03008 10.2411 9.92907 7.71618 6.08262 8.75982 7.30536 8.49495 13.7767 10.7055 10.0574 3.62269 15.9903 9.92937 18.0658
190.495 4.47356 5.6219 14.9269 16.4891 11.4725 6.85983 12.3835 6.82096 4.81464 6.736 14.7636 13.7609 10.5294 5.97338 14.6383 15.3055
188.336 8.4376 6.28197 12.3051 6.29839 6.27101 17.5198 5.43763 15.767 11.5627 3.50818 7.69778 9.69678 4.84774 9.08297 5.57525 17.6204
198.896 7.50346 15.0988 9.05629 5.1344 4.10107 5.16426 6.97755 7.89832 12.1399 6.6673 7.76072 6.44995 19.2349 12.7882 9.1695 3.88675
192.22 6.3708 7.98536 10.977 8.65959 5.40019 10.1394 9.34721 8.1302 5.43486 6.80398 6.76867 9.11334 7.90879 12.5568 16.8967 12.55
206.27 8.62653 14.26 6.57694 6.44879 5.87652 12.6988 6.04884 8.22429 3.90954 5.15267 8.26252 6.39477 13.7643 9.8905 7.42145 15.3154
180.092 4.90064 8.5385 5.77601 9.78868 11.617 12.1767 7.44561 4.76072 3.98079 15.6894 7.26381 17.771 8.74606 4.97774 9.23629 10.979
201.674 3.86672 1.70241 14.6502 8.04557 4.87962 9.30318 6.68331 13.4552 5.23402 3.95848 6.91353 13.3956 8.33586 13.6599 17.5971 18.1623
197.014 16.1565 14.2927 19.8204 11.0586 6.56546 8.42716 7.96473 11.4975 4.14186 3.6214 11.3481 10.517 6.38634 4.29123 10.4781 5.68443
187.546 11.2567 15.5788 5.53596 5.49658 6.51168 7.18451 9.88638 12.2844 9.81012 12.1375 6.0731 12.4816 10.2799 17.3907 6.95123 25.8571
193.417 11.2564 10.5721 3.64208 17.3019 6.53834 11.9932 5.11025 15.88 10.9241 11.4497 6.52261 7.51347 13.1934 9.92175 15.273 11.4244
193.829 2.82519 6.08358 8.86824 13.1827 7.70519 12.7394 11.2457 3.16129 8.76391 17.1542 6.94563 10.9304 13.2768 9.0016 7.93918 14.7607
184.187 5.05418 12.3081 11.8957 12.6745 11.3024 10.0619 12.4126 17.4276 14.7907 5.05511 6.83888 10.0187 14.066 7.70587 9.47156 8.3126
189.214 2.89041 9.01178 13.8532 9.27093 10.0169 13.6675 7.80145 8.46951 14.0706 3.64648 6.37376 8.94405 8.86874 5.31087 12.8238 22.7767
179.245 12.5613 10.5778 4.30097 8.68883 6.48587 9.50622 14.1874 8.76461 13.1382 10.8211 13.8929 6.75074 13.206 9.24205 9.158 7.68941
189.941 7.48988 20.0929 8.33942 10.9688 9.78053 13.4141 8.971 11.018 2.79307 10.2999 14.6928 10.6959 21.1746 9.02227 8.45626 16.3734
201.315 8.51979 15.7365 14.1404 13.318 4.22835 7.62897 10.137 7.11216 11.2795 8.61542 12.1921 5.54774 8.52476 9.66057 15.081 13.6671
192.276 14.1085 6.42497 11.7418 7.49074 8.38761 10.2372 6.83196 12.6795 9.18453 6.30139 2.45206 16.5316 9.33591 10.564 12.1857 13.0222
186.433 14.6209 16.7844 13.7376 7.88283 15.7427 14.6937 9.52034 6.28441 7.51699 6.90903 13.1085 11.4874 6.5722 9.29305 8.9436 15.3772
199.108 8.11721 11.2647 13.3087 13.2615 14.2577 17.4999 11.6553 9.52371 4.63777 12.6507 3.45296 5.92284 11.7962 6.32091 8.24243 20.3002
188.812 7.78268 8.3957 6.03213 7.49762 5.51395 10.942 10.9591 8.11353 6.02342 11.3772 10.7047 7.53744 5.85337 3.59243 13.2077 20.4252
186.831 11.2409 20.1619 7.72598 8.93166 4.92058 14.0127 11.4376 17.2906 9.76291 12.0672 9.75573 11.1058 4.07879 11.1166 13.5948 9.07214
190.983 6.24459 8.52434 9.38364 14.0483 5.98442 9.51705 19.4576 7.75816 3.46301 2.8684 23.8098 14.7297 4.30683 11.2958 14.4231 9.9142
192.142 16.3715 8.00471 10.6611 6.59807 8.14564 18.5264 16.0729 12.1429 9.95086 14.6015 9.99305 14.8639 7.91884 12.0185 8.42246 20.5361
195.326 11.3253 10.1416 5.72359 10.96 5.9757 10.6313 5.09402 9.84144 10.2118 6.25229 12.415 7.81147 8.13729 10.8938 9.38749 11.6476
190.836 11.5982 14.8498 7.39542 10.8893 7.86728 11.1292 5.87433 5.973 9.30805 8.23583 16.9165 8.40026 11.8588 14.6209 11.9931 10.5
179.848 7.87459 7.71489 14.0077 11.025 6.3319 10.2129 8.75623 8.57206 6.99784 7.20255 12.175 7.97729 9.22496 16.2934 14.5399 17.8903
190.073 11.0353 9.48244 11.5689 6.84618 8.24959 6.08096 13.637 16.2964 11.4877 12.1407 9.73505 7.51793 6.81657 17.6601 9.38163 18.1239
188.812 8.75127 18.1066 14.8408 11.4631 5.88055 8.07575 8.7322 10.5314 8.18939 14.3537 8.82202 7.7677 8.6056 13.6736 11.5458 18.063
195.857 12.485 2.13468 8.57785 9.82302 14.0891 15.3326 11.8264 7.86959 6.76811 8.3678 8.71397 5.77548 6.60536 9.94549 13.5724 19.8855
189.063 6.84054 8.29986 15.9168 8.80396 14.6399 7.43513 9.23343 3.2862 10.6661 10.1051 6.15571 11.9853 13.5014 8.27733 10.3534 10.801
193.354 8.97472 9.80343 13.4838 5.86777 9.90172 15.1511 6.96914 6.7347 12.5552 8.11572 9.77576 18.9864 4.64869 11.0595 4.72303 10.7416
206.94 10.4642 5.8803 9.31908 4.78443 15.6036 11.0634 8.89284 9.3964 7.8224 6.8084 7.545 15.5143 12.305 21.2625 23.8689 28.2481
194.716 8.95197 9.28375 5.61652 13.549 14.1417 6.65087 11.5331 11.9325 7.8224 7.75764 6.94193 17.1228 3.77664 9.25475 14.1617 8.3785
189.305 9.74506 10.4855 14.2481 13.0578 4.65333 7.66938 6.96917 22.6213 2.56938 8.56506 6.89815 24.0326 5.41215 9.38214 16.7629 13.0389
186.719 7.0124 20.9262 4.93699 9.44831 18.8887 4.58904 7.50242 11.9917 10.2957 3.65114 7.86759 8.0824 6.32392 10.7094 15.858 13.5646
192.203 11.8662 13.2623 12.769 16.9404 11.4101 10.0527 5.94361 4.37441 17.0398 9.71266 7.72702 3.66309 7.83684 16.49 8.98943 16.3413
173.432 11.2512 11.1133 6.48712 9.60635 12.829 6.59532 5.13968 10.5835 5.21283 7.59572 9.36675 3.9871 9.34086 7.76542 10.87 16.8505
182.418 13.3945 5.66937 11.8691 20.9552 11.8685 12.3853 7.7128 6.40418 4.92551 11.9699 6.60537 3.82886 12.2135 10.7127 8.64409 17.4786
186.75 5.94061 3.95091 25.3215 15.1187 14.3842 10.5468 6.82389 4.54334 2.68649 9.80821 9.83716 10.1358 4.76977 15.4374 9.77391 18.5241
185.669 12.5537 6.40353 8.60074 13.6699 17.1745 9.30054 8.38977 8.82485 7.45645 5.49879 11.6002 3.01313 4.91199 13.2905 20.041 10.2905
188.049 11.9587 3.9783 14.2778 11.6877 11.2311 13.0616 6.61885 16.725 15.577 5.07306 7.05564 11.7971 6.08774 5.52744 12.0188 15.0822
194.318 8.5518 5.4125 12.5957 9.73664 7.3707 4.60097 4.92168 6.78007 7.46194 6.61817 6.44995 15.1358 13.6749 10.962 9.13841 20.9003
190.148 10.3287 5.79667 4.33074 9.60304 8.94713 7.09146 9.69804 8.78111 9.68304 5.47195 9.62738 14.1327 7.01305 11.7012 12.656 18.2809
183.786 5.79791 8.34304 6.9496 5.11535 6.92488 11.5625 2.12258 15.689 5.26021 7.88652 10.5231 11.2455 8.16095 15.955 4.42452 14.0673
189.765 8.55441 4.63768 5.71837 4.96222 10.0978 5.52657 9.28051 10.9204 4.0303 7.54773 12.5014 17.3126 8.37718 13.8732 9.54834 9.8011
195.798 6.1925 7.70571 9.50246 3.60158 6.42564 19.4827 7.13375 14.3906 14.7881 7.19663 7.61845 5.5688 11.2598 16.2132 7.98749 20.7815
189.743 10.7565 8.89728 16.1156 5.89499 4.58221 5.92515 7.12709 11.7181 9.07633 6.13863 4.36536 11.2902 16.7044 10.8727 10.0657 12.7014
182.879 13.5643 3.74633 8.29931 11.2526 12.965 8.13885 12.3078 14.4733 11.7341 9.89439 8.59816 8.91748 21.9215 10.0001 13.4704 19.1735
192.243 11.4081 7.94091 8.29931 12.7314 5.87048 10.7282 8.20695 20.6895 6.06778 13.8364 8.26814 6.81796 9.5999 3.18195 21.778 18.0162
181.31 12.0894 5.39458 13.2523 12.2731 8.5126 8.69945 3.40238 13.39 9.11273 9.65476 5.69572 5.01823 6.26125 11.4377 1.66742 22.8763
177.311 10.2072 8.44276 11.7613 12.4849 11.0811 10.4695 13.6532 13.5389 9.67368 11.6197 5.48222 6.90738 2.94481 7.90353 14.7308 12.3458
191.495 15.2187 15.1971 13.0426 10.3908 15.1643 4.45334 9.27366 8.80761 13.5003 15.1436 6.67488 6.32146 7.12755 14.1583 13.4583 12.2283
173.857 12.3267 12.9525 6.16821 9.08784 3.63825 14.7253 6.12021 6.74462 7.45811 15.1531 11.7671 4.40085 15.6435 9.96742 3.85283 16.0923
187.911 8.2315 4.71724 14.6025 11.3965 12.3963 16.0779 13.5718 13.7691 8.22921 9.39246 6.48896 5.5545 8.47731 9.48282 11.8616 15.1068
183.805 9.61286 14.478 11.2466 9.41532 12.4144 14.4211 18.7389 6.92116 13.4255 11.6193 6.00624 14.1468 3.63413 12.3054 9.71222 15.1117
186.726 6.08583 7.54007 14.5641 8.96038 11.8355 13.0435 13.152 2.90175 10.5918 14.6025 2.15401 16.0894 8.66386 9.8474 7.20349 16.3694
188.16 6.03462 7.07793 11.5755 8.81476 12.8029 11.1808 5.75422 6.01352 10.5969 17.9269 5.96427 10.4897 11.5318 7.02517 16.7082 15.4105
188.458 7.67927 29.0072 7.98028 17.8995 9.36092 14.53 5.29425 8.22246 9.42396 16.9265 3.85201 4.22864 18.0473 10.194 18.1056 8.72786
191.381 12.8461 3.58587 11.8705 8.1535 5.61294 5.8551 4.37364 15.4709 8.62581 4.87824 6.72502 4.64186 4.40625 9.17119 11.4147 9.11092
193.209 14.0077 12.0582 12.637 9.34872 12.4975 7.84991 6.66406 5.05058 5.78427 10.1497 5.0614 17.5939 10.3199 13.5165 15.2217 7.39167
189.337 14.4897 8.41325 9.04105 14.5885 12.0693 8.11374 12.0593 14.8222 7.17832 16.9524 17.4439 10.0018 6.6664 4.74113 6.59452 19.0398
180.232 6.90915 6.73183 10.2117 7.71822 5.2683 3.80007 13.3392 10.9662 8.26817 10.3321 6.20224 6.24536 12.0228 19.2624 13.2863 15.5788
191.108 3.77845 7.34479 10.8709 13.6513 6.27393 7.95056 10.7625 15.2265 2.553 13.4018 7.03822 8.34076 7.48757 13.6815 1.66948 17.6203
191.813 15.4984 5.80397 8.41181 14.5868 7.62678 15.9842 11.8576 5.57387 13.8328 4.19879 13.9438 15.1923 5.82559 16.261 8.73065 19.4053
190.346 16.1443 13.6862 9.92917 11.9132 10.7004 15.6533 6.33803 11.202 5.9859 4.45529 3.3258 5.82888 12.222 5.16657 5.66338 16.0582
193.069 7.64363 20.385 9.98224 13.6363 8.55133 8.18755 8.21591 9.77752 14.0809 9.83313 5.44912 12.7786 12.3453 9.66179 11.1577 14.2809
191.149 14.0443 14.4594 10.6467 6.0591 9.57247 14.9332 14.8107 10.2099 5.85446 10.1803 8.6334 5.13589 10.5965 14.7285 9.6344 19.2734
177.796 10.67 8.75767 10.5769 8.39449 3.89345 10.5253 6.97396 12.2341 6.01065 8.96666 2.82422 12.6986 13.5122 11.0543 6.23173 12.228
190.321 7.63261 8.98441 7.71875 11.0365 5.55184 9.88076 11.0432 3.14795 8.59897 8.90078 11.72 6.72596 13.5022 13.4087 5.25835 13.8921
193.345 14.5612 8.2358 8.30896 10.8334 5.9979 12.8875 12.2169 5.12519 3.30475 7.47851 10.6844 4.95478 3.84125 17.339 10.8137 9.31502
193.59 17.72 10.54 6.32482 13.1402 6.48213 18.3917 11.7258 15.0872 7.62507 10.0787 11.0166 4.83817 10.3077 10.4281 12.8695 22.5485
187.117 6.79746 15.5934 6.6927 5.11341 17.2824 13.9991 11.5711 4.43742 12.0343 5.28579 7.30501 2.38171 4.36227 10.4161 14.7066 12.162
185.957 3.39493 4.0251 6.04869 6.78648 18.9268 7.43186 10.9192 13.6779 15.3989 10.8891 7.46655 17.9387 15.2595 16.827 7.54647 14.031
171.362 11.7113 4.42337 4.80344 15.4107 15.3656 16.9973 7.93952 7.47633 18.6555 5.74951 4.65806 11.02 10.189 11.6566 18.8775 12.332
188.724 4.99565 12.1075 9.89389 15.3932 7.63144 12.4464 8.862 5.06209 11.131 8.11749 5.65596 9.02732 13.1339 12.1163 5.97653 10.4747
194.076 4.63341 8.43662 18.7161 19.7381 8.60904 13.398 15.2808 5.76117 8.65261 10.4534 10.7241 14.7747 8.02834 15.6818 10.2405 9.61304
182.997 9.67945 11.3706 11.4385 16.9811 8.51278 6.22271 11.9246 21.0853 8.18505 8.57846 8.25325 8.88214 11.5887 13.3303 13.0626 7.48309
184.094 11.8155 15.4835 10.7816 14.4262 15.6996 4.41647 9.19403 11.5391 3.07422 6.49919 6.46218 6.39651 11.6967 10.7434 6.40227 16.9107
187.958 7.43016 13.5766 13.5873 10.0032 10.118 17.0626 11.1289 15.2263 15.9554 14.1604 8.16651 6.03362 8.23311 12.6381 7.53637 15.087
173.873 8.50742 8.73099 11.2428 17.247 7.27484 4.91844 8.61759 26.705 6.85059 14.6841 9.63935 10.7401 8.07376 15.2462 12.4616 21.2471
185.999 14.2022 7.34374 14.2862 13.219 10.4303 12.2503 4.38775 10.5323 5.81126 7.43757 10.2271 11.4648 5.07884 10.8511 5.48052 11.1096
198.293 14.4421 9.02417 9.75035 5.86681 11.0787 9.0627 5.42245 12.225 9.26859 17.0203 8.56431 12.8651 4.51448 10.2182 5.77844 22.377
187.774 4.93731 8.68786 16.5776 8.7164 5.91699 8.72524 11.5207 9.49388 6.24197 8.71071 12.0517 14.5097 9.78208 8.2159 7.12321 13.0992
192.116 2.35237 11.5237 13.2751 7.92908 15.6072 8.83882 7.31421 8.32499 18.4501 9.3293 9.59963 16.6779 11.9762 6.66712 17.1147 23.1421
191.355 15.6776 13.1579 14.5655 6.92766 16.8624 11.2043 3.11863 9.64197 17.7844 2.828 6.77816 10.6032 13.7263 12.153 3.93205 24.6654
174.622 6.33479 14.1221 15.0449 3.85908 7.86237 6.12394 14.2369 9.99219 12.3856 11.7444 9.61623 12.6658 5.69504 2.71484 8.4723 15.7868
192.43 10.5592 5.4876 6.48818 10.5263 7.03699 9.02658 4.36106 11.2609 15.7463 9.7282 4.97426 13.9993 10.8894 8.92949 6.25077 8.82966
192.366 4.77598 10.8233 15.0928 4.9585 11.1568 8.97008 3.25199 9.51903 13.7984 6.02775 6.02088 10.6235 6.02692 8.01137 9.35634 17.9765
178.446 10.8265 8.54558 23.5475 8.55741 13.9144 15.1497 11.7856 8.31931 6.43699 8.01656 4.87663 6.88898 10.0652 5.04674 15.1113 11.576
181.188 7.17936 8.90083 5.32844 6.1956 3.25605 10.891 4.15406 3.48395 7.90889 7.16862 8.26036 10.5375 10.8309 18.2778 9.5786 14.5087
192.97 14.6725 8.44336 5.97207 4.12854 4.10749 5.6348 15.1201 14.2556 3.06407 7.36391 8.6788 6.54055 7.35175 4.86039 9.41924 10.6063
191.175 18.7202 10.6594 5.87725 17.9149 7.27833 17.6469 8.73833 6.57433 6.61455 2.87511 10.4959 22.7996 8.57975 15.8903 24.2048 12.5029
187.522 15.4514 5.93978 6.7424 8.37993 10.4151 8.6026 11.5724 6.47093 8.81794 6.58127 5.76695 13.1368 11.7868 7.83533 18.3284 15.5687
182.837 14.9685 7.5086 17.2246 5.65642 24.4105 11.4403 11.8132 21.9999 9.37596 10.9364 5.57481 14.4501 8.943 20.2517 11.1783 11.911
193.278 3.3023 9.11489 14.0978 6.49121 10.9563 14.1981 18.2479 8.6864 9.65682 4.77009 2.78297 8.00979 11.3404 11.8357 18.104 13.1881
193.884 7.25745 8.80938 11.5435 5.08587 5.47179 14.9228 8.6236 9.54241 17.6754 9.87682 3.69327 11.2348 11.3047 20.7367 10.8422 15.4262
197.472 6.11071 4.41724 11.1002 9.95686 13.706 9.27692 11.4698 20.5011 10.5866 7.44392 4.03272 4.65187 8.39021 19.4845 8.7141 21.3551
186.562 9.99938 11.8868 12.7773 19.1195 10.5403 9.76883 9.97905 15.9878 14.059 11.1897 5.28688 12.6906 12.6404 14.0738 8.5433 9.9405
192.208 2.18598 7.00555 10.1907 2.67246 9.66003 8.8087 2.14468 16.3488 11.4011 6.99725 5.82297 7.50111 13.4987 23.4744 8.63108 23.1561
191.162 5.52027 6.86789 6.97267 6.7067 10.4775 4.31064 5.5852 6.58518 8.50182 3.81347 5.77041 3.5848 13.2115 8.22538 10.4601 22.8905
191.733 13.6362 12.2703 8.67693 8.59158 8.78858 9.63935 8.80773 9.72795 15.186 6.98116 23.2009 21.0543 13.0795 8.43776 5.8511 17.3989
175.935 14.293 2.7268 7.1814 21.5065 17.7579 10.3768 11.733 8.63924 11.0786 10.0241 10.375 3.88438 9.11858 7.77165 8.92989 22.5336
187.061 16.5654 13.4143 4.48703 8.25786 8.77433 13.7786 7.76908 15.7004 8.8752 3.16861 7.48673 10.0194 4.82533 11.7302 7.56979 21.6271
197.458 4.45708 5.98581 9.58815 11.3229 10.878 11.3946 5.28281 9.62954 16.167 8.25558 6.43999 10.4504 4.19157 20.1169 6.79437 16.5458
194.556 9.21252 6.76322 17.702 2.49478 7.92712 4.51249 6.04907 13.6985 3.77641 11.1479 5.73984 13.1376 13.0112 9.61638 18.3393 19.6037
191.744 19.617 7.511 12.9994 9.70453 2.96846 10.0414 10.0875 23.6052 7.42141 7.77383 10.3734 6.62858 8.50015 16.7609 14.8388 14.5922
186.999 20.1577 12.4039 15.9436 7.06313 8.94243 8.17245 7.26187 12.5867 11.7637 9.31826 13.6359 10.6997 14.9543 15.8578 17.8451 10.8874
191.334 1.69805 19.907 13.2879 6.31585 14.7716 12.5701 6.7227 14.7621 4.66206 9.29173 17.4587 6.94273 12.5582 16.4884 16.9704 15.4097
192.511 9.67387 20.0971 10.8924 4.22488 8.30368 9.67902 8.42834 9.20312 13.3656 6.85204 14.5613 12.0824 8.98168 14.6166 8.71358 19.0559
192.033 15.2388 21.9486 8.68046 19.8447 9.13512 4.38269 6.61935 11.182 14.7091 6.68926 7.23184 13.3369 9.56549 24.2612 7.90771 14.4629
182.112 2.03878 13.8525 6.35714 7.17271 10.5178 7.73767 7.97164 14.605 4.80624 6.4909 4.72464 15.7448 15.6225 9.37587 11.7191 16.5516
184.213 6.13992 9.76274 7.20455 2.08044 16.5908 7.81429 4.74924 11.4601 8.07545 11.8281 5.35539 14.055 10.7292 23.4848 3.92994 7.6698
203.71 9.46142 11.3661 7.99989 9.60432 9.84318 12.114 2.10988 8.4539 8.96978 5.20081 10.4277 11.5244 7.44924 3.71981 14.7748 16.9768
187.582 6.55413 4.90433 8.03645 16.9042 12.367 7.06617 12.3987 12.7349 4.63689 8.66786 17.2961 22.1567 7.2741 24.3109 16.2291 16.8048
183.64 7.2664 8.78247 7.29484 7.63458 17.289 19.3927 18.3662 11.8577 9.53082 7.32244 5.87125 9.32617 4.51307 15.3865 19.7636 13.1819
199.971 17.6001 6.59076 16.2444 6.79924 12.9713 11.5527 8.19095 8.97436 11.6686 3.92565 6.6804 5.98163 15.0764 10.4466 9.86314 16.1855
200.909 5.54068 13.63 6.24666 9.37987 11.4286 10.177 3.33368 8.60935 22.2997 12.8878 6.11015 6.58928 11.6509 19.8839 13.775 16.5557
187.703 6.87854 6.40116 4.02911 10.1633 12.8895 5.54715 14.7794 6.07272 4.57199 9.39278 3.45662 15.4024 5.63621 5.3256 9.16462 25.6039
186.598 7.8868 17.9998 9.55145 2.85634 10.9569 9.26524 15.5544 5.83633 10.1781 16.9125 4.43151 10.4957 7.40676 14.4463 9.45157 19.4459
188.408 7.07405 14.5632 5.48446 12.1313 11.1161 9.48811 13.0799 8.09872 13.6309 7.63255 4.41985 10.6799 5.65587 16.6355 8.66991 17.832
180.432 6.81588 11.9711 20.587 10.5809 12.3697 12.5914 7.14773 6.34083 12.346 11.8326 4.65843 5.61399 11.5237 11.2324 19.1963 20.9828
179.488 3.38469 15.2315 11.8251 11.9315 7.77928 9.50288 8.1353 11.8609 5.7407 6.50389 9.73209 12.4132 9.90384 21.3703 16.4698 29.0786
173.812 7.95358 3.37221 8.20743 9.81553 9.91274 9.43143 6.45392 12.4549 8.79478 9.64435 8.07456 10.3103 6.17753 11.2682 16.0731 29.4191
183.092 10.6281 19.8454 13.2539 13.579 5.11317 3.77771 21.5842 12.8585 9.78064 4.80908 7.39955 1.51835 7.29113 8.11092 24.959 14.5828
189.851 15.692 7.3335 20.4644 11.6847 22.2377 8.15117 11.8526 13.867 8.65377 17.704 12.191 10.2884 15.8049 4.78915 5.77969 17.5885
183.626 10.2702 10.7699 14.4016 2.24218 10.2249 7.36817 10.2705 16.4466 9.24484 3.06217 13.8129 16.3931 9.43292 7.05102 14.7426 23.969
204.718 7.27898 17.0786 17.5798 7.95438 5.45637 4.91461 18.2691 7.86318 9.72938 14.9727 5.76663 6.69326 7.56948 9.44666 9.9975 12.4405
215.93 2.80584 8.60131 8.02743 7.77232 2.95742 12.2871 1.74738 6.0686 9.73406 7.93593 7.71785 5.16518 9.39284 7.89212 11.6306 13.487
189.493 13.2376 9.42842 7.20147 6.62449 5.96109 13.495 5.70477 5.50287 15.9889 15.3313 11.1564 7.80864 9.16753 17.9607 11.6357 15.7593
184.578 3.00091 10.5019 6.98096 7.41597 10.1992 16.4448 6.01576 13.0874 16 2.95682 12.7827 8.83777 8.95514 7.2755 9.89945 18.8861
183.168 5.60774 4.50747 11.2358 11.4702 5.68804 13.4838 9.26772 18.9042 6.41769 11.2893 10.6065 3.79301 8.26921 13.1933 7.70367 19.4558
187.574 6.68958 10.3152 11.8542 4.50962 9.19613 7.29847 5.70182 13.6401 14.2887 11.1245 11.9713 7.24386 12.0313 12.8767 8.86278 12.5114
184.896 4.83746 7.82439 13.2363 13.2461 15.6852 15.3073 12.0286 11.4174 8.58057 10.4805 14.3857 10.6246 4.83818 18.5279 14.1682 10.5082
194.382 6.35955 9.91175 10.2542 11.6682 11.1235 10.9767 14.5393 8.87885 10.8783 5.39835 2.58281 12.5152 7.77929 14.3539 10.874 5.80424
188.894 9.88504 7.37409 9.24366 13.0887 12.0571 11.8224 14.0994 12.6576 8.92691 5.36233 15.0589 7.0379 8.25309 11.3076 15.6359 8.98261
200.615 12.7663 8.35372 8.13978 11.5416 4.98762 10.6953 4.41257 12.4943 8.64322 5.48553 11.0384 23.9361 9.40101 2.70421 10.4643 12.4848
187.554 9.43534 8.1935 12.2541 7.0544 14.4185 10.8436 12.7831 9.65549 13.5722 11.9036 9.77155 12.3 8.37579 14.735 8.13435 7.74676
182.886 6.35492 14.032 20.0927 15.9877 3.28268 9.28641 4.91394 6.89586 4.85772 7.84781 12.2585 8.77987 5.38604 9.37398 7.84032 15.557
198.526 2.91312 10.0145 6.58812 19.6523 4.69678 6.54136 8.42539 11.0912 9.02512 9.32008 10.5767 18.4656 4.23089 13.6383 14.498 16.1832
190.045 6.99403 9.06557 7.50044 22.1012 17.6633 14.4197 10.3079 7.21102 10.8674 10.5009 11.959 6.12925 7.35607 12.8918 7.88404 19.1128
183.994 6.12138 5.33048 20.7869 6.12693 6.71197 14.808 5.44695 6.84273 14.7517 12.8728 16.3326 9.97978 9.77387 19.9045 10.0333 12.881
184.448 5.39846 20.0715 15.3155 6.09915 10.7852 14.5913 19.2207 6.55992 15.3509 17.3442 9.26974 9.82353 9.46676 20.1523 14.7614 16.1861
196.126 5.48771 8.43799 7.50716 10.5011 11.0658 11.0082 6.1383 6.37974 17.755 15.9958 6.4995 9.31373 11.2164 11.0821 12.2357 8.43051
187.568 5.27568 10.0032 6.51188 10.042 11.9227 17.0321 2.78615 4.75566 11.436 6.35392 13.151 7.97121 15.8838 11.9303 8.8406 9.76706
191.663 7.71621 11.4537 10.8969 13.9793 8.06326 12.338 6.35381 4.18966 11.5654 8.1245 17.7974 9.08329 6.47682 18.3151 7.29508 14.8464
189.746 2.79733 10.9591 8.22209 11.3848 19.2699 7.34027 3.04749 12.9135 4.67745 4.54848 9.48792 11.244 3.60665 10.5413 9.17947 18.115
187.951 5.63989 9.80355 3.96897 9.78135 16.6553 5.32492 22.0879 13.1913 8.44284 20.1069 8.36251 10.8288 13.1293 14.1253 19.4771 6.26323
176.513 9.85699 8.28229 5.97361 13.5204 2.14314 9.68388 8.01108 15.1801 8.93215 3.55938 11.1807 10.2008 9.57352 10.4896 21.9186 13.7076
178.173 10.551 6.89247 7.89192 10.0643 20.7134 10.9049 7.13055 9.67991 11.45 9.88995 3.67852 4.97725 4.38486 14.8156 10.2324 18.0101
194.21 13.6658 9.24076 4.30542 4.45992 9.6939 6.34112 13.8608 14.1189 6.62701 10.6991 5.41187 6.53642 8.96962 7.86753 9.48784 24.8689
188.359 5.63619 13.4776 9.52782 5.42646 8.73976 4.33003 12.7993 9.39386 6.47603 14.9305 8.45397 6.66322 3.38748 14.6062 28.8374 17.3678
195.836 3.32475 11.5413 8.09544 7.79742 20.5001 8.78029 1.22001 12.869 3.83874 5.04834 6.95782 8.7808 4.30887 15.6606 5.42903 22.1242
206.66 10.0669 8.10751 12.432 4.57857 20.5001 8.74387 12.022 13.4509 4.24256 4.03456 10.1693 18.0739 5.25617 9.9851 13.7559 12.3446
186.855 6.50442 12.1897 12.2534 10.919 9.80754 20.0049 3.27858 2.82583 18.4133 8.27055 4.78647 16.9645 5.93309 7.24909 11.2562 19.6134
179.216 5.63596 12.5232 12.3119 11.2003 16.3896 11.131 1.97092 21.5385 10.8444 7.35334 8.34418 11.4502 8.15088 7.51437 4.22083 13.484
189.809 9.09032 4.23322 2.70446 5.91452 5.96114 9.67832 14.1819 11.3815 8.21971 12.206 8.57938 10.313 6.67951 15.0409 9.87418 22.0744
192.669 9.91146 5.29213 8.84553 7.17405 6.24057 6.66065 5.06519 6.13973 10.8141 8.50791 12.1841 10.4352 7.78285 11.0271 17.5653 16.913
199.127 20.4458 7.44393 10.4909 15.1995 8.0563 14.288 11.886 7.63121 9.94047 8.75473 15.0527 11.2227 10.1904 9.74954 15.7493 19.4652
207.51 10.2228 11.8543 11.9558 8.26534 8.23998 7.9622 10.5864 6.12339 5.14554 17.5797 4.50124 8.06113 12.3783 18.1183 8.24424 12.5432
185.195 22.3452 8.54655 9.31055 4.26807 9.9945 9.10154 10.4156 11.5179 4.59256 16.2114 8.97601 7.5829 12.8679 12.1823 5.86571 28.5763
176.985 11.4105 5.21836 12.8225 8.896 9.46533 7.56086 6.11433 9.51282 5.9233 10.9942 4.54332 7.96691 16.0334 15.8582 4.71323 16.3025
177.235 10.6921 13.5987 4.37424 5.64521 9.56112 10.1287 3.81145 9.74262 12.4296 6.76226 3.53134 5.93514 11.159 6.72622 9.83324 17.2769
183.203 7.19981 5.20387 13.0299 18.7216 14.7884 11.9294 8.9055 8.21395 5.44405 7.28142 2.62407 13.6086 14.2984 8.41594 13.5839 13.3579
187.39 8.44626 9.1141 6.03181 5.07634 5.31807 12.9027 9.27845 8.11795 7.23473 7.51436 2.90269 14.4448 4.96352 13.8664 16.9014 12.1806
181.682 3.71396 12.6297 16.5538 3.34279 3.75124 7.00582 15.0537 5.4119 8.60613 7.58594 13.6595 10.615 4.36213 15.0197 13.8548 13.1869
181.603 7.96823 11.1213 15.4835 17.4364 8.0319 12.4199 8.47801 9.47691 6.59291 5.00657 8.63642 10.4303 10.0864 10.9029 8.78383 16.2741
170.765 6.4471 9.14319 6.54335 13.1093 10.3329 7.10464 11.3059 15.3208 10.2912 3.79112 4.66503 10.883 10.0865 15.0841 15.8961 18.8659
194.26 4.90432 7.06209 15.6687 9.97377 9.16163 10.5424 10.1112 10.8855 4.87179 6.73138 8.59377 6.24581 6.96819 8.65895 5.93825 8.60061
185.44 3.9692 9.33726 7.23555 10.9803 9.66931 10.1279 8.67283 12.7392 5.71076 9.24512 11.3954 9.53416 7.60812 13.7942 11.283 19.9349
179.94 4.63357 22.8098 16.0518 12.2645 15.0863 22.8278 6.02341 9.55498 17.8169 10.4601 9.89025 6.15807 15.0082 11.7525 14.7251 10.1853
197.192 8.88113 9.5808 13.3063 4.48552 4.25973 6.94969 6.21766 8.04308 5.86988 14.2599 13.2999 12.9863 7.78432 13.5447 16.8495 8.89149
179.261 17.782 10.2761 9.8411 7.26542 15.5698 4.31389 4.73968 16.742 8.56574 12.692 6.65473 12.0177 23.1685 11.4989 5.86614 21.2929
186.774 8.37892 16.7896 11.5637 6.85117 12.0524 9.21143 6.92478 10.498 2.97208 8.76042 12.7496 12.5283 13.4243 13.6539 3.70761 8.02111
195.745 16.4671 11.4368 15.4082 7.1483 10.7248 13.8879 6.37973 11.503 7.3657 9.44487 1.82414 6.64285 17.4433 2.68029 9.82822 19.6284
179.444 5.43639 14.5509 14.3836 3.11978 15.8578 16.5096 18.1341 11.4213 6.40602 7.65825 8.9017 15.0821 4.50605 11.8741 8.73683 17.9735
192.152 7.30432 9.19039 5.87534 7.67961 5.77278 13.2845 3.10801 12.5879 9.51096 12.0765 14.577 13.548 11.6363 14.966 5.87839 12.0078
190.474 10.0455 10.1424 9.07218 4.01866 14.893 9.21465 12.7018 10.6459 9.55215 16.5897 9.47744 5.6802 21.2316 14.9794 15.4542 14.7188
193.691 5.18204 2.28946 21.6244 11.2177 6.66534 4.70857 16.7581 16.3477 9.31522 14.3596 19.902 5.62903 7.69258 12.6351 16.4452 14.8104
196.635 29.5065 3.51665 10.3134 12.9109 5.98926 15.8953 11.5678 6.17666 6.35853 12.1607 16.9718 16.585 12.0973 9.27536 13.4398 9.35462
192.092 9.33185 7.05476 14.0994 4.60365 12.9292 16.6623 14.0171 7.37402 11.2254 11.657 9.12832 11.4596 6.36695 5.98251 9.78655 11.5843
193.982 3.88532 9.3061 11.0023 4.26881 13.2464 13.104 4.90435 23.1417 4.69156 5.35691 12.059 10.7911 6.45863 16.1815 10.7864 11.0355
182.594 10.2378 9.60236 8.47628 8.86686 13.0453 7.74086 13.3662 11.2294 10.168 15.0148 6.87897 10.471 17.3825 10.0795 10.6736 16.7692
176.518 21.244 10.2041 9.38941 7.21628 10.8588 5.89738 8.41184 12.1443 11.0919 8.17059 10.5862 10.2455 7.954 10.7966 7.90281 17.7821
192.751 8.92089 14.2791 10.9667 9.20666 6.6071 7.05558 5.89761 11.624 6.61651 13.34 7.83035 17.613 10.6419 9.81377 9.45014 11.3126
184.644 12.2669 5.91598 11.7756 8.7355 9.26745 8.94166 10.8039 5.59958 7.03209 8.0617 9.33358 9.68908 7.84079 10.7998 13.1347 19.0771
181.029 7.98163 17.2737 15.2923 10.4377 6.00939 20.1088 10.6986 6.69996 11.4787 12.3751 10.6943 18.9315 14.3316 3.50699 8.0604 10.5292
181.453 9.68122 8.92314 12.3197 5.93163 8.35186 16.1192 5.54188 4.89069 5.09639 7.87797 7.53788 20.9265 10.422 12.0884 12.5404 12.7552
188.765 11.9404 5.04577 10.5393 10.1075 8.01164 10.2605 3.19466 10.2093 3.00189 11.2808 9.73294 21.8868 16.0416 13.4746 6.85653 17.6625
188.259 12.1107 8.71041 9.42171 8.86951 14.9557 11.425 6.62269 10.9852 11.7401 6.88327 6.96897 10.0514 11.5821 13.1678 9.29814 15.8798
192.18 10.0331 8.88316 7.91569 10.8479 5.86337 7.4538 8.7459 5.70865 12.0748 12.7358 18.655 9.65461 14.5397 12.7519 6.51574 16.8993
199.393 9.85281 1.78834 8.61479 21.7756 6.45752 12.6989 8.71496 11.3738 3.09456 11.6523 3.24339 4.16697 9.2395 13.9905 15.8935 17.5123
188.033 9.43366 16.8411 19.078 9.87943 9.24708 7.66484 6.51869 7.0327 15.7647 6.95648 4.75225 6.37673 9.66299 5.44631 6.44815 17.0593
191.756 10.633 9.78805 9.06949 9.29181 14.5996 9.75716 14.308 8.57974 16.654 8.42619 9.86294 15.5815 13.5445 20.6292 5.21728 7.61832
193.697 7.46481 8.67236 13.0362 13.6148 5.9894 6.79531 22.1562 13.9767 4.14257 8.3243 13.7898 7.72141 11.9312 24.3424 2.85944 17.7233
192.232 9.2947 11.7463 6.17976 4.20226 4.44375 4.96907 9.00557 9.87544 9.43944 8.81808 11.9608 8.51597 10.9906 17.715 25.8307 21.6051
193.732 8.33111 8.02849 5.0223 8.04997 2.7092 7.43842 13.019 8.8295 15.3936 10.303 5.77654 5.20157 12.7505 5.01516 3.803 19.7943
180.687 6.16372 14.934 4.10896 7.58212 3.71118 5.69693 9.94814 10.6377 9.67076 4.69908 12.7111 8.65767 6.99374 15.517 18.2962 16.5315
180.614 11.1091 16.6097 9.25444 7.25716 3.06967 7.78615 8.41057 6.1848 10.1345 9.97259 5.04397 7.41549 5.00267 15.8618 8.0958 20.1056
180.561 9.41195 10.8119 9.69954 7.44054 5.93047 4.57337 7.88697 11.0997 16.5738 5.97683 7.15412 12.8371 6.17918 11.1365 14.3376 13.6834
195.96 11.9375 6.15671 9.58863 15.6933 8.71265 3.74125 10.1685 12.5522 8.3411 9.15707 14.5473 8.6616 16.2892 14.9998 8.17532 13.8311
177.354 8.98414 5.24252 15.6135 6.77093 11.5841 16.2417 9.26111 15.8294 11.8246 10.1772 4.1834 12.9588 6.48462 17.123 19.9393 15.7116
185.047 8.87193 5.99662 14.6403 13.8058 11.989 10.4639 7.612 9.76605 10.0314 9.23042 11.8065 12.6127 9.17257 4.35128 11.5385 8.18317
180.783 7.75014 3.55679 2.8222 7.19755 11.5546 7.61768 9.71997 13.3961 9.60314 8.60869 11.2975 12.3807 6.6714 20.3237 5.33226 16.4839
197.915 14.2495 7.91404 16.4861 3.38944 12.0596 3.39938 18.067 9.10792 8.75186 9.57909 9.32816 10.1521 7.43832 17.4974 5.90786 16.1097
195.448 5.62188 13.5144 7.76035 6.64232 12.167 19.0744 7.27105 7.4836 8.88955 12.7513 12.3864 7.83651 10.2328 7.97427 9.57713 20.0941
184.552 8.09556 5.35413 6.70925 8.31553 10.144 9.14888 15.0155 4.51795 10.8453 3.04521 18.5812 8.90276 13.225 6.90405 13.4555 20.7119
187.759 5.47048 7.18039 6.66459 20.9188 9.11012 6.85145 17.8218 11.9702 9.50059 5.47127 10.4399 9.12638 8.76078 11.9385 19.1744 7.9164
190.629 5.27318 10.0738 8.34124 8.62533 9.05987 15.8219 3.23951 2.30007 18.1558 8.66434 17.1775 13.1508 5.53276 6.16984 14.1625 13.3641
181.778 10.7799 10.1317 7.84453 18.7308 4.18879 10.1029 12.1675 7.58872 4.32224 12.1857 4.14441 10.8135 4.91942 12.5736 15.6724 25.231
195.823 6.68696 13.3494 10.0609 16.5096 5.26549 14.6466 4.90687 6.44074 3.92899 9.47125 6.80281 9.99954 8.9032 5.26857 6.7493 16.8002
208.435 7.10806 6.73424 15.4598 9.0613 14.1944 12.8591 15.0419 5.51077 9.77348 7.1298 6.54912 11.8543 13.7463 5.632 9.99636 14.329
180.892 7.12513 7.22318 12.1901 9.49807 4.39386 8.48845 9.04189 9.85361 3.9984 7.93994 5.09552 2.89589 16.5091 18.5827 9.8692 14.2736
207.486 7.12406 7.2416 9.01504 9.31742 10.8787 16.4808 15.8461 8.69857 3.99121 3.28063 4.46259 11.8695 5.53583 11.3114 11.0867 14.757
189.251 7.12375 6.76833 8.77037 4.46108 9.20455 18.1219 2.0478 4.48887 7.24745 10.2134 7.1809 18.7454 15.0302 10.3481 6.55341 18.7285
193.728 9.69155 11.8581 6.46991 14.7405 14.0827 14.7724 3.60303 5.81159 4.51411 20.3888 11.5522 13.6802 6.11747 9.85158 8.89361 16.0829
210.155 12.1888 10.9102 12.233 5.58595 21.0072 9.10514 7.57551 8.62776 15.2498 8.57995 12.2282 7.96729 22.9583 10.7322 8.00181 10.9341
173.443 8.60099 7.43553 6.4509 6.64934 11.1504 5.15916 19.4573 8.83339 1.8952 9.05704 6.86414 16.9918 12.1622 11.8511 9.51517 2.70213
203.882 8.98943 7.36401 15.72 4.82626 10.88 8.25809 5.98045 8.81737 7.20313 7.91406 15.2468 21.5282 14.3089 7.91885 13.8775 12.1287
190.585 11.7668 7.29187 9.7911 6.26828 3.5316 12.0714 10.5113 16.1988 12.522 9.09322 14.0823 9.68214 14.3656 7.70398 9.01671 16.3987
187.918 7.87497 21.6247 7.39924 10.089 14.8008 6.37852 11.07 12.9083 5.60339 6.9599 14.0661 8.68559 15.5382 7.527 13.0591 8.47121
187.584 7.90947 7.28483 12.037 8.68092 5.21053 5.06653 12.3246 13.7954 9.37933 11.4146 17.3081 3.03689 8.17507 6.28492 7.78942 15.4183
182.924 8.10776 5.61541 4.32312 6.22042 4.67794 4.3304 5.06893 5.09922 3.32239 4.16243 20.0072 11.501 7.12589 12.8387 8.27293 17.847
191.956 5.97493 8.61686 10.3626 17.3662 4.5151 12.9234 6.0609 4.87764 2.15815 8.5174 16.3482 8.66805 8.4319 13.346 5.47964 12.0584
190.487 11.7299 8.36887 11.1727 6.19917 1.84404 14.816 8.0192 5.38201 11.3211 9.33453 13.3538 10.9357 7.72728 12.6863 6.90494 17.6327
196.955 11.4893 25.64 7.03167 4.82555 5.04357 9.55205 11.8528 2.84108 4.71607 17.116 11.9607 6.34074 13.479 14.9468 10.3058 20.5081
174.358 6.67144 4.27405 18.2094 12.2604 12.1735 11.0764 16.5022 11.6153 5.4182 14.5562 14.2119 5.12297 7.27951 7.01458 9.73753 10.0447
200.402 11.339 6.00793 7.49833 5.22447 15.0145 10.6157 6.21868 10.0152 7.43622 9.47019 9.29273 7.94867 9.13474 17.2061 11.1043 12.186
194.271 5.22628 12.9625 11.3311 3.79299 11.7517 8.59333 5.09861 15.231 3.45022 7.51794 7.69408 6.74996 7.22307 14.3191 7.54839 11.765
194.757 11.1156 4.07634 13.5821 9.20939 12.3513 8.27028 11.0811 14.1047 4.42217 7.67903 12.4821 7.17332 5.5753 8.64788 11.7066 23.9248
183.807 1.24097 10.5688 7.79855 16.5674 3.48169 8.09575 4.94166 5.5755 8.71312 5.76733 8.71087 7.45383 3.949 11.2187 15.599 16.1749
202.522 6.22571 13.2544 9.09673 9.0326 6.02891 8.60863 6.72361 9.74015 12.3179 3.90757 13.4029 9.8536 4.7761 19.915 9.59902 13.3082
208.601 12.8355 14.708 21.3287 13.7601 8.57178 6.10505 7.09516 7.23823 8.06244 9.83006 16.6878 5.10467 8.16159 10.5393 1.57287 18.0673
204.171 6.77775 9.65991 10.8762 11.4029 8.62929 5.26495 9.64605 11.267 7.99009 16.4721 5.12109 14.9806 9.3274 10.0153 16.1013 18.0255
174.254 10.3395 3.29942 11.8361 8.24492 21.4502 11.5557 10.6498 11.7021 5.27056 7.90046 3.68707 3.31287 10.8019 7.44755 10.2168 22.8197
196.477 4.48557 14.4887 10.2922 8.27258 6.01179 4.57576 12.2314 8.43865 18.2238 9.93859 8.43562 6.31181 5.07095 4.65378 11.0565 15.2913
192.28 8.29437 5.64298 15.1619 12.3884 8.42799 11.6096 7.06157 8.06118 5.90972 8.95402 9.67048 12.399 7.83812 5.39788 6.87004 10.4937
198.829 5.94701 9.49756 5.91196 7.72591 6.07965 3.04853 6.12965 15.856 10.9342 13.2251 14.8169 3.65157 3.28367 5.46703 22.2351 22.8661
204.857 10.4079 12.0345 11.4674 8.01758 11.2858 8.51908 6.06631 7.90294 4.5229 6.31236 11.9964 5.57394 15.0395 7.12559 17.324 19.8087
190.909 7.33042 8.05392 17.0243 17.0081 8.876 6.33955 14.1357 9.96292 18.6498 7.35954 12.2037 8.08217 18.7436 8.01854 23.8217 12.7987
197.448 12.5501 12.2551 10.4017 4.62155 9.67821 16.1481 10.7417 7.3996 10.7212 6.00288 7.63372 16.1971 4.92892 14.0748 8.655 16.9907
192.788 15.1787 10.6436 6.88042 16.8263 8.66426 8.4316 11.1098 7.99104 11.884 9.34234 7.10428 9.34828 9.56388 3.82153 13.677 22.1441
204.833 7.9177 7.4541 8.2417 5.01389 6.91348 14.9379 2.97105 4.98162 7.7465 5.6952 6.71748 16.3048 7.08466 18.6653 15.7201 17.9051
196.092 13.1383 8.58833 9.77548 5.72384 6.95452 12.284 1.86668 10.5719 5.39298 6.94094 2.64386 11.5258 5.47542 17.2608 13.2604 19.9325
184.658 12.45 7.15417 11.373 10.7644 13.4436 11.1709 10.1718 9.63077 4.88794 11.7395 5.73159 8.04359 7.74528 6.66102 10.3171 19.7999
195.096 13.1181 10.3916 12.6764 11.5928 12.5614 18.5663 10.3841 10.0639 8.39033 13.2933 10.5336 14.7894 4.8429 8.5198 6.86587 11.9579
186.351 3.64384 13.1498 15.4693 12.8594 7.44833 14.7376 10.3198 8.40854 5.99991 9.7926 16.0801 11.9183 12.0876 5.72126 12.4272 13.5822
191.014 12.9337 15.5335 15.4745 12.9993 3.33096 11.9576 8.65247 10.519 5.39061 8.25632 8.44049 11.3927 17.9729 8.11298 8.01401 7.28671
178.561 5.56773 16.4598 11.1006 11.0381 4.96045 11.9802 11.3314 4.38582 9.34906 14.8689 5.78162 10.1901 8.89762 12.7192 17.5126 23.2852
185.084 14.8615 9.58435 7.02134 8.31279 16.4842 11.4898 15.6929 4.58601 9.34393 2.99244 9.13452 10.8293 5.42443 20.2057 8.30871 21.4163
185.26 12.4237 10.9768 5.55166 9.32181 7.19718 16.8945 5.7072 10.708 4.57521 14.3956 11.2517 3.76774 5.29257 10.2882 7.15771 14.596
184.033 4.34246 11.6765 9.32268 15.0073 6.84268 7.56854 11.0842 10.4523 11.1136 5.29417 13.5216 8.09841 8.50471 5.00492 10.5997 10.5586
190.586 15.9107 14.9331 4.77262 2.59564 5.78004 9.64226 15.7634 18.7385 6.90276 13.5505 1.70787 7.78577 7.16673 10.5059 9.20902 15.6076
196.484 4.60993 16.5518 5.85413 7.91764 7.10929 8.67937 15.1828 22.7867 11.5912 13.8344 7.88542 7.73422 5.73415 6.74994 8.21696 16.2151
199.801 12.3813 8.63972 6.07641 5.48897 11.9764 7.88619 12.8371 18.3118 11.3051 9.64137 6.60035 7.71497 7.25563 9.44085 11.7483 16.1948
192.989 10.4038 11.9622 5.97105 13.4033 10.2224 7.98362 6.1192 4.57343 7.5238 10.3052 8.57955 7.49021 14.4662 9.67793 7.36282 16.236
200.787 3.53671 7.23588 10.7549 11.1971 16.7396 13.1312 12.9753 9.15379 7.47445 6.65336 8.57329 14.965 1.94162 15.8713 4.94324 17.5517
174.805 8.97269 6.92836 15.6393 9.40684 5.58078 7.99797 5.38244 11.3089 5.91884 3.42856 9.02668 12.3684 6.08062 8.11327 14.008 14.8547
200.15 4.79915 10.2911 7.52481 10.2993 11.3624 11.2037 19.278 9.87228 11.6298 5.03897 6.60272 9.26649 12.926 10.0738 9.04456 21.9035
188.024 8.6735 10.4955 15.5475 8.97175 8.86971 9.32101 17.6311 7.07842 7.925 9.97659 6.18911 6.63469 5.9378 9.15457 9.07732 20.4116
175.809 7.73973 6.82699 8.8035 15.847 10.8191 8.60679 13.6894 12.2357 14.145 9.25187 10.1101 11.4802 5.07541 9.48985 12.5052 16.7821
197.086 9.63835 14.62 14.997 13.1863 11.1439 9.00694 14.1556 11.7845 11.6202 7.8532 5.30784 11.3505 14.5409 8.36752 7.03195 10.4461
191.967 8.48421 11.7799 9.51849 9.02349 6.80238 15.548 9.66244 6.45596 7.22044 7.57384 6.84405 9.83542 4.45578 10.1462 11.4057 16.744
189.695 4.42481 4.31578 20.0719 6.8377 12.919 10.307 12.0401 5.77218 12.953 4.90163 15.1668 10.232 7.13253 8.22639 12.2018 13.9072
186.111 6.36768 8.96077 14.5781 10.327 5.05941 7.82481 10.3557 4.37539 14.301 8.19973 4.1324 7.91688 5.46764 7.08285 11.0899 14.7044
180.211 5.62834 8.11662 11.7552 3.31644 7.22034 10.3487 7.45603 15.8459 9.55291 6.37333 5.50961 18.2713 14.6239 8.1971 8.80211 17.4946
200.392 7.01238 16.3015 14.3032 13.6059 4.95881 9.59685 11.9052 7.86989 9.7783 10.93 4.39964 11.9079 12.3601 12.4233 8.45426 18.4273
184.861 16.3634 3.04318 6.42303 5.34819 4.39322 9.43107 8.59205 10.526 7.04058 6.95516 3.94464 20.9403 7.99905 12.0792 16.0555 8.86216
186.179 12.2193 11.087 8.57364 4.99285 8.19912 17.7412 10.0655 5.1444 10.5384 3.6008 5.35572 11.0205 9.31141 15.6803 10.2984 18.3498
199.679 5.72526 9.62629 12.2016 8.25057 8.91762 16.6431 5.6099 7.9461 4.84037 9.57803 5.64267 6.89725 13.1512 11.0745 6.23529 12.7835
192.739 6.0168 6.90234 8.90789 11.6839 9.02619 12.1668 14.6178 5.23937 13.009 17.0743 6.53451 9.88492 6.535 5.30187 10.8663 15.59
183.954 5.57182 3.52784 15.8166 5.08802 4.04751 12.49 10.3471 9.69479 13.6962 18.6871 12.3594 25.7923 13.5435 7.13563 14.0958 9.32771
182.405 8.33545 3.54513 15.8687 10.8217 13.0979 13.5394 10.7574 8.13228 12.7771 16.0176 4.47301 9.12357 6.22489 13.7684 4.80873 11.1946
198.446 7.02623 6.06385 15.829 12.0334 12.8219 11.3592 10.2623 8.04592 7.39494 5.34805 17.7808 5.84755 12.1995 13.8412 6.41751 11.9681
200.08 6.64032 6.5301 9.85563 4.6874 20.8052 7.7267 5.43194 12.3885 7.55604 8.87036 17.7075 12.2124 12.217 12.2032 12.0148 10.136
191.911 8.16825 14.8774 13.4567 17.2922 14.8811 12.3967 10.5493 11.1121 4.64834 14.7691 2.32974 13.163 9.05116 8.43848 8.8402 16.9968
193.772 7.80366 8.3505 8.09719 6.92717 5.49416 12.239 13.2579 10.8394 5.09951 7.51561 7.33181 7.75152 9.19333 8.29619 9.82947 10.5086
184.651 9.23751 6.5746 11.5006 3.70026 8.06418 18.1394 9.46573 10.6459 4.40626 9.54972 7.977 8.59754 3.72348 1.75361 11.0513 10.1149
197.892 13.3989 4.6139 9.21595 4.67772 7.10995 13.4525 6.51321 13.1869 7.11654 11.7766 9.05466 6.89479 11.604 14.3531 17.7005 11.4401
196.007 16.6642 8.60844 5.4747 9.54589 6.49055 14.0557 4.74599 14.6733 9.87946 10.7335 8.3182 12.7694 8.54602 16.5076 7.01299 12.4233
195.765 7.46486 9.53668 13.596 7.83143 7.72548 9.60396 9.48276 8.63234 6.11412 4.18687 3.04209 5.57379 12.9747 3.968 17.2585 15.1403
180.033 11.4454 8.0245 13.4476 9.94077 29.5161 12.089 14.4032 4.38191 4.93659 5.54367 15.845 5.57379 13.7282 13.9658 11.4076 11.8829
176.818 6.31378 6.35693 6.18645 8.53733 8.94456 12.7759 10.8845 11.9307 14.4172 4.95761 3.78341 9.4061 11.2131 15.0071 10.604 23.2979
208.119 11.332 4.45497 8.37036 8.36422 9.70904 8.4878 5.77125 6.41027 11.467 16.4915 5.57988 12.138 11.0581 13.4233 8.88501 16.1106
188.754 8.65144 9.03762 12.509 8.2721 8.61344 8.38599 21.156 7.89474 16.032 13.102 8.83212 3.82268 20.3958 11.2559 6.93875 23.2698
195.201 7.15794 13.3541 10.9015 8.84611 7.79063 7.14325 10.1259 7.8626 11.5631 12.6642 12.112 5.28939 9.42495 9.63732 11.2896 16.7681
186.572 6.98259 11.992 6.63238 8.87619 9.55434 6.8507 5.94277 11.6552 3.9827 17.1969 13.4054 8.97653 20.5669 10.8542 7.00967 16.6242
196.628 4.99253 11.0549 17.166 7.05489 12.9323 10.0044 5.69819 7.14712 4.7409 9.12673 17.633 8.44073 16.4371 15.6498 13.9637 24.8646
184.415 6.82933 16.4793 12.3587 6.98802 8.64538 8.41352 15.5199 11.5439 8.28038 9.6434 4.61011 7.44242 2.26432 8.44841 6.73551 10.8026
185.743 6.06793 24.442 20.9371 7.54675 5.34938 5.63651 14.3793 2.36258 10.0774 6.13809 3.2535 10.6185 10.7874 8.19758 17.9274 21.9219
178.297 5.05893 13.0989 5.2372 7.55306 4.89463 14.2656 11.8199 6.12004 17.0662 6.15787 10.596 6.81834 6.46483 9.53527 13.2691 22.3689
184.066 4.24043 13.638 14.8972 8.14204 14.494 10.5702 3.62499 10.1942 19.2396 5.30557 13.3561 14.2983 6.84974 16.2956 9.40321 13.4918
180.922 11.2367 13.3415 13.0531 6.39733 6.23265 6.72215 3.33647 12.6466 6.29957 5.36309 15.7279 14.2983 4.71794 7.68449 9.2888 11.4077
192.748 5.41007 8.47439 13.5343 4.10576 14.108 11.2547 15.3506 11.4526 7.12898 15.0062 7.95795 7.57476 5.68541 5.59886 11.2735 7.23267
203.599 4.1634 3.46755 6.42424 5.54708 12.786 6.92715 5.48021 9.47704 13.2736 7.23501 10.074 11.382 13.2429 10.5014 12.4589 15.1864
196.451 7.36303 16.9813 10.3654 7.17895 6.70384 11.4929 8.51619 5.90581 11.7974 7.75359 12.3292 11.382 7.90286 12.1108 13.8242 17.0209
178.847 4.4896 12.5827 8.93943 11.981 15.4852 12.5983 16.4165 11.221 6.31646 11.138 8.05269 8.81762 12.1519 12.5168 9.81015 12.0497
181.864 11.0667 12.458 11.7288 14.4698 10.2083 8.48338 11.5982 6.18003 6.9075 11.4528 2.76726 1.92415 11.4319 10.8477 13.143 14.5214
178.711 23.0749 4.64492 7.9713 15.0255 10.1835 6.4496 18.0298 7.85295 2.28641 11.7966 12.2508 4.06136 4.69872 13.1573 10.3006 22.6054
181.942 9.84612 19.7919 10.0587 10.9345 11.1075 8.96838 12.8751 8.10951 13.0266 12.9396 12.7319 8.90129 12.8818 15.2433 8.87201 15.8531
180.435 10.3671 12.7689 19.4532 9.91997 5.76816 12.0441 8.62149 15.7777 20.8504 6.31142 11.1882 10.8535 6.25397 11.4222 13.1481 13.7796
184.358 9.33387 10.9929 5.81366 7.22728 5.78302 18.2124 6.48855 7.00376 8.00382 7.39752 3.05707 6.62734 12.571 16.5108 11.8161 10.8825
205.319 10.8544 11.78 21.1761 10.3664 9.8885 6.72041 13.8583 7.99945 15.2744 7.75489 11.2372 6.54655 9.66998 19.2393 9.8736 10.1966
172.821 15.0987 10.5095 9.13292 12.3853 8.3483 10.6649 10.4088 6.34868 11.5129 7.37921 14.7883 5.63026 8.92319 12.8294 12.8165 19.6525
195.677 13.0165 5.94791 12.2219 5.32417 3.12533 11.5214 4.75043 10.8022 7.55113 5.46323 7.63347 12.2041 8.90978 15.4349 6.45789 17.3306
179.558 4.46406 12.4392 17.0775 9.24377 3.13036 14.9301 15.9795 8.48497 5.71595 10.6885 8.54047 13.8198 9.21986 15.4249 15.4257 10.233
182.118 11.3521 2.92238 9.60238 4.34137 3.24488 6.5577 17.5711 10.9021 6.88976 4.72947 5.50779 16.7507 8.97639 10.6443 11.6998 17.6035
182.857 9.73488 8.65066 12.5699 5.55521 14.4465 6.37443 15.2624 13.3825 4.40329 10.659 13.6886 16.4256 9.24956 11.7237 9.49719 14.2268
190.203 7.45137 10.7155 8.71821 6.7928 5.48084 6.78885 13.6614 10.626 6.8222 7.98115 16.7423 14.1896 11.8828 8.20341 13.8367 15.2303
181.61 6.16333 5.17815 7.98586 4.89097 10.8042 11.1099 6.03091 12.4691 5.23391 11.9719 15.2473 6.88059 18.1249 8.35349 9.3448 12.7981
188.474 11.0262 3.03115 5.87264 14.6401 4.60907 19.3424 6.24342 6.4154 14.308 10.7306 13.5468 10.5853 4.39907 11.8471 14.1435 10.7028
188.616 12.5874 7.54321 14.205 12.6087 4.77184 11.931 8.52088 12.9252 7.86754 13.7592 10.5251 10.5586 7.85826 13.1691 8.70833 9.48167
188.839 23.9571 9.97452 5.19019 7.87156 5.8776 6.83803 24.684 13.8789 6.75417 13.5655 8.96143 6.35552 7.3008 9.06708 10.9225 12.9654
193.037 13.3715 6.14103 9.99545 10.4749 8.19911 11.865 6.87817 5.65886 11.139 6.89893 6.14461 7.55768 8.40026 8.28845 10.8468 17.7498
186.965 12.9831 4.12571 8.70751 5.21321 15.0229 5.30359 4.4069 13.4504 5.20076 14.5021 4.2609 4.56392 11.3777 10.9863 11.6632 13.8607
191.354 5.79952 14.3333 10.52 10.0672 14.1157 11.57 6.18525 13.3809 4.3715 15.4721 5.36979 9.561 9.88121 18.2972 6.21838 16.9554
194.909 3.58834 11.3368 25.9818 8.33242 14.0723 11.8081 3.57656 15.1848 6.91384 10.5276 12.3369 7.82888 9.43765 9.13042 15.6427 12.924
203.947 8.39763 13.246 14.7305 9.52092 5.07144 9.41925 5.89311 8.53269 11.43 6.07434 6.8288 14.5543 13.3517 2.98682 11.9167 11.3533
182.376 17.6602 6.51319 10.8159 7.14843 5.41507 10.6556 17.3568 9.37789 7.25958 8.05538 4.77665 11.7697 12.5276 19.2416 7.49772 21.7807
193.096 9.79928 6.71154 7.16465 7.21379 4.86661 7.36809 14.2208 18.9987 14.0132 13.0753 10.6301 8.62383 4.67793 11.6641 7.62846 8.25283
196.697 8.0436 11.2916 10.7834 6.8471 11.7417 7.84385 12.5877 6.73751 9.6182 5.43873 14.8346 7.98611 5.58712 4.63588 9.41456 4.75465
176.348 11.0765 6.58202 9.14102 10.6953 5.94618 5.4839 5.74141 5.82943 4.91516 6.5382 12.313 14.5651 15.813 5.82843 8.02814 12.7865
176.953 5.27339 16.2774 7.70703 7.40423 9.9024 13.1188 17.5496 10.6299 11.7267 8.32077 8.16522 15.1691 5.87567 19.2803 16.6053 13.2365
190.375 3.62485 13.4934 15.3381 6.38751 5.09961 8.59289 10.7037 12.9724 4.71847 17.228 12.7732 6.43643 10.3491 11.6173 11.5309 18.6031
187.52 4.17551 11.2337 15.6967 14.2524 7.4442 10.9901 15.4739 3.66391 16.832 4.88427 17.8428 10.7441 10.9749 9.6713 6.39599 21.1502
184.091 5.59196 6.0991 15.413 12.4898 9.28371 15.2434 9.25016 5.88412 7.11762 9.47694 8.37605 9.98051 15.5363 9.76427 6.78551 18.1821
190.968 16.5599 8.65997 8.85024 12.0956 13.9985 7.9259 7.571 17.581 6.05172 7.46157 9.66804 6.83904 12.5603 13.6097 6.71293 12.7223
178.871 24.6361 7.28769 13.4993 11.1221 4.60609 8.90717 10.3932 15.86 7.16432 11.9204 8.248 7.03197 5.36647 8.28025 7.78392 17.94
183.679 5.62418 8.49144 6.58031 7.73115 5.77888 8.24885 13.7006 16.4595 19.764 8.98775 8.10603 8.44352 8.55724 9.10561 6.89808 16.5364
180.204 10.8968 5.19791 3.70267 8.62425 6.63898 7.168 10.3187 12.2868 4.78209 3.48571 7.89092 5.90809 10.2954 7.26133 22.4173 10.245
185.005 5.77185 9.4906 12.5885 10.865 5.89756 8.36051 8.16928 10.4903 22.2732 6.79274 8.77131 13.267 4.97873 19.0852 2.68311 19.5028
182.605 7.56681 13.7157 9.96524 6.58707 6.9401 13.1112 10.4619 19.5554 13.2549 4.96949 10.45 12.4594 6.88442 11.5394 8.15275 14.2614
186.388 6.69643 9.97874 19.068 12.8051 14.1988 10.9645 11.8721 12.2317 5.46908 7.04856 11.1042 14.8931 8.71657 9.62657 3.79572 14.7847
173.524 12.5378 13.3417 11.677 8.55954 6.89897 12.61 11.1464 13.2511 6.71235 7.13551 7.84672 12.6028 13.2649 6.56174 13.715 23.9182
178.867 12.6802 5.09831 3.40541 10.056 18.1685 12.7584 11.8729 11.4478 6.08495 5.15391 5.29194 10.2831 11.5628 9.14391 8.62827 11.9064
184.537 12.2473 8.40157 3.24869 6.38262 8.96258 7.70904 12.061 17.0066 8.51403 14.358 14.034 15.5226 5.05523 3.12804 13.5195 19.4537
181.482 9.15036 6.22162 5.08338 10.9111 6.79936 11.6956 7.85067 10.6661 14.3766 8.77196 8.80141 5.03887 3.43211 8.15501 17.2068 14.4336
203.766 16.774 11.7385 3.84067 16.2872 16.9442 12.9656 6.95017 9.63895 18.4863 13.124 4.57725 10.8777 5.82905 8.56108 7.74491 15.5665
193.254 13.2432 6.04363 1.20995 3.08238 2.39857 10.1391 9.53435 5.4983 11.0254 13.5198 3.33855 13.2268 3.66177 9.78482 7.42406 15.0267
188.883 7.87171 16.3854 15.5465 13.2865 7.49092 8.25895 6.76589 7.74357 2.19322 15.0168 7.35387 10.2316 3.85388 9.21911 5.70632 15.1047
200.068 5.09491 11.0351 13.9866 9.02409 7.46717 8.0845 19.42 14.2907 16.4692 11.8476 7.36167 7.97083 8.31333 7.72955 9.82698 15.0274
181.252 3.62377 12.4889 9.47435 12.4994 9.37486 21.3516 5.39427 8.58145 17.7924 5.67156 8.89679 10.609 15.6227 9.41993 13.3362 14.998
185.213 3.33183 10.6337 2.78945 14.5675 11.0519 7.46171 18.0392 8.95961 8.46787 8.6671 2.47684 9.34836 7.53431 4.97232 9.68153 15.0154
182.465 10.1029 14.7471 5.50961 11.5346 3.01841 13.5499 9.66442 5.40139 10.4919 7.14211 16.2123 10.9378 5.13264 11.7139 11.8927 18.3583
185.372 11.7555 6.07859 10.0059 10.8097 7.30576 8.13634 9.17349 4.04997 14.6764 4.30346 8.82622 7.75174 6.3231 14.0824 21.865 12.8639
192.719 15.1521 12.3048 11.4811 6.66444 13.3927 13.1815 18.9782 8.43968 2.54595 8.21432 3.55982 5.46545 9.66753 17.7921 14.3569 7.08496
194.864 4.23301 13.7805 8.42153 6.06625 13.5882 8.96927 11.7658 10.6434 5.88561 8.60847 11.1387 11.2748 14.5087 8.49795 7.90558 15.5386
187.892 3.79576 12.4664 2.93378 2.92083 16.6922 12.4357 9.29606 9.0621 10.5791 6.40545 9.38409 15.0365 4.69812 14.3818 13.4511 13.8254
189.286 8.75195 12.8288 20.714 17.3293 21.7108 8.72352 6.34521 13.769 8.52622 8.15421 10.2452 13.9157 7.91853 13.8726 9.79626 8.14498
197.075 11.472 6.7665 8.46734 11.3425 5.3956 6.96489 10.4088 10.8941 6.82518 14.3597 12.9953 14.31 7.47048 14.4425 10.5454 3.47136
192.514 9.84999 10.274 15.1173 12.5987 13.1395 3.27687 12.3763 10.0617 6.28935 10.5871 9.88989 14.4009 7.24389 8.83904 8.76446 20.0384
197.466 9.23457 4.48798 10.1388 9.15569 16.3095 5.63765 8.86296 17.619 12.9527 6.63653 10.2567 16.7253 7.77795 19.266 14.5467 7.61148
187.785 7.65099 17.4016 7.88462 3.37277 11.4954 14.1479 12.441 12.9603 5.23866 9.26372 13.9731 13.9788 4.25017 25.3828 14.6278 19.3992
187.395 8.81376 6.02935 19.0359 7.66453 6.69975 22.0786 10.3189 5.56572 17.5681 9.84808 14.0233 21.2586 8.10524 25.443 14.768 18.9158
178.402 9.95813 8.98194 6.99025 18.0436 4.13677 4.90333 8.00328 6.26981 4.52839 7.68418 7.56917 4.94358 5.05923 17.9898 14.8329 17.07
167.447 13.4661 15.583 6.57104 11.8498 5.5414 8.9389 10.4826 4.74061 4.68319 5.14219 9.68949 9.41617 15.5056 14.1999 12.1368 12.2418
186.87 17.6638 11.9504 5.13888 7.59896 8.77884 10.6726 9.81791 15.0278 5.92683 5.37679 10.2927 17.4624 14.2252 11.4083 6.46624 16.6057
192.145 9.56917 11.016 10.6371 10.5228 2.60976 17.5958 10.495 7.70389 9.12838 4.76248 8.23587 6.60416 10.2046 14.6993 13.8762 13.1491
190.257 7.16521 5.63824 6.63433 9.06261 13.5119 14.4657 5.47436 14.7539 7.67994 9.15617 10.8411 8.72256 9.14766 8.42929 15.7434 11.1774
184.328 12.2359 10.9638 13.0077 7.02308 7.71945 7.27243 12.7836 11.1039 7.30899 8.77963 6.28142 6.40121 12.6938 15.7084 13.933 15.2408
182.339 11.4486 6.02519 12.063 10.1223 7.20234 6.74339 9.73823 10.5693 6.58181 8.10577 13.0985 2.94063 11.5325 15.771 8.99355 15.9547
185.608 7.19243 6.29738 7.60422 14.9376 9.68373 8.30466 6.92947 14.1417 7.51769 4.67538 4.41734 9.23085 11.3251 15.9262 8.02097 16.5831
190.724 5.55346 6.31969 13.55 4.09678 14.6209 7.36208 6.93573 10.3397 13.0105 23.2408 4.46565 5.30039 3.99396 9.72328 16.5702 15.4229
188.32 5.79934 12.0085 8.89887 7.85474 13.2211 7.09656 8.49492 12.4911 6.35805 9.56595 7.51821 6.85406 11.8184 18.6714 21.7356 9.52097
193.91 6.42502 15.8711 4.959 3.82465 11.728 6.04809 6.6114 8.12892 4.75626 13.5064 9.57858 13.0702 14.6441 11.9523 11.5024 9.87846
182.971 7.39103 14.0274 4.08564 10.7083 3.97944 15.4322 10.0535 3.60296 6.16671 13.5298 16.2472 13.5966 14.1372 11.8013 5.10315 17.7618
193.437 14.1333 11.2211 10.1841 20.064 10.9696 20.5618 10.7009 13.0134 15.3247 14.2183 8.28619 12.9539 17.3084 12.1477 11.9253 8.97898
191.745 15.7148 8.66457 19.4127 14.106 16.3384 15.0276 11.9769 18.7545 4.914 5.76057 2.35458 7.40095 9.57519 12.4856 13.3576 12.3215
187.69 10.1815 8.81922 18.883 7.67183 17.5806 12.5695 8.86245 9.03771 8.90706 4.71552 11.3348 14.6258 14.9769 5.09754 9.28497 13.5187
203.048 7.66321 13.5267 16.7488 9.70417 12.2072 12.2827 7.4521 6.26186 7.8496 14.6893 16.0896 7.60159 14.4068 19.5736 9.75835 10.6654
185.33 4.30489 10.9299 4.23213 10.774 19.3443 13.3714 9.65143 6.85299 11.061 7.03813 8.43347 12.649 6.82204 17.9078 13.0729 10.6753
191.955 5.51885 8.85892 4.72466 12.3931 6.8165 11.2002 5.8228 9.25523 13.4723 9.6513 3.72753 8.91709 5.63523 9.09196 11.5156 10.9614
195.069 15.2384 2.42227 9.93468 6.18207 4.77242 13.4796 8.78447 5.03193 8.72086 3.9794 4.10139 10.0401 14.5418 14.5402 10.9592 11.2559
192.544 7.04102 10.3724 4.19534 17.7025 6.93499 13.3951 7.31762 14.6948 8.02159 7.03496 4.48879 11.1767 8.32117 14.932 9.25628 12.0997
198.272 5.39515 5.33323 5.76689 18.5823 9.34158 9.53626 12.3898 10.5121 7.52691 8.00379 5.29742 7.22666 8.94627 12.8118 11.9311 13.3689
188.862 10.0542 11.9996 3.47609 7.59374 9.18795 7.41514 8.67092 12.6981 12.6915 5.17818 4.60209 10.0106 8.45136 10.1872 16.3746 7.63048
185.601 5.1302 6.62 8.98949 13.7772 4.43568 5.34505 5.81307 14.656 9.46316 5.55007 15.9476 13.1907 11.6562 5.07926 16.3385 16.9121
186.529 9.23728 10.1383 15.3049 13.6587 6.91015 10.9602 5.66606 11.4367 3.87151 7.58808 9.66705 2.28418 13.4507 6.87617 12.2668 8.657
167.27 8.52468 10.4943 6.63489 3.63143 14.6367 9.08665 4.75258 7.9348 4.11292 6.21094 9.24125 10.0843 6.9358 8.48954 13.3852 12.4924
194.633 11.6136 10.525 5.37936 3.91081 11.045 4.72262 11.6895 24.1652 8.11898 6.28057 11.7696 10.6371 3.84719 10.1705 13.0302 11.5644
194.756 11.527 19.5064 11.4166 8.22515 5.05383 11.3179 6.23931 5.57086 8.94256 6.58849 3.34109 17.4511 4.87707 10.3908 17.5854 17.8898
199.113 8.11491 5.33938 8.51439 8.74385 6.90774 9.39422 13.6724 9.22763 9.02435 6.73839 4.54797 8.53028 14.5965 12.9583 9.99045 19.1356
182.734 2.46202 14.4361 4.6066 9.71182 10.3578 7.30246 11.4009 8.6611 19.3341 10.6322 9.67222 10.0423 17.1669 16.3776 13.0033 11.3573
179.34 8.00126 10.6085 4.80558 10.0198 12.2431 8.72693 8.74261 16.6716 10.3121 5.16307 8.47075 16.02 10.5991 12.2995 16.3623 7.34614
188.675 18.5071 12.1316 7.96262 9.04008 4.38839 6.49482 4.93329 5.42362 12.8951 17.5253 9.57514 9.25568 13.5781 15.257 10.292 14.6833
173.54 8.85786 12.1403 9.27077 4.51257 8.68175 6.31376 7.98659 5.35815 10.9901 4.46083 7.83224 12.3321 11.8867 11.8861 15.6236 12.1115
189.417 14.237 2.54003 8.16903 11.3592 9.87256 3.79716 15.07 5.98129 5.16867 4.54193 13.5092 8.03848 6.77038 23.8301 19.5081 13.86
190.494 8.31018 2.84277 6.85603 6.75402 6.61017 10.783 9.61913 9.70179 7.54235 5.78374 7.82639 12.8369 8.72605 14.2561 11.1607 8.98993
181.384 14.4342 5.01546 3.60758 9.2817 13.1738 17.2132 13.1406 9.97269 5.74344 4.68911 5.45569 14.6078 8.70923 29.5295 15.1629 11.4251
192.628 6.83015 12.0631 7.91059 23.3708 9.25643 6.86189 18.599 7.45412 9.44948 10.8412 9.93178 22.8624 12.005 17.3848 7.07134 5.11022
196.011 8.16115 15.8894 11.2249 6.79714 8.96136 12.3579 7.85222 10.0326 6.1562 10.5508 8.62886 8.1086 4.32842 9.59448 11.7714 22.5031
195.64 7.24099 16.1907 12.6426 9.77652 8.99181 12.1398 10.6485 9.80371 14.2934 3.68958 12.4044 8.0429 10.4851 8.60423 10.5359 9.74712
193.325 16.1517 8.91082 6.86926 8.30289 5.27246 14.6134 10.1231 7.98153 5.19037 10.6639 7.67238 4.328 7.96782 9.57368 7.76966 8.18415
183.041 13.9906 11.2904 7.4183 8.75999 12.316 8.7663 5.46485 10.8861 10.7341 16.7113 6.36679 11.0913 6.20761 11.7591 7.25764 12.9079
188.044 7.22667 8.16591 8.1181 9.89414 15.2068 16.1542 13.1624 16.3439 9.32226 14.4775 5.76253 4.22413 7.39597 16.6173 12.5207 11.4485
193.545 13.595 7.50285 8.73212 6.51424 6.23613 6.00004 6.03093 6.29824 2.73247 7.99129 10.6329 7.45068 4.54073 11.7314 17.8139 7.65385
188.617 12.6132 16.1201 5.96736 11.3817 10.7795 17.7293 6.59203 14.9111 5.6512 13.8941 9.92382 9.06977 8.46116 12.7924 12.812 16.5302
188.541 17.8354 15.2253 10.9722 3.58353 12.9247 18.1651 4.09335 9.71858 7.1158 10.883 7.55694 9.80621 10.4021 7.20933 12.6628 9.72685
176.316 17.7252 20.0797 5.94215 7.98533 4.43999 9.30704 7.3015 10.7473 10.1644 9.41916 7.97786 7.05983 7.33927 10.0059 9.91222 8.86741
191.038 14.1466 10.5554 5.35644 10.5521 6.07669 5.92594 6.41415 12.124 14.8239 5.38508 9.42963 10.4829 3.69891 8.37084 11.8026 10.0055
188.94 11.9592 12.2973 11.0463 14.627 5.36639 11.2738 8.57924 16.5186 6.58192 9.57548 7.78826 9.40167 6.88555 7.46737 9.54945 13.6938
183.663 9.49387 8.25247 7.65041 3.8021 11.9521 14.8801 3.24636 7.46067 15.106 20.0643 2.69703 10.3493 7.21968 13.1422 15.0278 12.271
205.651 8.15494 9.08036 11.234 3.6383 9.45813 13.2695 6.82592 24.969 15.6082 12.2808 4.45699 13.3048 8.11834 8.25629 6.50729 13.4593
177.76 9.40008 4.62495 11.7913 21.7601 2.40871 6.62248 3.03036 7.68513 12.3577 6.75584 9.79603 12.4938 15.0409 7.13087 9.03303 13.39
188.353 10.4287 19.3799 22.9006 7.94061 9.03873 8.18002 21.3108 15.2032 5.05489 13.1436 9.71158 9.76943 4.88956 4.4034 5.32254 15.9005
192.066 6.54054 5.66927 11.2625 15.0393 8.44127 15.8684 10.944 12.5163 6.92348 15.4016 7.07801 10.7955 6.16717 9.97187 10.2618 18.272
186.147 8.83625 8.20318 10.2599 15.118 7.90387 10.3223 8.41785 10.5413 8.12828 11.0034 7.39548 10.911 4.83534 11.7337 7.41161 16.7955
206.371 6.74904 11.7955 6.35998 16.5637 6.08638 13.7318 3.15517 9.28745 5.97421 8.48769 7.17907 22.9923 4.79934 11.4194 6.79174 15.867
190.424 3.43986 13.1954 2.54026 7.67013 18.124 22.4324 10.0412 7.30408 14.9575 13.5205 10.6321 16.7717 8.31819 8.30013 6.86976 25.1022
189.086 9.31187 5.5303 11.2834 17.5322 11.5885 3.49004 6.9446 5.24001 17.9057 1.89547 4.32086 12.1985 4.00376 7.3354 9.99251 20.5317
194.648 9.47171 9.90768 6.82672 12.4392 21.7029 19.0223 8.11236 10.3405 7.55644 9.81124 6.87514 11.8178 4.00724 15.1111 4.52611 18.5109
205.917 10.2973 7.16383 20.7477 13.3954 12.2989 9.26937 3.68554 8.82411 6.00656 6.64763 15.3781 3.7181 5.43165 9.74755 11.335 19.641
207.899 3.80285 3.02809 11.402 9.92573 11.6209 9.18175 9.72463 11.8551 13.6575 12.0971 8.85079 3.69221 8.2118 2.64343 10.8986 12.902
182.382 4.91417 10.4215 13.9209 8.95018 8.13338 6.16367 6.73026 11.6813 4.47157 2.48709 11.7946 9.35119 8.17654 6.34928 6.64672 11.3872
185.861 5.68906 24.6 12.536 8.89891 7.68678 11.8645 6.17177 10.3876 3.31679 6.98886 10.3492 10.3097 12.5698 11.5321 11.9377 10.0494
203.24 9.31208 13.6477 3.26175 4.92896 6.54252 13.0624 11.3937 6.5723 12.3826 11.991 10.8539 11.7532 11.0446 13.8879 3.53348 23.5481
196 19.0455 14.06 17.9 12.2064 16.6437 11.8613 6.27462 12.4121 10.3254 9.24769 15.3598 4.41328 13.3873 10.3233 14.8847 16.4963
189.168 11.4979 4.04285 17.0523 5.16766 4.58784 15.6001 6.53225 10.8402 6.49481 12.9291 19.0556 10.6454 12.7817 10.7582 17.6423 16.206
193.05 11.5474 11.3954 5.85737 12.2439 8.98182 9.63484 7.56016 11.3126 5.34379 9.3278 4.18247 24.2113 13.0047 7.39573 22.6966 8.98458
204.598 6.08978 8.87249 10.1081 10.8202 8.42673 10.7013 15.7386 11.0359 5.21161 9.32118 15.1857 11.545 12.1019 9.99222 14.0396 26.6728
202.702 11.368 10.6785 9.35575 14.8936 15.7367 6.33976 11.6768 12.6854 6.5663 6.00887 6.2229 10.3208 12.2123 15.941 12.8743 27.584
179.674 9.31459 10.7193 12.0136 4.33336 9.43811 8.26114 12.7762 14.7103 10.804 7.30391 5.02125 10.0303 15.6468 8.51873 12.1293 12.3915
186.207 8.23182 7.08285 12.4149 6.33573 7.66721 14.9113 12.2848 15.4356 8.90936 9.63645 7.48711 2.18058 7.23487 15.8479 10.2328 17.5048
199.815 15.8469 11.552 9.41381 7.29025 7.66721 17.1991 9.38254 27.0182 6.18969 8.35446 12.3466 9.07423 4.8032 15.3455 13.3914 18.0087
196.464 8.08537 6.35221 8.89981 7.24044 22.9454 14.2869 9.89666 10.0479 6.53009 9.55686 13.4327 6.31002 5.19864 10.8836 17.0705 16.6096
186.184 9.51521 8.68713 7.454 11.4375 6.11051 9.17817 8.56231 19.5931 4.54538 12.701 6.06185 13.9728 12.4712 14.3551 9.37603 8.668
186.226 20.3414 11.8358 11.6722 15.232 9.3137 5.53432 13.18 10.603 9.44298 6.43133 4.25986 8.40502 7.64443 8.10271 9.65999 19.6951
194.412 7.32421 28.2661 15.262 8.05224 11.4836 12.2924 6.30949 10.4588 15.4387 11.4111 15.0585 12.4575 9.97882 13.1245 17.8774 10.9373
188.422 6.55855 4.16611 13.5967 13.3078 3.05362 12.4145 11.7793 4.03601 7.75447 7.71703 10.0704 3.71301 13.9106 3.30749 3.21566 12.2272
193.212 10.1655 7.10492 12.1182 20.3214 6.51107 10.6693 18.3477 8.68351 10.146 13.7752 8.2007 9.08733 17.1844 14.9529 15.2605 9.42824
196.753 7.96538 6.95608 8.28019 2.76379 2.99951 15.1155 8.67211 18.7854 3.49861 9.60569 10.9125 13.6747 2.68382 6.59122 10.1154 14.3287
190.466 8.68647 7.3279 9.93546 7.20685 5.52932 16.4627 9.15496 10.2085 7.64571 9.83521 6.86586 9.11381 14.2716 9.61336 9.8234 11.216
180.763 12.238 8.02338 10.4425 11.2946 8.83904 15.4823 4.54473 5.45211 10.261 6.33627 21.0463 14.473 12.0579 16.5005 10.8528 15.7017
181.39 18.1954 5.1762 5.20682 10.785 6.17158 12.0901 4.54473 8.77561 10.0141 6.22252 5.3721 9.30907 17.3965 20.354 9.24653 16.8656
194.035 6.31417 9.4104 8.36821 14.982 12.1897 13.9617 9.07504 13.9025 1.8056 10.8895 14.6241 7.7382 5.85432 13.3709 7.31283 21.9627
188.121 10.0308 4.60366 6.73456 7.7047 6.24693 13.4175 20.9246 9.28318 6.86713 13.2729 6.21546 10.7038 7.87561 12.81 7.51245 9.46935
170.301 6.36715 17.9871 4.51714 8.89635 8.17737 16.1732 11.6265 4.32558 14.3175 6.10293 8.36283 13.9558 9.97507 11.3048 7.23148 18.2836
178.815 8.46358 5.12416 14.6647 6.96659 12.8654 9.66252 11.8226 8.9412 14.6051 8.38584 13.7675 13.6274 3.76064 11.4739 9.42203 22.5639
184.553 2.28347 3.94821 11.0621 13.8712 6.58925 12.8987 24.2935 4.09448 17.1157 11.0668 11.3064 20.0718 5.08604 14.1209 12.1216 24.0311
197.279 13.6408 9.33768 6.83059 13.4105 10.4474 17.5039 1.59443 9.75051 10.9931 4.45527 8.88577 7.89164 11.4598 8.30523 12.7238 31.9616
190.607 13.7444 15.4619 14.9098 10.0348 4.74761 12.0476 7.83741 9.51017 14.5484 9.30015 16.1763 19.9941 6.40649 11.1405 7.57997 21.8552
192.917 7.28275 3.99346 21.6887 6.7621 6.18996 8.03356 10.7764 10.2291 8.56693 10.5267 12.8303 2.9434 6.52194 4.48309 12.1334 23.397
193.478 9.75256 12.8992 9.4499 10.8114 9.57414 11.1389 9.11234 11.6218 10.053 8.82664 9.75271 7.66714 10.8851 17.8583 16.0208 22.1029
195.7 7.33331 16.0769 12.8159 8.97434 6.73659 16.0801 9.72071 9.80752 12.7956 7.2465 7.87186 5.1779 12.4606 10.6596 14.1845 14.9264
171.861 8.12763 6.72579 8.11299 2.01465 9.71215 14.037 12.414 7.89158 17.3609 7.67973 7.15634 8.30426 10.0269 11.0632 13.1249 10.7421
193.718 7.24113 10.6569 14.9808 4.87896 15.6906 18.7774 3.42289 3.15815 7.41371 6.66437 15.2383 10.1807 11.8407 14.8665 5.13832 18.0855
184.873 14.8961 3.10481 5.17241 7.92902 14.0861 9.88816 6.77655 4.49808 11.9355 7.99996 7.41753 6.18992 12.7042 13.9004 13.4152 18.6316
187.444 10.6318 6.19883 9.59835 5.8669 7.13253 7.14125 9.10145 14.7157 10.624 10.5159 7.29054 11.3347 10.0981 9.22416 4.15728 21.206
179.823 8.84111 10.8297 2.9132 10.1217 6.4206 10.3154 4.22603 15.1641 9.91531 12.1802 3.52422 8.81996 22.2043 15.9916 13.1746 14.0382
187.367 14.155 11.0537 4.19672 5.73373 8.23098 9.88478 12.3697 12.3039 6.37092 13.9587 10.8364 17.5613 15.7803 12.7903 12.1921 18.6569
188.781 15.1052 17.3279 11.8583 11.1305 6.44438 5.89379 4.8439 10.9602 11.635 19.0114 7.99068 14.0763 15.658 6.71677 8.08664 17.5107
190.233 5.61219 6.36359 10.4349 11.2165 18.3909 9.49038 5.12134 9.55325 16.2373 8.64645 8.56189 10.1176 12.2203 4.68399 18.2215 14.5249
190.647 3.57457 9.52739 7.94826 11.912 8.03764 19.497 12.9016 10.3822 7.80424 14.9655 11.0089 11.3112 5.90137 10.9526 12.8989 13.7395
190.411 9.90295 5.18257 6.17321 4.86095 14.8539 9.76418 5.52715 8.03487 7.58034 16.823 6.26236 5.5821 12.7279 8.91034 14.5448 10.7403
190.416 8.26767 6.46782 10.0356 7.25237 6.78856 6.70077 11.1201 8.33551 16.2169 25.5224 13.3703 6.72166 5.37479 19.2299 13.0788 12.926
198.155 2.09336 8.16411 10.8021 7.39534 4.34001 21.3712 8.95378 11.3153 14.806 6.85069 9.56206 3.96702 5.48058 12.0691 6.62398 12.8462
196.064 4.96598 8.20432 12.5089 10.5925 22.5208 13.0979 12.5243 13.8879 17.1419 10.0677 4.41426 9.9205 5.70767 12.7203 11.6358 18.6839
183.466 15.8138 6.69219 14.9861 5.39105 9.38686 10.698 9.65623 11.1705 4.39771 5.74881 6.36153 17.2887 14.3863 3.06336 11.0694 10.6408
195.77 8.44637 13.6305 10.1078 7.06142 8.65336 4.50743 11.2852 10.3252 18.2866 15.2146 3.03623 6.09071 18.3432 7.07879 13.0705 24.673
207.548 6.8578 17.3438 10.2321 5.68545 9.87092 9.40903 10.7648 4.96693 13.23 7.96272 5.35477 14.3151 11.7769 5.38025 13.0413 17.4699
190.26 9.96141 9.84414 7.90022 19.097 10.3899 9.41051 8.24409 7.35206 7.30045 5.31472 8.70541 12.6472 11.6525 13.0493 8.24099 14.5221
198.683 11.345 4.72222 11.6049 12.7208 6.82611 6.88769 18.3378 10.056 10.3097 10.4203 9.58974 5.05717 11.0878 7.22166 18.1557 16.7279
193.554 8.78355 15.8366 6.10559 5.4026 12.0376 8.80561 8.01948 7.43949 9.94689 10.5277 8.28838 12.5876 6.83149 13.2296 11.7732 17.7852
185.756 8.70255 5.20411 8.51918 12.2935 8.67774 8.5313 6.49468 5.27627 10.4834 12.5873 7.38644 14.3339 7.69496 13.4466 12.1995 16.1434
179.669 5.81467 9.85234 19.4544 11.3565 9.12202 10.4415 7.64 7.98514 7.74283 5.31729 6.80254 12.9604 10.2756 8.35762 11.5465 11.292
171.74 7.80929 9.17386 9.67226 7.21537 6.61749 8.91506 6.0541 11.8755 23.6543 6.23142 8.80634 14.2543 6.10807 10.8707 8.63671 10.5258
180.713 9.41643 14.7036 13.6865 4.00751 4.69141 8.12057 8.78902 16.0626 12.6483 11.1772 13.8392 20.3985 12.228 13.904 17.4571 11.0073
179.472 10.6872 7.87489 7.6506 10.3901 14.522 11.7403 20.6093 15.8377 7.69252 8.90446 5.75695 20.1018 7.89754 9.25499 10.8682 21.6038
175.689 3.69454 7.77097 1.91828 8.60478 5.25365 7.68231 9.82323 8.35151 9.71726 8.84802 7.51961 25.3482 13.5013 7.49199 4.8623 10.0538
180.792 11.3805 3.74638 5.28405 9.79688 11.4471 13.9593 8.33582 13.6194 1.52046 9.60336 10.1403 8.80127 8.46617 14.2175 11.8079 6.83997
173.8 5.86204 2.69817 6.66368 11.6937 10.0646 14.2617 3.229 20.0474 12.3711 6.21832 12.068 12.8832 13.6846 11.8345 13.0179 15.4595
172.786 5.77347 6.62644 11.8447 9.7009 12.8069 6.97038 6.44399 8.78131 6.3017 17.9455 9.78069 7.71299 7.78493 12.0785 13.2202 7.95338
187.547 14.1245 12.0155 11.798 12.0277 11.7063 12.9999 11.567 7.5891 6.35438 8.49161 7.78458 20.0208 8.65438 11.3428 8.5349 5.76076
192.057 14.8384 8.12183 7.60507 10.16 8.95594 5.40653 11.0428 5.3169 9.23428 13.5331 8.93179 12.844 11.2717 13.3294 19.3656 16.4169
189.64 18.1255 7.35318 13.3329 5.6036 8.77728 4.54088 8.41776 14.1173 11.8639 6.63569 10.1311 22.6068 14.4877 16.1179 14.2834 13.3312
177.201 13.9732 12.3297 11.6105 6.87746 11.0708 23.7942 9.3313 4.11676 7.67128 14.8772 10.1663 17.5166 11.1651 6.77341 16.4161 15.7529
184.372 13.3006 13.4159 10.527 8.78607 9.0038 6.31628 11.1258 6.42264 8.86606 20.1256 12.4761 9.16418 14.9009 8.60094 12.0235 15.5724
190.973 6.74939 8.48933 13.0137 15.9903 12.999 10.9485 11.1527 13.6035 6.80391 6.93858 10.4735 7.55896 9.49045 8.8081 8.52055 15.7662
185.21 6.14441 18.7504 5.53168 15.9341 13.3054 15.6735 7.77477 14.5352 14.9646 5.39807 2.71943 13.9691 12.2004 8.94685 8.37271 11.7045
195.232 13.9737 6.42621 5.45871 24.1239 4.7971 11.7357 2.84912 8.43098 12.1272 3.45182 15.2837 8.91093 11.756 7.97202 11.227 22.9586
197.283 10.1669 11.8863 6.09409 10.2678 8.86173 5.87578 10.8768 9.65852 11.5218 12.8022 6.53172 12.6346 16.461 9.97036 7.59341 16.3433
210.22 11.4768 4.2304 4.68932 5.81106 7.90367 11.9598 11.4725 14.7986 7.24406 5.47065 6.08988 6.92964 8.47008 9.17051 14.332 17.4688
209.501 7.28947 13.5059 11.3598 4.89651 9.02621 12.3456 15.4591 11.875 6.17061 8.92884 5.54271 9.6442 6.75537 7.21356 15.4045 21.2688
189.728 8.91443 9.10819 3.18634 20.0989 5.28669 9.85351 3.08462 3.14634 9.74256 14.0095 17.2546 9.46271 16.0429 9.69412 7.11242 16.67
194.256 15.2323 6.34602 8.44462 7.1937 9.42176 13.5691 11.8592 11.5037 8.33473 9.71732 8.55635 13.6735 4.24865 2.61724 8.95945 9.80886
180.103 5.13745 15.593 11.7764 8.90965 5.77479 20.8218 10.1292 5.74016 7.27387 12.2523 6.57793 12.1423 8.52702 17.6687 9.6037 7.60139
201.245 3.51937 10.0101 7.27952 8.83945 6.81123 21.9326 12.0945 11.7151 6.72434 16.5653 18.2889 10.2166 10.9517 19.9068 3.09177 13.6169
196.207 3.80255 4.26265 4.85427 2.66021 11.8676 9.54771 8.40733 19.2224 10.7227 7.87632 4.10911 13.1103 9.55566 28.9805 16.178 11.6519
189.472 10.9679 14.2092 11.1823 11.1281 8.1202 8.31073 6.57342 22.6809 9.67619 7.40746 13.7224 7.79732 8.99724 15.3019 8.80488 14.4029
201.687 5.14808 14.1984 8.48242 11.8562 5.90942 10.5555 5.2614 19.056 8.05795 11.889 5.11776 18.3531 4.60783 6.73226 5.31335 7.9414
203.045 20.615 13.6296 15.1732 6.82225 8.05111 13.4994 10.1509 17.4617 4.531 11.6383 8.88485 15.481 8.64199 13.0854 13.7117 12.1208
189.85 5.15926 13.1779 8.54013 7.43101 11.978 7.19179 18.3135 6.99542 8.93634 16.7198 3.29058 8.35096 4.05279 11.2273 8.42442 16.2071
189.311 6.55563 10.9572 10.964 2.83106 16.5098 18.8753 14.7345 12.3761 3.88261 6.17273 8.17457 10.1145 6.49141 10.0316 11.3612 21.4962
176.457 8.74079 14.0128 4.36571 10.6042 8.61127 13.0092 12.7499 13.0324 7.62362 12.0972 5.46042 10.9376 7.11165 14.8099 10.1831 12.6273
182.631 3.83605 15.2086 11.3335 10.0751 7.91165 3.56859 11.5614 11.4491 13.1867 9.37595 6.3655 8.37018 8.50193 8.7031 4.99628 31.7546
189.209 8.60317 14.842 9.05204 9.7203 8.25894 13.6089 15.37 10.8705 7.3064 6.79214 8.63154 11.6562 13.2437 9.32429 6.67773 10.6787
185.071 12.7272 3.89024 17.1016 8.4003 13.1859 7.09622 10.5289 7.74538 3.2711 16.4771 3.95667 13.975 10.8845 4.3771 12.5149 23.0862
175.2 1.53648 9.43009 20.6335 5.81359 9.10271 21.6194 9.60624 8.159 10.6332 1.9893 11.0873 14.3379 15.6286 12.8963 11.6601 16.7629
189.549 13.2729 9.91728 6.35565 8.40644 6.31567 7.04051 5.52004 3.30098 9.70308 11.3729 9.23237 11.701 13.2029 6.8133 7.49998 10.7186
196.376 15.9628 7.52569 10.9705 12.5954 11.0769 7.65396 3.48496 6.3018 11.5254 10.859 8.33044 11.3081 13.5516 3.38605 7.42664 8.48483
193.779 8.26087 7.53112 10.3466 10.8751 10.363 9.45686 12.401 4.36789 7.43117 14.3304 9.39746 15.1155 18.0903 14.4573 9.23675 22.5267
189.908 10.9938 9.25002 13.2624 12.8014 9.33386 10.4419 9.7598 2.41202 9.97926 6.8542 18.6829 15.5313 8.51071 6.29359 20.4436 13.4653
210.421 4.65661 12.6676 17.8624 15.4587 7.60776 10.31 5.79992 16.069 5.73166 8.52656 9.29768 5.54018 10.467 6.48683 10.5309 12.4625
187.171 7.59306 11.7253 8.58621 11.5926 14.1896 8.71929 7.108 4.29424 5.00553 11.5125 5.08467 8.11097 10.0553 4.5262 7.93549 12.6074
194.692 6.93532 14.9596 11.7058 9.89576 12.6154 7.9761 11.9488 6.79845 13.8436 19.2797 6.74609 16.5867 10.2123 5.95962 11.0428 15.2815
180.995 4.25234 8.33748 11.4212 5.48118 8.90137 9.87853 16.8743 16.9635 5.57976 9.82343 12.7294 19.95 5.92963 7.55958 16.6012 14.4826
194.32 10.6409 12.6717 7.39289 11.0166 10.1384 10.3477 10.2388 6.00288 6.39216 7.97732 16.0107 7.63081 9.07313 4.78835 8.96592 19.4992
204.33 11.3838 6.7348 10.8671 7.98626 4.03083 12.3495 7.73892 19.984 6.75299 7.97732 3.23795 12.8817 7.35764 12.4772 11.0595 10.8857
203.792 11.1995 11.5579 2.3503 8.98218 10.8393 10.256 13.0032 6.89212 12.0946 8.81761 5.64255 8.52095 11.6615 10.7192 5.0416 7.70151
180.812 7.54775 15.6706 8.40515 7.0046 13.8124 9.1858 6.51067 7.49155 8.5061 7.27682 14.4403 7.87337 10.2697 12.369 14.5149 17.6352
188.223 17.9394 13.1368 17.8857 11.7383 10.9409 8.04829 6.35962 6.37289 7.46969 5.48076 10.0209 2.21555 9.55787 7.19192 15.2201 16.9056
191.55 11.7659 12.9547 18.3153 5.52468 9.58825 9.24883 12.0946 12.5327 6.90093 20.2425 15.728 4.11487 12.0424 19.9327 18.7761 11.2577
189.665 8.54053 8.58393 10.781 11.1466 7.59352 13.3605 15.0659 16.8649 7.6895 11.4959 6.93862 7.33324 11.6628 13.4205 4.82697 10.5111
190.241 8.69011 2.08429 5.17354 10.2762 8.07641 8.32443 7.60518 9.31442 12.5767 4.4874 11.8166 4.25608 2.63744 13.995 8.19725 13.4663
185.709 12.1683 12.2037 9.58612 9.4389 10.4957 11.1773 11.08 9.53963 12.7525 19.6404 8.77183 4.1882 13.1057 6.92941 6.59487 8.28454
193.585 13.6864 7.54978 15.1893 15.171 6.43722 10.966 8.53696 12.3829 9.60428 2.52565 5.49546 16.1998 10.2747 23.0054 5.28977 8.58938
188.443 8.49584 6.36317 10.7099 22.3833 9.69821 8.90586 10.3964 16.5906 5.53752 7.81595 11.1779 12.1234 6.1073 10.3551 7.12794 12.1516
188.281 19.6314 12.6891 20.2906 7.61245 10.2152 7.66721 11.0318 4.76676 11.9731 4.02971 6.14609 7.69482 5.23147 10.571 14.1607 25.3008
200.886 11.1123 7.80833 5.37832 6.23901 4.89371 8.06695 7.08293 14.4008 5.72079 2.58441 5.32427 6.49035 6.01984 13.2336 15.1463 11.8816
196.054 9.90356 8.75423 10.5154 13.3315 8.32329 10.8803 9.05823 11.0015 5.74252 9.75467 6.03569 3.82847 7.91897 21.0289 4.27463 21.7796
195.743 13.415 9.27381 18.692 11.2068 9.61343 14.3487 4.66524 7.84444 6.40381 5.02749 12.1165 4.73663 9.28957 8.94278 8.15443 15.2167
204.692 12.2282 14.3964 10.1359 11.4551 7.81397 15.9944 5.17489 16.7252 7.78542 8.99521 13.4519 3.39667 11.2699 6.98133 16.7988 23.6663
189.535 12.2728 9.45344 10.5734 15.5436 8.54702 14.3591 5.97331 7.75454 24.1079 6.02261 20.5082 9.65919 14.3522 10.0185 9.43196 12.269
181.604 10.1437 8.48905 15.3164 5.31534 9.12908 9.37497 6.24308 12.8468 12.8439 21.158 6.05932 6.24932 16.0201 8.88466 9.0987 8.34455
179.422 12.9898 8.70305 18.2118 4.56369 12.6117 8.01075 6.01972 6.2928 11.7602 22.3939 11.3341 5.95081 19.9166 4.24917 13.7895 20.014
177.527 11.5749 12.3528 16.068 12.9595 12.9819 15.5987 8.07049 11.227 10.249 4.54577 12.0605 8.09824 20.6425 8.31366 11.9438 16.4118
193.535 7.01332 20.6359 9.22257 12.839 11.6742 3.64388 9.13238 11.2739 16.4967 10.56 7.11646 14.488 10.4598 11.8344 14.0004 14.8575
187.531 9.36907 9.64616 14.2512 4.7997 3.74366 3.9055 15.137 5.81767 9.36261 8.15638 7.12052 13.8245 10.9578 5.60329 13.108 15.3073
190.753 5.55043 13.3948 7.8446 12.3334 6.06803 7.46575 13.6764 8.85731 10.2128 3.95874 6.04937 11.0726 7.45378 7.90641 5.92421 22.0635
190.639 6.10517 8.4718 12.9246 3.20488 14.858 6.45588 10.4593 9.55367 4.94984 8.07803 13.6844 8.24615 7.44718 19.2123 10.8377 20.2217
193.951 10.377 11.0781 6.33808 10.4345 20.2903 7.64871 13.6231 6.58471 8.94066 12.2423 5.97124 7.73005 11.1817 11.8589 19.4356 6.95706
201.606 8.26994 6.18626 9.5947 3.07183 11.2229 6.97379 11.006 11.802 6.65355 15.3551 7.93973 14.0069 6.68903 14.5592 23.4995 10.4456
197.059 11.1354 15.3381 6.74764 5.77782 5.05817 8.45569 4.15111 15.8377 3.89704 5.6522 4.41325 10.2096 17.3217 21.4015 6.78071 15.1798
205.023 6.71538 10.4115 13.5728 2.72998 13.4342 10.0183 4.58648 10.5137 23.5912 7.33892 6.78183 5.63986 5.88032 14.87 12.0366 20.9223
201.938 7.8525 5.80919 11.7795 6.34176 9.15131 10.8507 15.0349 10.0003 10.2135 8.76073 8.34437 6.82679 6.24708 5.41959 3.88997 19.0246
186.223 4.92869 13.5201 14.3868 9.53229 16.2575 8.90923 12.9025 8.37978 6.38186 7.67157 11.3425 14.3609 15.7584 9.94091 6.55989 17.7617
192.373 13.7264 17.1376 8.34874 8.80923 15.9906 5.73428 8.88476 14.992 8.30015 9.16946 15.9127 6.58184 14.0056 6.26328 14.4536 11.3345
195.59 17.355 4.55869 6.52734 9.31269 16.5081 7.75589 11.6309 16.757 15.952 14.3158 10.3765 14.0552 8.82151 13.3121 18.138 17.8605
179.681 10.0136 6.32901 8.96129 9.55241 18.6776 15.7985 5.53236 5.46486 6.4335 11.7836 12.2403 8.6772 5.44835 18.3325 11.1646 14.6135
182.678 13.4523 2.69576 4.79316 6.01754 14.6463 6.09819 10.2543 9.03903 8.42052 16.9663 6.15751 13.4156 18.8415 5.77365 10.6818 14.1854
182.656 6.19729 25.802 13.4794 3.98823 15.495 13.0444 8.04503 5.85191 12.2186 16.6382 10.5306 7.91041 5.65622 12.5984 7.32286 9.47496
187.184 6.90574 6.82879 7.91567 7.90819 7.15395 7.66651 9.74145 14.4845 6.3169 14.4937 8.0151 10.9112 15.3224 9.60995 12.544 10.9021
180.402 6.02797 13.7007 19.3805 7.26496 9.42136 10.0509 8.63407 14.7915 9.58344 11.5166 6.5887 3.84361 7.22905 3.80037 7.49646 12.2871
185.626 8.69577 4.72903 16.711 10.7177 9.48585 10.8268 5.33859 5.83355 9.08443 4.54215 11.5646 8.86058 8.69721 11.4445 6.6525 16.1975
193.577 2.82706 7.54018 10.0042 22.835 6.31132 7.1492 2.30513 8.40283 7.7736 8.53894 5.43704 7.54802 3.7285 11.5829 7.86977 10.4604
193.633 4.71854 22.0319 12.4786 22.7551 6.36335 8.60102 11.6567 11.0527 6.78494 5.74476 8.38058 8.00473 7.07597 11.7566 4.99032 14.3015
192.223 18.3642 22.5794 18.709 23.136 11.1881 14.868 11.7735 7.95397 12.4112 3.80152 2.82853 12.641 6.11017 5.4495 9.20845 9.23611
199.452 8.40962 6.71026 11.8159 24.5265 16.0475 7.32635 6.34907 10.299 7.31358 5.39619 7.72493 9.32087 8.49634 13.8154 13.3555 18.9663
183.068 5.60013 11.3378 13.3489 20.5565 11.2746 11.3817 11.8551 4.74615 17.2929 12.7011 6.80658 15.1914 8.41452 11.8841 9.28522 14.6259
190.023 10.3601 15.507 16.7492 6.68912 8.75408 7.66284 12.0778 9.71597 20.4333 13.8693 8.40807 7.66433 6.64382 7.58296 14.6399 18.0355
178.442 5.97991 5.18648 12.9218 3.15114 5.34591 5.59264 8.50644 13.6351 9.42417 13.6353 8.15243 9.72052 4.26223 11.1738 5.7767 17.8794
181.354 8.02189 5.96291 4.53412 11.5123 13.5299 8.0078 10.0222 16.9232 8.56018 12.5269 12.8688 16.7603 8.1389 18.6885 9.78438 12.6647
187.889 3.82569 12.87 11.6902 5.11101 3.13576 12.9988 17.2158 7.17312 9.09331 11.3413 5.90015 9.99354 11.5242 18.3712 6.73609 21.6973
177.46 7.71161 10.9907 7.04806 11.4449 13.7712 9.4011 10.1276 17.3588 4.9705 14.3036 3.35071 13.4628 11.8999 12.8094 12.0387 5.62974
202.9 5.8724 21.3694 12.3102 9.07178 6.89162 12.9163 8.76276 11.7199 8.86702 23.3101 7.18508 16.4913 7.09755 5.35886 7.23575 21.9198
182.03 7.7734 4.50184 12.3188 16.6609 11.7681 17.326 8.91971 13.9166 9.50172 6.35089 6.99288 7.23762 7.3115 15.8791 6.12409 8.32114
189.368 8.0609 7.58697 10.9604 9.89018 14.8366 13.8801 6.72022 18.7692 10.2896 5.28902 15.5884 11.8582 6.38301 4.94751 18.3282 13.1848
202.125 4.16522 8.0566 9.78873 18.8643 9.61826 9.67661 10.0679 9.37473 3.91214 11.579 10.1161 12.0143 9.87081 13.8901 20.3741 15.555
190.34 7.19387 10.2984 7.54492 13.5461 7.16541 11.7261 8.24745 9.41182 4.25066 12.5864 8.53101 8.55055 15.2008 9.60812 11.8884 21.432
203.85 12.1412 10.1958 4.03628 2.82738 8.16847 10.6617 11.7667 16.2912 15.2064 10.2461 8.36977 16.1654 12.9235 12.2184 16.4759 10.221
187.295 8.32385 10.0665 11.5168 11.4987 12.9129 16.2017 7.32492 14.8182 7.89362 6.22363 7.71137 7.12905 12.2864 10.2135 17.6748 10.147
192.027 8.06942 9.50961 12.9271 13.2259 8.48293 14.9201 11.8389 8.15385 9.13143 6.23851 6.71362 7.40366 8.54084 8.02642 2.90606 10.2113
190.809 14.2805 7.85803 3.5211 15.5642 3.437 6.66433 7.83817 3.3848 4.11358 5.30812 14.8718 11.812 5.15524 6.74927 15.539 7.44889
193.758 14.8061 11.6539 8.05631 6.14785 8.9691 15.799 6.6584 10.7006 4.62622 14.4967 10.8198 7.6123 9.89499 4.0368 21.1999 15.4264
195.9 5.71591 5.27381 5.24879 8.52228 6.81433 12.2781 9.71704 8.19963 14.6007 6.93272 7.4069 12.1316 15.3993 6.28588 9.11306 16.3041
181.357 8.82924 12.9907 11.4858 8.31496 11.6079 6.85643 16.0218 3.90175 9.51083 5.70757 11.3535 14.1266 11.1819 18.5332 13.4161 12.8911
183.813 9.76692 1.99447 3.69007 7.14148 8.97702 12.3688 4.08626 13.2428 5.44333 8.13862 6.7255 17.2929 5.12301 14.9062 7.46497 12.7005
192.389 8.23847 12.4161 5.9132 6.48356 11.0545 21.9041 16.2703 14.0982 15.1105 11.0316 7.46666 10.8706 10.989 10.4547 8.05866 10.8206
182.223 9.67333 11.8775 3.20221 8.7702 6.92676 7.342 15.333 6.33632 18.7242 11.5846 6.7931 13.8337 7.84454 14.9991 5.16885 16.9885
206.638 4.28096 7.70641 29.3083 13.0812 10.3818 15.2593 12.6898 6.29007 11.1976 4.14583 6.39968 17.4534 12.2151 9.04461 15.519 13.9281
216.01 6.84874 8.32892 10.1265 13.2378 5.20385 19.4752 5.90538 4.1395 13.4127 7.13309 8.6485 11.6089 6.05525 14.789 21.8622 7.02612
203.653 4.87726 7.86705 17.7259 4.75239 5.35741 13.7542 20.9033 4.94355 22.9839 9.3316 14.0328 10.8868 5.57995 14.8395 7.69923 11.8566
199.076 8.91149 5.75755 9.18944 4.37443 6.34838 5.16482 7.84952 12.576 13.9781 4.37378 10.9593 11.0281 12.4112 14.1861 9.75537 14.178
178.656 7.73018 15.592 8.58085 8.6323 7.08379 8.0207 6.23329 13.9389 10.7723 9.73077 3.46663 8.69171 12.9359 7.54611 19.4147 14.7447
175.281 5.95349 8.71451 9.30272 7.77126 7.33719 15.2879 25.267 5.56856 14.3466 19.6089 8.43124 5.67127 5.61698 14.1255 17.9068 16.3258
186.531 6.56481 15.8433 8.83639 13.6582 9.07397 13.1305 6.47699 4.51018 13.4411 11.7625 9.0802 12.3714 4.36188 7.46025 12.3099 16.2767
182.522 4.28745 13.0286 12.6953 13.7117 11.878 16.6832 11.531 6.00107 8.10342 15.7202 5.78464 7.52177 12.5426 13.3263 13.488 16.8544
164.829 7.63059 6.64946 9.93722 10.7774 6.79478 6.81487 8.66481 7.59547 15.3318 5.68721 5.45357 8.89086 7.67538 17.273 10.8065 12.3542
184.251 2.9299 6.11712 9.0612 9.72349 12.9612 8.90525 5.95624 9.60244 11.4527 4.17757 15.0129 3.32657 13.5505 5.10652 3.78498 9.28313
175.117 7.79842 6.5631 8.74762 7.03497 17.8294 10.2121 12.8974 9.21571 12.0171 7.66925 9.92014 13.5238 17.8694 10.7672 9.00029 18.408
190.973 9.66399 6.67906 6.75445 14.1363 8.08326 16.5741 14.1961 15.5967 9.61115 6.52105 6.09731 7.65484 12.1118 17.5614 18.873 14.1593
192.95 6.53079 15.3506 8.60807 7.06251 14.8987 7.04018 13.9942 5.73762 10.9149 12.1047 12.1216 8.87925 8.61923 9.8572 22.0848 24.2364
184.913 6.67193 12.3751 9.73162 10.1957 2.64704 15.5306 8.97921 9.51791 9.43024 9.67529 4.93691 7.35852 5.87809 7.33523 12.899 12.2124
197.709 10.4358 7.33051 12.2883 8.96523 2.65062 5.82452 11.4015 14.2493 10.453 11.4626 11.1766 6.8353 10.5078 7.31665 12.4627 14.7003
180.948 10.4246 4.98522 10.0976 6.01799 33.368 5.46941 17.3199 12.8159 11.8207 8.57366 14.8577 14.1273 7.51285 14.3233 17.3299 10.0877
182.224 4.79189 13.3004 16.7149 12.2306 12.1318 9.64124 4.61031 8.43383 5.78627 14.9023 6.35648 10.9387 6.79907 19.4809 14.4639 14.8087
194.662 5.96432 10.6217 11.3535 7.50749 13.0267 13.8462 2.57609 10.8405 4.32866 10.8599 12.3358 1.55653 9.21112 5.89479 8.17803 14.9399
181.721 10.8182 7.02805 7.96473 8.40026 13.2217 6.03863 8.83915 3.5273 8.42947 5.02307 5.20709 9.85758 11.9443 16.1251 9.09967 10.8657
195.362 4.66902 7.48585 9.64982 15.1738 8.76381 13.9345 10.6927 14.1572 3.13077 8.85174 13.2664 9.48688 10.5064 16.6162 20.945 28.1124
198.064 7.99164 9.15177 17.8937 5.70347 8.87053 14.7347 9.80492 7.09499 11.9425 19.2814 13.6597 8.35447 7.52438 7.3466 15.6166 16.4647
193.959 14.2516 12.2975 19.4154 7.10847 6.33468 4.18677 5.08033 8.17846 6.98644 7.36491 10.2304 13.8972 4.45194 7.18747 12.8112 7.52596
192.212 20.3799 9.12753 13.4788 12.775 6.8537 11.7802 7.07326 10.7332 13.0068 18.8014 7.57447 12.1539 6.37241 10.2902 8.00427 19.0698
199.358 12.0548 6.85502 12.6888 6.40992 7.30037 11.101 16.517 6.67805 14.0118 8.16358 7.67563 15.2632 9.22347 15.351 17.8083 13.394
170.981 12.4809 15.3712 8.11145 20.0046 9.00166 14.1088 8.787 14.8283 6.21043 8.0793 14.0725 11.3697 7.46503 12.6726 10.4955 16.1383
180.359 7.95729 14.1567 7.90593 9.43815 12.1201 13.2932 3.88468 13.7696 15.2242 2.69909 8.24501 13.2759 11.4066 4.68988 12.3076 16.0869
190.521 6.48166 3.72937 11.6272 9.81249 3.52934 17.0493 3.40625 9.14084 8.79823 9.63447 9.47069 4.23247 8.44997 7.05899 5.35977 14.6518
189.677 3.17237 5.86913 12.4027 20.2774 7.4875 13.221 4.87322 15.1569 4.93492 9.18394 13.8255 17.8298 12.2651 9.79151 6.2833 11.9361
179.716 4.5297 9.63204 12.8588 7.01823 12.0502 18.5454 7.39544 22.5171 13.071 14.0682 15.2394 11.4141 13.467 10.729 10.4016 11.2652
191.4 6.68295 7.36751 10.178 7.70244 14.5937 13.5756 12.6248 12.192 9.1616 5.3964 9.91958 4.6166 11.3863 7.56517 14.2016 8.77953
188.205 13.1013 14.6788 9.6152 6.84311 8.42133 4.93504 8.83265 9.55991 8.58049 9.51897 6.17004 15.376 10.488 3.98833 16.5758 18.2223
187.373 4.52677 5.25036 5.98938 5.80517 10.3169 7.02185 4.21629 10.5719 14.5506 16.0787 13.5714 11.384 12.3516 14.5296 14.8085 14.3746
186.551 7.42421 11.6299 11.8179 6.37075 7.04665 4.53198 7.6297 14.3929 5.82739 13.023 6.03885 8.03864 7.60907 5.50783 10.6036 16.1782
178.412 7.32871 6.55409 8.15996 5.73547 19.378 8.39623 9.47324 6.24059 14.1349 17.1306 12.552 6.64855 9.63049 7.04926 10.0645 22.4242
180.944 5.50746 6.84492 6.1162 10.6501 12.3381 15.1803 13.6029 5.54425 11.5489 9.14231 8.67592 8.01511 9.97372 11.4187 11.9284 15.4777
178.354 4.40392 18.2529 5.42973 14.2229 14.0404 18.7669 13.7031 8.93182 8.67008 5.33404 19.3959 4.07676 14.4154 20.174 10.2897 9.08859
183.611 8.04932 7.94235 11.1035 5.37601 9.23556 6.8871 11.6697 11.7447 2.59739 6.77983 15.7413 8.93345 8.65031 8.11985 7.17064 15.0584
192.167 8.32141 9.11124 9.18517 6.62173 9.04262 7.12337 4.61337 12.7243 8.5126 10.1102 11.0623 15.744 4.28992 7.66214 13.105 10.1468
189.199 10.6859 5.9529 5.30349 5.30904 14.7128 12.0683 4.02018 12.7429 6.86403 13.994 9.74375 5.47048 15.2178 10.2245 11.5003 15.7237
182.294 5.31925 4.21201 15.8392 8.23374 10.8427 12.6804 8.57417 9.04311 6.06372 5.51283 6.86943 3.12068 17.1837 8.78119 9.98148 13.2004
174.614 2.93964 6.06093 14.438 6.00923 12.6222 12.8362 8.56273 9.31561 3.67868 12.6239 2.57159 6.98738 11.4289 11.8615 12.6748 16.9038
185.518 6.92259 10.7077 12.8758 8.10356 21.0655 10.6399 5.73554 12.2382 4.37717 9.277 18.0323 9.89516 13.8743 14.2039 6.27024 13.1692
178.952 13.1013 7.74545 9.48976 8.12229 20.6422 8.59044 3.24193 5.50187 17.6394 7.11262 4.81742 9.73591 9.26837 11.1327 16.7682 20.7563
195.24 12.6728 6.43755 13.8358 12.625 2.20692 11.1543 14.0696 15.4595 9.1239 3.60834 9.67774 7.2897 14.3768 4.84133 4.12307 22.8303
187.072 20.9507 7.28333 11.5099 14.5355 16.3674 11.3408 2.47742 7.46736 5.35792 6.35076 12.1694 16.7078 16.6939 4.84185 8.40918 17.4742
206.496 8.54655 9.53352 12.3097 15.0795 6.99971 3.17467 19.8379 6.16411 12.3428 14.7259 2.15979 11.9457 12.8618 7.25043 13.3946 10.306
189.141 3.19273 8.5602 22.1783 12.0179 8.12903 8.90323 10.3637 5.33674 3.79463 11.6437 6.64031 15.457 8.04522 13.2318 13.9681 6.15302
192.333 6.76579 22.4751 2.69731 7.88452 10.2729 7.7502 13.5648 18.9552 8.07566 8.39392 11.3322 2.80623 11.3224 10.6291 12.5704 17.0433
194.026 4.92647 11.3952 16.0254 5.84557 8.29919 12.6767 6.31393 18.3704 8.2271 5.27711 11.1019 8.04249 13.0161 15.4764 11.0804 5.80484
193.995 12.8512 21.8368 11.5077 9.47328 8.40335 10.3162 11.1725 11.2423 8.45198 9.79179 6.84702 7.59432 9.80483 16.1682 5.62358 7.41026
198.317 9.99207 11.312 11.2 13.6265 5.57403 9.65792 10.8482 13.9926 17.5222 13.2775 9.74514 15.6312 9.41896 4.50462 9.08146 14.2471
186.164 10.209 3.152 7.45116 10.7194 10.9449 13.1724 6.27645 8.76777 2.80822 12.603 12.6256 12.6148 7.10283 19.925 6.14343 5.71314
181.919 14.5837 12.6291 12.3673 15.8618 6.57258 12.8657 5.75507 9.71485 5.66532 8.40855 4.60057 10.6011 15.8703 9.96903 5.68974 11.0972
190.6 13.2311 14.0009 12.844 8.18119 5.98489 11.5494 6.95513 6.07805 7.71419 13.9427 11.5937 7.50017 6.31003 17.7904 6.93396 15.3825
180.689 7.0097 12.0417 7.68026 14.4983 5.97746 5.15043 8.4237 6.4898 10.4519 8.8259 10.0802 4.49647 13.9622 15.913 4.59056 19.5136
189.878 20.4715 13.3211 3.40345 8.9362 9.24871 11.5397 4.7376 7.76941 7.37751 11.3697 11.3147 2.06107 9.39353 15.1821 12.6924 27.0449
197.053 16.0673 14.8517 21.9907 5.1469 13.8817 10.5465 7.53915 10.1582 3.11979 6.8893 5.56422 4.6309 13.3167 13.8623 16.1927 18.088
198.944 10.6432 9.93842 19.2667 10.0581 9.92337 11.9789 8.78238 11.064 1.21474 6.21743 4.77156 5.63632 14.7308 7.13117 10.8358 14.059
196.325 6.30427 10.3713 17.5547 9.17837 9.45937 27.8379 9.15211 18.1189 10.0997 5.59123 16.3527 7.76697 11.5702 7.87855 9.31661 17.4964
190.149 12.0593 6.50355 3.03852 8.72851 9.73662 6.90584 6.18763 11.7605 8.63808 5.38449 13.1262 9.6307 9.91513 15.3606 10.0952 11.8798
185.527 14.4669 11.7784 8.9921 17.3472 8.33738 20.7724 7.41148 12.6494 10.715 3.93968 5.56538 16.4463 9.30746 14.9523 12.392 6.56773
175.327 19.0109 13.4699 8.22973 17.2129 7.53397 5.76438 5.14603 14.3493 10.5363 11.9817 4.47923 11.6798 12.8092 7.65228 6.63441 6.03233
200.948 6.7937 9.18285 8.37284 6.42928 8.64154 13.8282 6.71879 8.20353 5.289 9.40784 4.34286 7.94893 6.24622 8.95898 6.69565 18.0622
184.858 5.14666 6.61241 8.04888 7.67742 9.97972 11.3203 8.4941 4.29919 7.32582 6.70839 5.25417 8.52134 6.76876 26.0322 6.78782 13.5477
171.404 8.93009 10.3658 3.1179 12.4409 7.86527 7.54901 4.16552 12.9762 6.78292 3.27437 8.73854 19.1494 6.41797 9.22408 9.72844 16.3918
188.281 12.9168 2.61193 12.8781 9.75323 11.5184 11.8605 12.7772 5.63802 9.90005 5.18135 10.8239 3.15911 14.4945 9.1401 4.93005 16.9573
178.87 9.26682 8.11626 10.1636 13.413 22.4951 12.8131 11.7535 2.88253 6.87586 15.9844 7.27486 13.7906 5.8086 20.7764 4.23866 17.9864
181.049 7.69545 11.809 3.9495 11.9795 5.59044 10.8213 8.30779 9.70329 12.8735 6.17944 3.01336 14.2193 8.90382 12.9745 9.9445 12.8713
199.322 5.64273 8.29327 16.5006 15.2598 5.00412 11.3473 9.89451 7.11122 12.6775 5.98392 11.8406 8.67977 3.85662 7.54233 12.5128 22.8972
188.47 19.8065 8.74182 20.8157 10.6786 9.40097 18.134 9.84907 11.9814 6.6821 5.03109 4.07426 4.90434 11.3022 9.0043 15.8282 13.2683
189.258 13.913 12.1078 7.92657 17.5299 8.42632 24.2835 11.4482 4.79084 20.5747 5.63439 9.85377 9.6578 5.43214 13.308 10.554 10.3806
188.916 12.0999 13.9816 16.9204 10.0172 9.6441 12.2657 8.51617 18.4455 8.8117 13.1086 2.4706 9.03686 12.3202 9.05825 6.97672 7.37882
185.166 7.41585 9.53845 9.73301 5.77347 10.1895 8.64369 7.26618 13.1951 7.89337 4.95323 13.0254 4.67432 7.85297 17.2874 6.27458 9.97425
179.579 8.0559 6.62373 2.90868 8.94444 15.9807 7.32713 2.56129 10.2351 3.94865 3.27591 3.42378 5.96676 3.85508 5.43193 6.63678 11.6946
191.879 24.3474 9.26218 6.58394 8.85921 7.81703 9.58544 9.30454 12.1766 5.26223 6.78144 6.21538 9.44379 5.78342 4.11213 5.01243 11.7163
184.851 13.7232 12.3899 9.02723 10.2673 10.236 5.84659 10.3019 8.08707 5.13814 6.26477 18.0587 10.3477 4.68903 18.5412 5.92714 13.1799
204.288 12.9581 5.80323 4.01211 4.87124 8.5406 5.13644 11.4083 10.1494 14.8572 6.36412 14.5525 3.60334 11.8471 15.7031 10.2416 8.37793
189.741 11.935 19.844 9.6546 7.82509 6.82969 2.94378 4.34428 11.1546 17.4012 8.4839 14.8552 8.55561 7.84768 10.9653 6.55639 26.2374
194.134 6.87195 23.8939 7.23951 5.43071 19.9779 9.79279 2.923 9.26046 5.39071 7.98426 17.2765 10.4812 11.4597 14.8261 5.22457 12.8821
185.002 8.47873 14.3062 13.4376 6.61316 10.9789 10.4434 14.7248 10.6608 2.81248 9.35262 13.4882 10.5571 6.57373 19.7124 11.8505 14.6926
200.675 15.5304 10.213 12.2394 9.95291 16.7941 6.87612 8.16286 4.29495 9.06349 7.1348 8.79936 10.3944 8.58398 10.3876 15.4123 12.9585
192.732 7.00885 8.36555 5.26084 11.8522 3.66986 7.38884 9.03986 12.6552 6.2728 7.53769 6.7229 4.65185 9.90097 15.684 19.6717 11.165
189.595 3.12201 11.1779 6.1982 16.8914 15.582 6.56132 16.3206 13.1132 9.27009 10.5368 13.435 4.50975 14.4445 17.6944 13.6716 20.4471
198.693 4.67167 11.3116 6.23289 21.7764 17.4558 14.3291 8.35778 6.95155 10.8634 12.3714 12.8696 9.64054 8.81755 12.7929 10.4176 6.01963
180.732 6.43876 11.0043 7.67977 16.4307 7.49886 7.05045 10.4105 18.2998 5.46103 13.6183 16.9042 5.19438 4.99509 15.7966 13.4893 14.0291
194.41 5.14942 12.9006 10.3215 15.8915 6.56919 9.04961 5.15347 7.11128 18.1804 6.44464 5.0884 6.86152 11.1318 8.21159 9.49485 10.6677
196.12 17.1117 11.7199 7.41382 9.61819 8.77169 7.21567 6.96469 8.2306 10.2094 11.1259 11.6163 12.6084 4.71789 10.2858 6.33077 12.6222
181.288 14.9809 14.1621 15.4712 3.17043 11.2058 8.24534 7.77661 20.0686 15.4624 12.7876 9.87908 9.84982 12.6015 10.3358 8.40034 17.8084
183.325 9.15272 14.5191 11.997 10.9025 9.75494 8.69994 10.6281 9.98372 5.76598 7.47604 12.9779 10.1665 18.6373 13.3385 8.37206 17.6624
186.449 12.4057 3.86886 11.2948 3.07171 6.92285 10.5229 4.26152 12.8531 4.11362 12.4387 5.332 14.7227 15.8567 8.26815 16.5328 21.4356
180.58 10.0158 4.14842 15.6853 4.9934 7.8045 7.78121 10.5504 11.4184 8.64678 12.8589 14.4068 7.24003 4.8587 10.5121 4.16811 7.31994
200.295 15.9549 10.4666 14.8043 7.05777 3.74379 12.0233 7.92135 11.9089 7.4764 10.6442 7.94051 11.9787 5.18215 10.2933 5.35469 14.2469
183.377 6.38299 5.49513 10.0251 14.8737 11.4695 5.22969 17.3408 12.0029 7.66388 18.158 4.74718 16.8139 8.23613 14.9402 12.0678 6.29143
181.153 10.654 20.7552 14.9005 13.4437 7.95039 5.69909 25.2681 11.0751 9.84516 12.9294 3.73888 16.0183 16.9428 14.2224 10.9736 20.1495
193.726 7.50769 6.80056 13.9006 6.68104 6.17559 9.2479 6.96026 11.5105 8.73862 10.5336 7.91213 14.2509 12.253 9.70589 10.5838 16.3899
187.564 5.23259 6.28873 11.3138 20.724 9.62259 14.264 8.35416 8.22057 6.34292 13.5998 5.19893 13.7054 12.7539 12.0336 12.3221 16.1913
188.684 21.5138 14.613 6.40758 7.13153 13.6541 18.8814 20.351 9.2245 11.7942 8.51225 6.94495 15.9315 6.92231 10.214 16.6544 11.7194
193.793 16.4187 9.55818 11.5121 3.60089 16.6842 11.5689 15.032 2.57255 8.5599 14.3225 8.32345 14.6815 9.10886 7.44064 17.3956 17.8657
193.135 3.29872 14.3866 9.22067 8.40489 9.52612 14.6624 7.68128 7.05377 11.0024 13.1579 12.4231 13.4097 9.00994 12.7117 12.422 13.8423
188.051 6.5056 5.26983 6.97085 11.5441 9.01557 5.364 6.44027 13.6124 17.2483 4.79848 11.8735 17.7248 14.7341 15.6423 7.10812 19.4396
188.796 11.4564 24.5637 13.0979 8.4046 8.87119 8.8512 5.1423 15.3601 12.4261 9.18764 8.4098 13.8437 9.01797 11.1477 13.5227 25.3001
189.154 14.6017 11.0172 8.84416 8.11359 14.8643 14.6419 9.50015 12.336 7.3698 7.26722 13.1312 13.5355 4.78724 12.9628 12.8683 17.1829
188.871 9.26745 10.7213 4.20933 13.622 11.1862 7.70097 5.70664 10.8645 7.63829 8.24324 4.85048 7.82934 5.25438 7.9113 18.1671 17.5774
178.671 5.15437 13.2522 5.41928 10.087 11.4485 7.62995 5.17984 8.28126 10.388 7.56312 11.1005 6.42729 7.04389 9.39515 5.6351 12.7826
197.861 9.57172 10.4558 9.40397 5.61612 11.505 10.9469 9.81811 7.3949 2.96705 5.82383 14.7684 10.8705 7.19521 12.7539 12.9928 14.6981
200.65 8.82536 11.6888 10.85 8.20567 5.53643 20.125 6.83096 11.1419 11.3758 11.9826 19.8613 12.3085 6.45159 10.7042 20.7763 8.97983
188.031 12.0266 14.3115 14.626 14.1498 6.51826 10.2485 12.1945 7.19056 4.5531 11.0574 8.12524 12.4524 16.3766 8.91577 21.9066 9.72862
192.63 10.9418 5.4492 9.87673 7.59746 7.42978 15.2913 16.0143 6.2403 9.62454 6.88402 13.3412 8.23913 11.1347 4.9025 11.6074 15.2616
197.21 17.6015 16.3988 15.8577 9.69763 9.75387 17.9755 5.54303 4.76189 15.2919 3.04615 14.1311 8.66177 4.401 8.40746 10.4288 11.3545
193.235 10.7739 9.91797 6.33987 7.14528 4.14371 11.7744 10.3695 11.0427 11.823 4.25226 11.276 5.66509 7.62273 14.3321 16.843 16.9195
186.459 15.2301 9.60555 9.72124 8.94649 13.3923 11.2841 7.24484 8.19158 11.6427 15.4042 8.07125 14.8701 7.25243 17.9209 3.3088 14.2957
185.356 5.89065 8.27281 12.4138 11.9923 13.7534 20.8992 11.8768 7.87074 8.53103 3.27744 9.63516 3.17805 4.37144 9.38209 9.48769 12.3612
192.037 5.31803 4.38929 4.10268 1.66022 10.9619 12.8042 14.1998 8.87691 9.79674 7.34413 6.9096 13.8493 10.7671 12.2099 7.8872 24.1988
183.094 5.5281 5.60406 9.47988 12.6448 5.92426 11.4481 9.16986 11.058 12.8322 9.05841 17.016 19.4443 15.4486 13.8228 7.00193 20.4132
181.844 10.2443 7.26252 13.9394 6.45331 17.0782 10.0752 8.12766 8.95447 7.82192 8.33921 11.6344 9.7359 8.45823 8.74961 8.918 11.1591
186.055 12.8887 4.59258 13.0995 9.06491 16.4557 6.15457 3.82248 8.7599 7.28547 4.25807 22.0345 7.77141 8.54158 7.45181 2.3372 16.9034
201.668 14.3155 6.78284 14.4229 14.0018 13.829 15.6154 17.3998 10.4011 9.33293 4.13764 13.8273 8.49214 7.42824 8.34577 3.54538 27.5187
179.966 10.6901 12.9218 10.7514 15.0759 4.9805 5.252 9.0096 6.02407 8.56724 4.41065 11.2704 12.7956 8.37339 14.2502 9.16237 22.6982
180.126 10.4768 2.78597 8.25805 10.5301 7.54037 11.3994 10.3252 9.6971 7.36952 3.16274 11.9463 10.4415 9.13352 9.24058 10.7922 12.1096
200.313 4.92054 6.21951 8.53875 11.8955 6.91691 5.19484 8.46195 13.3214 6.61883 7.98896 12.347 10.7649 11.2006 8.20216 9.94823 13.2333
186.742 4.81639 9.45832 7.83897 2.65264 6.76547 16.0626 16.4401 8.56478 8.94402 7.89204 13.1769 11.9284 3.37263 12.5933 14.1132 11.659
190.603 2.82297 10.2415 8.23191 8.90471 6.49313 13.1521 4.83738 4.20002 14.942 7.88392 10.0342 11.9013 6.25706 4.41078 9.50727 14.6347
204.112 3.29948 12.9589 7.7633 13.5993 5.0314 16.5373 16.6288 13.215 6.2658 7.25814 6.13623 15.9875 9.02936 12.0973 4.10852 21.3528
196.579 3.80624 10.1382 10.7775 13.5043 9.70055 10.0811 9.1979 11.3958 6.2658 6.34107 4.95427 13.0111 12.8029 9.95802 12.3556 10.1007
193.022 13.6651 3.16985 11.5656 8.37609 5.22537 7.99795 9.53334 7.57493 11.9759 7.51822 7.767 3.21495 11.7497 8.34976 10.3714 13.3713
190.288 12.3882 8.0652 11.5493 9.93678 9.58775 9.19834 10.0793 10.7433 12.7673 3.58398 3.76598 10.7221 4.97499 13.3424 12.1518 20.0409
189.886 5.57996 7.50007 6.51286 9.65408 8.35061 13.3135 9.22062 6.9706 11.8937 3.51643 9.63179 7.92719 3.66284 8.10147 6.88375 5.03192
186.511 4.07935 7.8821 5.18233 6.52859 4.47444 11.3562 11.0213 4.71729 6.53865 8.29975 14.4146 10.8591 15.909 7.34276 8.56324 14.7555
188.434 4.69779 13.1545 4.87054 10.8809 9.65704 3.04492 8.28925 16.0305 16.152 15.9764 14.3425 6.03822 13.662 14.7772 25.3682 18.1978
191.97 3.72813 15.4846 12.5203 4.0015 8.48891 14.9803 13.778 11.4698 16.4319 8.69384 7.33001 9.05387 7.41865 16.8589 5.0925 13.2306
189.874 11.8741 10.3115 9.9718 19.325 16.6552 7.9187 8.86551 10.4082 12.3174 3.40358 10.4904 15.0307 7.70661 10.2854 10.6743 10.3348
191.478 11.2198 10.0487 16.7214 18.9413 3.20003 8.11759 8.56293 10.4768 14.1701 17.1509 5.5904 4.81039 10.0047 8.99005 9.48341 18.5603
179.14 3.24199 3.63199 9.66114 8.78708 10.9935 7.42729 7.92405 11.1524 10.7035 3.46052 7.59048 17.4694 7.56965 6.30876 14.6433 7.70621
183.901 13.6318 4.35735 11.4134 4.77748 12.7461 19.8817 12.9044 11.2108 10.0939 5.5518 11.3174 7.59436 4.95641 20.784 7.92266 8.3872
181.777 21.0813 4.60452 11.4929 8.36416 26.8582 10.3133 9.19861 11.3912 7.80303 4.14392 10.6209 5.70685 5.59027 20.0194 11.1463 18.0931
180.017 12.0595 4.60048 6.40692 17.9778 12.8292 1.8061 8.71028 6.00644 3.87361 3.31331 7.38782 5.70471 21.6439 9.47872 15.8713 16.1302
178.469 6.83072 4.77566 6.96748 18.8 7.69484 6.85688 5.58592 12.9781 3.9672 9.01329 7.96838 4.4337 5.703 11.743 5.3009 8.77363
176.317 17.8948 6.89658 6.26243 15.5927 12.0727 6.66625 6.50249 11.3617 19.7637 10.6178 6.22539 11.9603 8.88375 5.99671 10.161 9.359
175.646 12.5783 6.11904 15.0418 8.0944 5.92039 10.2951 9.25383 14.9351 13.6718 6.9933 14.7511 5.65014 9.55922 12.3225 16.5182 12.0358
175.547 12.2437 3.51127 12.4631 7.12268 5.25528 3.45504 7.03819 9.14029 9.06095 4.01237 10.0122 9.07359 9.19521 24.4285 16.0867 13.9981
188.341 3.50019 6.7791 7.16953 4.47478 8.02053 3.87159 5.54818 12.058 8.62981 5.70922 11.9153 10.7155 11.8213 9.47254 16.746 21.8741
193.492 13.581 7.31819 7.39324 8.0782 11.6998 14.7466 5.69255 3.583 15.0223 8.0202 10.0102 8.77773 9.10277 22.1177 14.301 15.9617
186.682 18.1275 15.0909 10.1748 8.2492 5.22544 15.6194 9.66302 6.73195 9.15675 10.7497 13.9223 8.2839 13.8607 19.797 5.60558 17.4015
184.801 12.8785 7.73842 18.0501 8.29893 4.8936 29.1168 7.98775 7.11487 9.55219 10.0871 2.8505 9.8807 4.07307 8.63236 14.1488 17.765
199.56 15.5613 7.13509 10.8361 3.21392 8.56653 18.9969 10.149 11.2531 3.95246 4.73699 5.0738 11.1478 8.15799 9.27652 14.1006 14.4685
189.6 3.0168 23.4586 10.5228 9.99456 7.01248 17.3333 9.71024 9.83113 13.7269 6.09447 3.72875 7.5162 4.77065 6.1016 12.2717 14.4324
175.057 4.52689 13.367 10.3098 10.4679 5.75883 10.1119 18.4342 12.0923 6.30748 9.00591 6.41532 10.0702 19.1899 12.3583 11.4585 13.947
185.54 11.5789 11.434 8.10024 11.7752 7.03107 6.23754 15.9209 4.94501 11.9138 11.4841 15.8747 10.6275 15.1671 13.573 17.6836 9.75654
191.081 15.8894 6.93379 8.28038 6.6244 19.2734 5.67514 9.02095 13.9722 14.6565 11.7601 5.43565 16.0222 9.42448 13.2802 9.05978 26.1149
189.833 5.40633 16.8343 18.8771 16.0489 19.9215 11.8855 9.05969 8.46526 4.1542 10.8822 6.0798 18.3741 8.28028 5.11584 15.9863 22.8499
193.385 6.07095 3.92684 13.2255 9.56215 10.5634 4.08827 7.93417 7.85362 25.4975 4.01143 3.74413 10.1834 15.4343 9.73558 14.8039 5.85216
185.314 7.63739 4.94093 17.3295 9.32075 5.95724 6.35675 8.80727 7.38259 8.30353 3.79031 4.92078 8.11804 20.8323 11.7337 16.1732 16.6304
193.356 6.88565 4.35663 24.1932 15.0979 25.7814 3.51741 8.6841 8.57062 7.23832 4.87498 13.2529 8.90939 3.66189 7.55344 13.9094 8.40861
177.35 10.6352 6.83281 8.70722 7.82605 8.56703 20.1461 8.08563 4.03423 5.07423 4.73314 4.55518 6.67668 8.54704 10.776 16.6313 21.4817
188.086 9.35743 4.18262 16.5895 6.79869 5.41402 9.45622 5.62239 8.25237 13.9268 5.97743 5.73607 6.83058 4.90193 15.3655 17.6548 14.6035
197.854 9.75226 10.3135 4.87764 9.19182 11.3779 11.0013 5.18218 14.9613 12.5977 12.2316 9.06906 13.6096 13.3566 5.54553 5.27272 5.77033
197.612 19.6723 6.50714 24.7813 8.04787 7.47662 11.6999 6.87681 6.21051 12.3608 10.0707 9.36814 11.8187 5.42642 18.222 10.3942 14.1661
200.473 11.8068 12.0239 17.2349 12.1556 15.4414 10.238 7.87529 5.59845 10.0978 3.32436 13.4229 10.2723 8.26882 3.67034 12.5494 7.58616
200.538 11.6825 9.12811 12.2848 13.5655 9.6402 9.26674 6.76283 7.2947 7.29441 8.98506 7.66745 18.1509 7.30776 12.2684 14.0479 22.7605
194.169 12.1094 9.99841 9.97776 8.38614 9.41853 11.7998 4.89601 8.45619 6.0324 11.5982 11.4605 16.9788 9.26602 6.30264 5.81964 13.9083
183.446 14.2615 2.50675 13.4888 14.7104 9.93664 12.3729 4.5015 20.858 6.49034 11.2364 9.22132 6.03055 5.41957 5.1031 16.1176 11.3532
202.368 8.77522 13.1278 11.9139 8.14163 7.72261 10.8623 4.37946 11.5782 2.53037 4.32975 9.65348 3.98104 6.40379 12.6109 15.8961 18.4741
188.809 6.21771 10.2198 10.2008 6.95975 13.1912 13.09 12.1576 12.5397 4.51416 9.99546 8.14881 10.5275 13.5063 9.77591 5.88272 15.414
185.718 10.5228 5.57358 10.2549 5.20324 14.5166 9.44084 7.42662 9.38786 14.5853 14.9088 11.5124 10.9787 7.11466 11.4572 10.104 14.4412
192.832 10.8146 5.43021 5.78845 13.795 6.56975 13.3749 9.32234 20.9168 9.96673 13.6416 11.463 17.7589 10.9899 10.4816 17.9617 16.4648
196.343 13.8262 5.63836 9.86541 10.6786 6.54593 6.18302 8.53256 4.97419 19.343 11.7509 10.4991 7.36355 8.99145 10.2355 10.2034 11.6049
192.001 13.9706 9.15525 24.0576 19.2471 5.12374 9.50397 18.7414 9.18565 6.28034 9.02265 6.41325 10.991 11.1077 10.9355 12.9363 12.5048
191.739 4.36066 9.39507 14.8364 11.6147 10.1635 16.4823 11.8891 4.35791 11.3672 6.80257 8.21196 16.9683 8.62724 6.82211 12.0259 17.2334
177.764 10.5201 8.46847 12.15 6.20321 1.92782 18.0783 18.2603 20.3122 13.8636 7.60616 10.3361 5.72982 9.74105 15.1806 4.00745 18.7161
182.476 4.51495 5.6824 9.7705 5.57922 11.3243 22.5681 3.40429 10.3276 4.18011 4.09779 9.98032 12.0873 7.91683 13.9426 12.2398 12.5388
188.433 8.21879 6.74315 14.0369 6.44447 10.9668 14.2648 15.1004 8.72244 9.31655 10.3973 7.43513 11.598 2.56921 14.2438 17.3986 15.1159
189.264 15.2517 14.0991 14.1361 6.16962 8.07167 6.45058 9.09726 9.61886 4.7204 3.92914 7.9938 9.71923 14.474 3.22156 9.18919 15.5288
188.256 9.10294 3.79125 12.1505 9.73848 13.7264 6.31527 5.50169 9.55907 8.41549 3.65036 16.1503 9.36333 12.4337 14.176 10.2656 15.2832
190.232 14.8525 13.8522 7.86349 8.63912 7.99979 5.92188 13.9486 7.24019 9.36725 11.9181 23.673 13.2873 8.5036 3.82458 7.56379 15.513
172.666 8.29092 10.1818 10.0014 13.2448 7.42097 4.97337 9.73951 14.1008 3.40678 5.80686 5.05967 13.8739 14.7629 7.86992 7.04708 15.3413
179.002 6.88278 3.82003 4.55783 8.28856 12.0029 9.57226 14.8986 4.54014 6.2308 12.04 9.23681 12.1083 9.62985 7.17635 11.7686 8.32147
199.573 6.92653 13.0408 19.6246 12.9568 3.59081 5.56482 10.9709 4.79833 5.49866 12.5535 5.67231 7.59354 14.922 9.53772 12.5806 7.11824
186.245 7.17174 8.81575 9.62565 8.90192 9.72398 9.22869 15.5871 3.8363 7.29369 7.63073 5.14987 11.9309 8.02052 13.1839 10.6721 13.4983
194.061 8.7183 10.1769 8.10592 12.0026 13.663 11.54 12.5512 9.79625 11.6652 4.28496 7.73937 10.3275 10.1105 14.9946 16.0471 9.35275
191.612 8.00135 13.0611 9.59058 16.4414 5.83553 6.80207 14.6134 6.68031 9.23449 6.76305 11.454 15.1152 9.39612 17.7353 11.9215 14.6444
201.462 7.47968 11.8008 10.2836 4.58415 10.369 11.7538 20.0463 7.53984 6.74609 8.32209 11.825 5.80978 10.979 9.11803 7.81926 23.9503
198.814 14.2252 10.1669 11.3172 6.38651 6.83663 9.81303 8.54165 9.28645 5.01269 3.58394 9.41215 10.0801 8.51303 9.61147 10.1178 18.3893
190.399 12.4444 5.52991 11.1429 6.98912 11.4866 7.54678 9.77757 11.957 5.69843 15.6678 8.52257 15.59 16.5951 17.3047 15.1096 11.4596
192.783 7.17598 6.77498 4.67207 11.4224 5.47161 9.47675 9.08797 12.3133 4.48664 9.9477 4.37544 17.067 13.5997 6.39222 9.52219 13.1386
190.799 8.19265 21.2739 8.6095 6.48646 5.75505 7.43799 7.0915 6.97215 16.7728 7.75904 9.12312 5.82843 8.51799 13.1866 10.3009 20.6625
191.276 13.6156 12.4332 7.84706 8.75325 5.36749 13.6385 4.16889 14.2134 9.12199 5.0478 13.7974 6.4962 10.2918 10.5815 3.589 7.08693
190.38 11.3574 7.01082 9.1901 10.4989 5.15427 9.75558 7.45577 3.34191 11.7328 9.02841 5.26444 4.95318 12.0726 14.2909 9.19558 15.0124
189.01 15.8092 6.64506 5.94484 9.73114 5.61923 7.65606 14.3175 9.34116 3.78123 8.4494 4.86089 7.78006 6.25269 8.97843 5.56226 23.3154
174.688 16.8543 7.60401 15.5309 11.3788 10.0945 14.5569 12.7354 6.93891 3.02368 8.35665 4.94625 2.60065 9.85131 8.41248 6.05788 19.6751
190.791 1.59256 12.9163 5.24528 18.4322 10.9013 17.3211 19.3611 8.39521 11.1082 2.87215 4.79376 17.3355 9.42095 6.3153 7.39135 20.8837
194.03 9.33621 12.8421 13.4767 9.96107 10.3133 11.5792 14.4909 10.6847 13.3912 10.3543 12.3262 10.6842 8.30105 7.5586 14.8186 12.6352
192.572 11.9688 13.0626 7.08302 8.68834 5.67625 12.1307 17.1954 7.8183 7.94019 9.61801 6.13769 6.53282 11.8299 9.75902 10.7906 12.6136
194.212 11.573 12.3167 5.01278 6.56374 8.90388 6.63371 11.8447 11.1132 9.12911 11.2082 8.16383 3.70936 10.5735 8.28966 6.07217 6.51682
193.644 14.8722 13.3761 5.71197 5.26323 2.93362 9.47794 7.2239 11.4059 6.785 13.9644 6.7924 17.9557 10.185 22.911 5.19523 19.8123
187.78 9.63496 12.948 3.86905 17.1555 12.2834 6.28547 4.05915 6.97435 2.48691 9.50654 4.20366 20.2085 8.60693 11.2731 8.79315 15.8279
205.506 8.75204 11.7397 8.95789 5.06968 14.4683 16.4233 7.25911 9.73419 5.64408 7.57347 9.49959 10.1335 9.48203 10.8505 8.28598 19.3135
195.743 9.79864 4.41351 6.59206 9.58761 8.20596 9.53297 10.7851 1.72511 10.9793 8.94473 10.682 16.8157 9.52781 6.44782 15.5174 26.6571
189.498 11.2353 8.1895 27.1144 12.7415 5.46273 6.6109 14.4583 7.03911 3.82871 7.59658 8.96261 7.51564 10.0111 19.2916 10.071 9.43157
181.395 7.60677 10.4311 9.38529 9.96087 6.18041 10.8375 12.8338 5.74324 8.51528 4.02956 8.04463 9.35516 6.56529 21.8771 9.32288 19.4403
187.478 9.85434 6.94277 13.4213 12.793 7.57102 12.3725 6.33967 5.90057 13.0445 11.0634 8.07583 15.2241 9.86618 17.0157 11.9872 27.0631
167.892 10.9186 6.19794 11.9607 8.2124 9.03775 13.4179 9.99564 11.0423 7.71979 8.57506 8.77329 17.9248 7.72924 5.81853 3.0078 13.9977
187.016 10.457 7.53633 8.46687 17.5708 10.6794 9.73315 8.3551 8.4041 13.0196 9.08054 8.12276 5.97714 8.69622 4.53153 12.8199 14.7243
191.099 9.60017 7.58122 13.1612 14.067 10.7824 15.9668 5.35199 10.8493 11.1636 7.91422 5.15857 8.27187 17.1338 8.94409 11.9433 18.1632
182.813 5.50234 13.9387 9.61955 11.1734 17.3802 10.1521 20.0703 16.6151 11.0424 10.9549 4.90769 16.0196 6.57106 14.3882 5.97701 8.15842
175.785 8.55744 7.53256 14.9579 5.93084 14.2137 14.5353 10.5813 15.8001 10.8425 11.5408 8.87439 15.0446 13.3643 19.002 5.03592 11.4483
185.064 13.5846 13.6893 15.1594 13.9186 8.87357 11.9728 11.4775 13.5318 11.4 5.09814 6.24348 6.89499 10.0354 12.9625 21.9002 14.6559
176.224 9.30687 11.2485 5.23558 9.33691 12.9848 13.2924 13.2205 11.0115 4.29342 9.75177 8.47824 5.74574 6.33821 20.6238 10.8048 9.52483
191.271 6.70865 4.90814 4.24421 10.5234 5.04443 8.03749 5.62071 11.3795 8.94328 8.34395 8.1312 7.58027 7.96163 11.3805 13.2903 19.5676
200.597 6.33693 23.6422 8.6328 7.56909 7.89983 10.1168 3.74105 13.441 13.6854 9.31941 15.4016 4.69574 5.12862 10.0351 10.8711 26.3895
190.143 4.20104 8.51735 8.01709 9.61915 8.00688 8.0839 6.0481 5.37351 4.17825 5.46448 8.22514 5.67331 11.4131 8.74731 11.0084 20.4533
194.786 14.2738 4.19551 6.18785 7.17407 12.2816 1.48127 11.6107 17.3926 9.64275 5.34226 16.1346 3.86035 10.719 19.5786 13.2729 15.2395
200.873 11.1237 15.3022 9.24149 8.61414 7.27795 8.58895 20.9652 8.17106 8.5581 6.51564 14.122 6.44072 5.93401 13.842 8.69884 14.3928
203.965 11.2216 8.55135 10.227 5.59239 5.63402 13.9105 13.9728 6.20282 3.66757 7.56764 8.98687 4.31701 9.11065 12.4625 9.15266 17.6231
187.509 9.76507 14.9026 8.51443 4.25033 4.78437 10.0674 11.9042 13.0003 5.63069 8.04769 3.744 11.3187 11.4811 14.0719 12.0076 27.673
178.677 6.29656 5.33507 8.6119 16.4381 10.9119 13.4192 14.6177 15.4966 8.97037 13.1517 3.90947 13.9293 6.33824 16.8966 8.59929 14.0599
194.43 6.96519 3.05593 12.1507 14.2329 11.2185 9.82502 14.6346 7.93322 9.36392 10.9417 18.7225 11.2641 3.42259 11.4597 9.68088 18.8796
190.918 5.58704 10.9186 15.5555 9.36982 9.80082 15.6021 15.2712 12.5484 17.2646 12.4478 12.3296 13.7594 11.1096 17.6834 9.17447 16.316
194.997 11.9483 10.4232 18.0933 11.2863 3.91536 15.8074 13.7548 8.26719 7.26904 8.50548 8.49014 9.53348 12.4551 9.56228 12.3024 13.2831
190.755 6.13884 15.5151 13.3349 6.5554 12.566 8.63879 7.95199 5.76097 18.1318 15.4694 5.87435 14.5916 14.2451 5.72389 11.889 22.007
197.611 10.885 12.2691 3.09755 5.80486 5.29232 17.9882 6.7696 7.97852 6.30925 11.2241 5.96901 24.7005 3.02937 6.25161 3.36293 7.92052
192.34 13.1427 8.0849 16.3224 12.5539 6.45702 6.17802 3.01558 6.65239 9.81054 5.45121 5.80461 19.8506 1.95418 5.95634 10.8074 10.6064
179.35 3.6612 3.65323 14.0312 14.9924 8.69851 7.552 13.8159 10.1567 8.53106 3.63351 5.7299 16.6799 14.5947 14.7011 5.22237 8.16859
192.561 8.77649 5.29424 7.3223 5.7865 5.82279 7.64172 15.7091 5.74519 8.05067 3.56325 2.09014 6.32404 9.31464 12.9894 8.33386 6.87242
193.082 6.6646 5.7709 7.08284 8.94053 7.29559 9.72394 16.5232 8.47958 18.0912 10.4265 4.59568 16.7396 14.3541 21.5934 8.28152 20.2491
187.508 7.3569 12.8831 6.61093 8.24117 8.60011 7.48209 10.5289 6.92585 23.0189 6.49457 8.68404 15.8781 8.52518 3.66157 9.89244 15.8136
198.909 2.65123 11.9433 6.65503 3.31079 8.51913 5.66273 8.19593 15.269 14.4015 13.3914 9.6675 14.6436 4.61304 5.86529 9.36283 18.849
186.135 8.74021 9.83998 11.5381 7.24724 9.29203 13.9013 3.4219 11.6308 5.79414 9.09643 3.12284 2.53375 14.4926 16.8145 9.24646 23.1647
183.561 7.44259 8.05651 12.9246 4.86224 13.3023 5.40676 17.252 4.93768 5.60411 5.32135 6.50516 4.75836 10.072 12.3602 12.206 21.6071
195.811 8.6217 13.1375 11.9484 16.2848 14.1796 13.6287 9.3974 14.5624 16.0512 9.90866 7.83189 12.1008 16.0586 13.6911 6.60183 12.3257
199.114 5.92373 12.0441 13.2979 11.1007 14.8287 7.3858 11.0096 8.34085 7.47035 8.16746 4.93386 11.0801 12.5038 11.1103 10.374 10.201
195.201 11.0982 8.32214 9.72936 13.8422 9.8018 10.9467 4.72258 14.4673 8.25058 5.55326 8.6301 13.2508 4.91026 11.2155 6.71126 19.4314
199.536 6.68171 9.25923 18.3001 15.4861 8.63289 15.8172 19.0533 7.12328 8.00795 9.67979 10.4692 16.7884 7.2464 11.9854 8.3783 10.7974
188.813 3.63909 5.94708 3.33003 9.79287 13.4877 13.7574 10.7177 10.2502 8.39943 6.01734 3.97277 2.89963 10.8019 5.28673 14.5337 18.1832
199.377 3.59875 10.4814 9.93665 6.15364 9.67909 19.8688 9.40118 9.15711 4.75085 12.3409 5.48302 6.3344 8.19457 9.80727 11.3529 16.1292
199.277 9.56451 6.70472 17.6284 7.11003 14.5547 13.3329 6.73203 6.17405 8.90144 8.83645 5.99847 4.22998 9.40444 9.56631 5.60984 13.3947
191.605 8.6114 5.63309 9.79943 9.20575 8.35923 8.38564 7.13432 12.7575 8.43974 11.2513 10.0139 12.7668 2.64969 16.8107 7.25136 15.9903
170.601 9.59678 7.18967 14.6511 9.30643 16.9539 17.649 14.937 6.02657 8.88852 3.73302 14.9248 7.89101 9.09649 5.92815 13.3062 16.9866
175.411 7.63263 9.92103 6.92975 8.2326 19.1408 9.73662 17.5674 9.1273 9.98161 5.22483 8.19737 13.4903 5.44879 5.85037 9.73985 17.132
191.391 6.1779 8.65908 7.85992 3.31584 4.20411 13.1649 8.40733 9.57417 10.8825 19.3191 8.46985 6.93576 10.0338 21.4698 8.24449 17.943
196.192 11.5674 9.95587 18.724 7.53346 7.87108 9.6117 6.19691 6.80179 15.3658 7.50441 5.86429 14.4059 13.5195 19.4739 7.74276 18.2899
188.073 5.54923 15.4372 7.08061 10.2874 8.6297 12.0646 9.48758 13.4086 9.86467 16.3305 12.1039 2.87487 10.4351 10.7814 10.8181 18.2109
190.916 8.75198 10.2477 16.4578 9.46312 9.74636 11.5793 16.2854 11.0857 9.39084 8.41179 14.0355 10.5899 3.99813 13.6849 16.9384 18.1323
191.085 5.0806 9.82416 7.81359 13.2633 7.3693 16.711 13.1518 14.1317 12.3488 14.4698 10.7024 11.0352 10.4741 14.8751 14.2719 18.709
185.829 6.66664 5.44316 5.72319 8.35314 10.3615 12.2632 7.23669 5.46099 4.62053 16.7346 6.28643 18.6677 14.0649 10.8237 8.99998 14.6505
197.853 6.97978 8.47738 12.7919 7.09247 8.84416 5.9463 5.89385 8.38251 5.99665 9.09149 10.1777 15.5647 3.26887 8.23399 13.794 15.4023
188.382 8.48764 12.465 10.6989 10.1463 3.77267 14.9207 11.5911 9.94059 9.00304 4.91335 9.57271 17.2319 2.77797 6.87132 15.9616 22.1439
182.907 8.13109 12.603 10.7671 10.5007 8.77206 8.99781 11.4239 20.6709 7.80516 13.7563 7.06392 10.4294 10.4656 9.74449 20.7767 18.0411
188.764 8.38699 12.5811 7.74495 12.2932 8.18926 11.8773 14.2811 10.6644 3.41609 4.75364 10.386 7.65168 6.47681 5.16853 5.5732 17.8683
175.941 9.46809 10.864 11.2682 6.34203 11.089 9.25481 12.7705 12.1184 5.63436 9.38521 7.92116 7.77498 12.7456 11.6609 15.0223 17.6816
164.146 7.66019 22.0374 13.8384 10.9414 7.56 13.9524 14.6689 12.6386 10.6085 8.64456 7.31417 5.88544 5.32931 11.2521 15.9659 16.6512
180.25 12.3637 9.41884 8.22782 8.28198 14.9341 14.9349 9.90858 6.86141 6.59506 6.92533 6.25188 9.50336 24.3643 12.099 5.64187 16.44
189.683 7.33834 6.92088 4.73375 11.2111 8.24141 14.6668 12.6851 7.16423 13.3335 9.86216 6.92915 7.37051 12.1859 13.1143 3.55955 15.5576
184.724 7.35853 17.9745 10.4814 10.4348 4.29827 6.7994 10.5252 14.8929 8.43707 9.42248 12.3318 7.11194 16.7511 20.2195 8.92844 13.5712
182.382 10.1143 12.2419 5.59118 4.08351 8.16705 8.85209 13.5034 12.476 8.77672 4.52863 10.6272 3.98576 1.86959 6.65523 14.8474 13.8456
191.711 6.55695 2.39754 15.3709 7.61512 20.2591 6.12331 4.70659 8.97034 4.42427 7.92157 3.20742 13.2272 9.28831 11.5188 14.8627 3.5681
171.084 4.58508 7.59648 9.18119 10.6263 3.97131 8.5631 11.4293 11.457 8.13092 4.28098 8.91354 5.21768 6.4889 19.5571 10.0762 10.4009
183.897 6.3172 19.2866 15.5675 6.99567 9.25676 9.90215 9.63633 10.3833 9.98116 3.3338 6.58911 14.1997 9.49156 13.0401 10.2307 7.96239
188.13 3.18933 5.03563 6.99391 13.3331 13.0066 10.8571 5.76828 15.4862 14.6868 8.83351 9.5557 23.267 15.3381 15.3951 7.45634 20.1457
190.312 5.36764 6.66063 5.10791 11.5624 13.3616 12.0334 6.45302 10.2056 10.5443 6.41123 8.79154 5.02838 10.0616 8.05764 14.1266 12.5727
183.74 14.3224 9.9976 11.114 11.2627 8.40928 6.69443 12.1919 7.55146 8.32616 12.549 8.58981 6.93082 21.302 18.7424 15.9497 15.3828
188.184 14.7229 7.67048 4.12305 11.5171 8.29177 7.19426 6.91003 11.4084 5.16524 17.3348 11.3456 8.26565 6.26124 4.83417 12.8139 25.4979
179.912 10.5315 10.0294 7.80036 11.8666 6.77051 4.54832 12.9545 7.75709 9.09634 13.4384 6.87484 12.1356 13.7356 7.40989 7.65747 15.3679
176.205 11.7067 5.59995 3.92015 16.9541 6.93695 6.12678 4.42302 12.6221 13.1045 12.1916 9.47866 4.70878 4.74278 9.06264 12.0894 14.8878
181.832 3.76641 11.3989 9.08613 7.47268 8.62712 5.85093 4.37774 6.02239 10.2845 6.34813 8.60217 12.9056 3.6003 16.0074 30.3176 12.8644
185.256 15.7052 19.5614 12.356 8.55007 13.9202 4.43433 6.25254 9.73514 9.12178 10.9713 13.8435 7.88083 8.74814 5.44886 15.1168 17.2185
185.24 5.88946 11.861 15.0601 14.156 12.697 6.41255 9.64232 7.52944 6.90533 18.7122 6.94865 12.9062 10.036 12.3858 9.15669 9.34871
184.693 10.1414 6.6615 15.2433 5.9306 4.52174 19.077 3.33922 15.3565 9.92807 7.84689 3.68842 9.09639 11.4473 13.9706 3.68937 19.7954
184.291 16.0408 12.7457 8.16167 13.1794 6.19377 16.6738 12.5362 4.9893 6.9084 9.87902 6.14076 3.3602 7.27731 15.4887 8.98898 12.6128
186.819 16.6104 18.4365 10.3119 11.4977 6.11773 12.7221 5.62533 10.8633 6.81135 3.784 6.26924 4.65453 10.7763 12.6988 8.98868 10.9828
187.727 5.40138 7.83003 10.4445 7.23233 8.19557 5.64237 5.45798 8.23947 6.44311 11.585 10.6231 8.80984 4.10844 16.0879 7.47135 15.9423
174.009 8.36684 16.2009 14.9296 9.92828 12.4948 6.33301 6.44687 13.0021 12.9278 6.02764 16.7722 8.36529 6.2779 16.0313 11.5337 18.9163
189.714 5.62232 10.2739 9.65602 12.6298 9.89875 12.7474 6.25645 6.15313 14.5616 6.40121 5.23351 8.63752 8.23502 22.3965 8.0762 15.5085
186.546 8.20077 11.0131 10.7639 14.5042 8.42125 9.79239 15.7613 2.16047 11.2601 5.08761 11.9661 12.3403 4.62507 24.8092 8.56464 15.0442
192.137 9.69283 6.70678 10.5787 13.7834 11.7659 20.4449 12.4931 7.77752 3.10614 14.5747 6.24025 6.73156 4.84092 12.6806 10.4791 14.0412
195.492 4.37819 7.47341 5.49903 4.88801 5.99627 8.42745 16.4785 10.0408 13.1291 15.7552 3.53875 8.05622 5.75918 15.5025 20.2615 11.9727
188.143 5.04043 8.00319 15.5746 12.9511 14.9321 10.4113 7.60233 8.70165 17.7966 13.0963 13.7301 8.15889 6.52095 13.0417 11.6252 11.4034
191.192 4.23208 4.30641 9.90903 7.46443 5.34172 9.11393 13.0439 15.0177 6.91471 12.4681 11.3222 5.32681 6.59961 11.8145 15.7362 14.3326
193.57 10.1162 9.42401 13.4196 6.95752 10.1278 18.0746 11.6891 11.8519 7.49317 4.29191 7.39596 15.2205 7.53047 9.8919 20.1223 14.5463
197.252 7.49345 7.39669 8.17044 4.53481 7.1373 9.43831 12.9458 5.85253 7.09185 7.14264 4.67651 11.3235 11.2975 19.6025 18.2641 17.5653
187.051 8.88034 4.82963 9.13994 5.64113 5.84694 11.1746 9.40188 14.954 7.71228 12.6618 8.15484 12.8475 5.5489 8.8719 11.7012 14.7684
196.087 8.28393 6.29422 10.8939 6.79225 8.22495 5.78654 7.70876 18.2271 4.45498 10.3749 15.9189 9.78847 5.8623 16.819 13.5572 11.7257
187.09 8.16813 13.4907 6.00373 15.9905 10.4925 12.4231 9.5016 11.9083 10.3916 10.2936 10.5051 10.2209 10.2155 9.72041 11.2558 18.7715
186.271 9.37014 6.91291 6.31445 14.0262 13.4306 8.73864 8.79139 14.6502 1.93983 5.8124 7.58645 15.3234 2.96766 6.79455 8.8968 21.8314
189.363 11.8942 7.29723 9.10388 8.76657 3.51567 16.273 9.55145 9.02711 10.3858 10.1889 7.0364 6.73422 11.1266 12.8999 9.06961 12.2408
194.833 5.38005 4.67266 8.81882 13.9771 5.37654 7.24329 3.72837 8.02925 7.87974 7.76047 7.20907 11.7705 8.31461 14.0828 6.42465 11.5266
178.621 7.09935 9.32592 8.4873 13.5093 1.65032 19.1189 13.1042 10.3479 5.35078 11.7113 17.9363 5.9795 15.4672 14.1177 14.6446 10.034
191.372 5.10521 17.2416 2.8139 14.0766 5.24904 4.25759 5.30573 8.18544 6.87067 11.1814 10.9537 7.68417 4.83247 6.55366 16.2764 16.7151
188.933 9.02273 6.03137 10.2312 9.24799 12.7104 14.0643 10.5641 10.7126 6.25835 10.5908 13.9798 10.519 3.90001 11.1906 9.41752 14.055
197.007 6.52568 14.5494 8.69164 8.86645 9.6842 13.5244 9.56857 12.7675 7.5795 6.03829 13.8127 5.41463 4.01577 14.2764 20.9781 17.5929
182.815 10.3579 6.80634 12.862 10.8954 4.60978 5.27187 4.03008 6.09976 8.11161 6.20137 10.6384 8.39879 8.32826 15.529 14.4773 12.2548
199.344 14.7994 6.15859 9.73275 7.42439 8.38721 5.17386 6.35162 12.673 10.3502 4.32373 12.2773 15.2357 12.209 6.89595 14.0639 10.3685
184.91 15.5802 17.7304 12.6963 7.31346 6.01996 6.33711 7.88663 22.2302 12.6098 12.8087 12.34 6.10544 5.02716 15.6591 15.329 12.4071
186.242 7.71229 10.7537 12.9371 18.306 8.00655 16.2272 13.2319 12.5883 12.0489 8.70555 12.9572 12.3714 4.45316 6.58723 1.74532 26.5397
176.574 7.01699 3.74403 6.48433 20.566 7.59322 13.8984 16.5821 3.49259 8.21973 9.98603 17.0664 7.63774 14.2268 11.4963 7.27018 6.45557
192.84 12.5364 14.3417 3.94935 11.5978 8.01362 7.50671 8.59171 6.23543 14.2003 9.82877 10.6201 4.99152 11.8015 11.0017 10.4347 8.37719
217.473 11.3856 6.97225 4.86858 22.006 14.0086 7.01964 5.92898 18.3301 11.7744 8.77288 12.5296 3.15239 10.4727 5.59809 7.59912 12.1623
199.629 4.30384 15.9726 6.42364 15.0126 6.04323 6.2099 6.71232 9.79602 10.848 6.18234 5.01843 7.60481 16.0894 5.44837 6.94403 22.1166
190.637 6.5852 11.6074 4.72131 16.1307 5.41392 8.29557 13.4409 13.5725 8.70162 8.70424 4.81604 8.3976 6.29258 6.63078 11.1556 13.3666
193.176 7.03617 11.7627 5.6959 12.735 9.36135 8.11431 9.09014 18.0943 8.42128 5.295 12.8504 4.52058 6.61145 15.8717 3.55975 11.1477
191.932 8.51187 22.5013 9.56362 4.11806 8.58814 16.0246 15.9104 5.53049 20.3087 9.78225 13.4556 13.6323 6.3701 10.1611 9.33768 8.47689
176.201 6.60073 14.8275 12.0569 6.52596 5.49307 5.82231 12.3458 16.8329 10.8192 14.635 11.7449 11.7631 9.86436 5.14495 12.0662 11.2922
184.793 15.3903 4.71092 11.8991 15.4575 8.91587 8.54472 3.2362 8.018 5.55654 16.5615 4.73237 6.77925 5.66457 10.7051 14.2757 18.8485
202.493 8.0035 10.8503 7.04661 1.46991 4.33245 10.3448 6.73712 6.60157 7.14945 6.83948 4.20543 13.0696 9.82767 16.3911 15.7111 14.8108
184.017 7.11969 9.97629 16.7038 8.6251 14.8903 10.7053 4.03609 17.7471 10.8724 5.98256 8.10099 5.18583 6.88334 9.15986 15.5576 5.49976
192.434 5.39368 4.29362 6.84198 8.65979 15.2269 11.8107 6.60768 15.051 15.04 6.15 14.3944 7.27914 12.0779 11.185 10.7804 19.9566
190.041 10.3166 7.404 10.9273 8.5286 15.8776 14.8364 9.11152 5.08924 4.76011 10.4059 14.3576 25.1064 18.75 14.7848 8.63049 17.418
194.586 7.07777 6.88462 14.2187 8.30318 11.772 10.118 3.54081 8.85233 12.3352 15.7879 5.44949 7.34006 3.45974 13.9802 9.35586 16.2139
193.482 6.15473 5.03266 9.44349 12.1216 8.93835 12.5639 5.85055 9.05001 7.62475 13.2952 7.33084 9.45908 1.45732 12.4344 12.6421 17.8494
193.94 3.0208 12.0943 5.15297 6.94968 7.54719 12.7984 7.96373 8.27593 6.90686 4.17839 13.6536 2.93144 10.6812 8.76006 10.9144 18.5121
190.069 21.8254 5.63736 17.0322 27.6454 15.134 13.6943 12.9954 6.43725 7.19586 7.54583 6.72354 3.63153 11.4334 14.9225 9.27053 8.0281
185.717 6.89816 3.52037 5.51357 11.4707 7.43705 9.38559 13.1422 8.99224 2.40938 18.5844 9.07193 7.92976 13.347 8.47359 7.21773 13.0541
191.596 10.3014 19.5139 5.49837 8.58356 7.80815 4.22539 16.7936 13.1727 4.99414 5.86177 11.1205 9.58328 17.5217 10.6643 14.7177 18.8623
186.13 9.69104 12.2558 17.8526 10.4973 9.18393 11.9153 17.0114 12.0803 11.6845 7.49569 8.0899 14.6636 11.051 16.4865 11.183 15.7122
184.8 10.7765 18.7483 14.4455 5.06911 7.80993 5.40323 11.8498 17.2868 5.6435 11.6023 7.42746 6.28486 10.3537 16.0423 13.5153 13.3335
205.764 8.48653 4.65391 10.0465 12.682 14.3098 13.8465 6.28082 10.2001 10.7456 12.1433 11.1104 9.48889 9.73968 10.4944 11.0036 15.3686
197.04 7.91088 7.79356 5.86928 5.53429 18.6383 11.2171 9.27253 7.11857 10.4372 7.86623 6.65802 12.0122 11.9144 10.4747 11.4039 11.7766
198.765 8.31908 10.487 7.39867 5.36608 14.9669 21.5021 3.39635 5.87281 8.72486 3.59864 10.7787 15.5707 3.74373 13.0575 8.15289 17.8275
197.617 8.4036 9.12983 16.7603 3.3915 10.5747 9.67937 13.884 0.991765 6.43413 16.0238 8.85445 16.9437 12.1251 17.5925 5.5235 13.5823
191.625 8.19428 9.04294 6.47853 14.6572 8.78163 14.1066 5.86934 8.52734 10.1902 8.57123 6.03171 8.68383 17.3391 7.95871 8.32632 19.5173
184.216 9.54401 8.34099 4.98997 12.7631 10.8564 5.27594 5.14804 26.6037 14.5609 7.00354 4.50901 10.1939 16.6958 2.73387 23.9404 17.7932
192.607 8.98649 8.964 9.07051 11.2212 16.0561 9.04895 9.26903 4.24875 6.47064 4.57107 15.2636 15.1669 5.63453 12.2894 10.0913 7.97878
175.793 5.74533 16.1949 15.1972 12.0658 13.9992 15.8321 8.47573 6.13023 19.4797 11.5468 8.90192 11.4159 9.15325 11.7976 13.4973 12.8424
193.45 11.2958 6.11891 15.1342 13.1217 3.59965 14.6369 12.5743 14.1159 6.32173 9.65048 10.9408 8.77117 7.78953 12.2829 7.50864 25.6195
189.945 7.1996 11.0942 13.5589 11.2734 8.54102 8.41759 11.6996 6.70077 3.99708 8.92151 7.85635 10.1941 13.445 12.4555 5.66241 24.8832
193.321 18.7196 13.2074 9.55614 5.0428 18.6708 10.1343 9.64056 1.9443 2.89469 15.1424 12.6037 11.0046 5.33939 3.17248 12.8043 19.4675
196.923 21.1249 2.54388 6.12323 14.8768 10.1464 21.8256 3.80423 12.1871 12.9012 6.52995 11.0253 7.02507 10.1369 4.9102 4.88612 16.7934
177.884 25.5408 15.7395 5.95417 9.069 9.26616 6.13511 4.33344 2.19616 10.0063 4.28044 9.40015 13.6527 3.14385 10.0147 5.7902 17.9356
184.586 6.84428 10.4105 5.71181 15.5149 13.0368 14.6984 13.0574 9.49187 10.4538 6.18146 6.24231 6.43881 11.823 20.7018 18.1158 8.57098
188.852 7.39477 19.9312 10.4028 10.3801 9.38315 15.4297 10.4609 9.43325 7.27327 5.67625 7.84371 8.69884 10.6093 13.4233 4.71144 8.92199
189.816 7.35498 10.2344 8.47625 13.3718 10.1428 14.276 7.01229 10.9442 7.87656 9.26118 11.1595 9.42744 13.4725 11.5065 7.78904 14.83
183.827 5.41911 9.26391 5.11021 9.22606 11.4139 5.97087 7.90306 17.2771 12.1073 8.7157 9.87097 12.4888 12.4191 7.05662 9.54065 9.82292
190.467 11.6554 13.0332 9.88764 8.02456 16.0156 15.4237 4.53076 10.3161 6.51342 6.76298 14.4069 8.93701 10.0358 17.3619 10.1485 23.609
194.666 11.0647 17.673 9.2584 11.966 7.88904 15.8945 10.3293 3.59314 10.9445 14.6291 2.52396 7.06435 12.4322 21.4513 11.1065 6.64782
191.186 18.2199 8.18286 3.45722 9.71199 6.83069 13.3384 11.0053 10.4602 9.47439 18.6503 4.43328 12.7478 5.86529 16.1463 16.7985 20.2342
193.975 6.60996 14.2143 9.41707 12.2047 6.2104 12.1477 5.98759 24.897 7.0512 4.36134 7.19568 18.8299 10.8733 7.82478 6.31802 12.8284
191.289 8.21782 10.6086 5.53884 8.5778 10.1274 16.1916 14.5866 10.3109 8.87703 6.95035 6.49122 16.5155 11.1376 11.8586 17.3826 18.0345
176.026 14.9433 3.63232 8.1838 17.7877 11.5036 3.90953 3.82602 7.75738 11.516 11.3637 9.67209 5.63745 10.6907 8.58223 6.97251 13.2755
186.251 9.9052 6.5674 8.19475 20.9048 7.07066 15.6847 6.64893 16.3304 14.2284 10.4905 11.9935 13.6226 8.81225 6.97963 7.49619 9.85154
184.937 7.27066 2.71602 5.94017 6.67126 9.35718 14.988 14.7026 11.6356 9.99491 6.84975 4.8735 17.8345 6.142 11.2057 3.75175 30.764
179.006 6.52582 7.86245 7.87807 12.7934 19.3074 8.57169 5.80189 7.71207 3.04719 13.3805 23.6695 18.8175 9.22364 9.55048 14.6502 22.1159
182.075 7.24159 10.8897 10.9704 13.0081 9.56355 8.48558 16.0067 12.377 2.49486 10.3864 11.5582 8.7783 5.23245 5.33787 10.6722 17.4491
176.517 8.08554 3.33776 3.29315 6.80901 9.88265 13.0031 4.98901 19.214 11.895 8.26833 12.9825 6.30844 5.31712 15.2754 10.5193 24.4954
188.066 8.02006 11.1547 4.09102 11.6357 9.95167 12.4935 10.1998 9.17752 10.4739 5.12827 4.6423 5.29909 7.37429 5.96828 10.5275 12.938
185.611 14.8059 12.9325 13.0429 7.01682 9.10433 11.2108 6.03494 5.21771 7.90936 6.50747 7.06652 18.2093 7.66022 15.1707 19.8771 19.5924
198.495 17.6397 8.96382 8.71987 11.9003 9.52918 8.92079 19.9061 12.8778 7.52319 7.01547 15.4567 7.47061 6.39257 8.36225 3.8728 25.1548
185.673 3.68641 13.4973 6.768 12.0569 11.9092 8.06857 5.84854 3.52251 9.33329 13.4633 3.31362 14.0711 7.75246 5.28589 8.92702 11.2821
193.381 6.35968 13.4796 7.84208 10.4173 11.93 6.40262 8.39748 9.34082 6.08903 10.8188 6.51215 7.14817 5.3044 13.2862 10.5754 19.8845
172.866 12.0713 4.57505 8.29889 7.51455 7.753 12.3378 13.1243 6.94314 10.008 4.6864 4.9748 7.84615 8.88374 15.6731 10.6853 5.9857
177.9 9.09149 19.5969 8.10017 7.20319 6.61927 14.9227 4.13217 5.51094 8.41723 6.27017 8.33638 13.4285 6.3497 6.3921 7.79126 14.7219
184.708 4.19146 5.74248 10.5764 13.1292 7.22201 9.34708 8.62077 12.1242 8.72729 8.05477 2.73603 9.12846 9.28843 23.8085 10.9771 12.0743
187.926 14.7986 14.5315 10.4963 14.0503 6.42201 8.84198 3.4589 5.16774 5.8201 9.53859 13.9999 19.5681 10.7112 8.91144 12.6146 6.34825
194.878 11.2971 15.2694 17.4206 7.9552 8.94045 11.3826 7.66826 11.833 8.7118 7.3478 8.76532 13.7853 17.9039 10.7849 6.41803 10.0141
196.999 10.6907 4.35089 15.4753 19.0473 13.7285 8.97326 5.65324 26.0424 9.44643 7.63457 11.9501 5.93809 10.3991 9.03631 4.3263 6.19031
198.396 7.94702 18.123 3.45864 14.7619 20.3773 16.307 12.0826 21.6913 11.6269 7.12835 5.97552 6.98739 10.2471 17.2341 10.9099 16.7679
186.094 12.8539 22.2345 11.7371 10.0619 13.0764 12.2054 3.8096 11.7929 12.7584 7.5044 10.8959 5.2929 7.28455 15.4573 4.02896 15.1654
176.098 13.5679 7.74076 12.5852 18.5815 12.9667 14.5678 12.6871 5.02465 9.9944 9.52397 7.13401 6.44365 10.8403 13.4994 14.1133 14.4163
169.171 6.38191 7.92882 9.59194 5.18681 7.45404 5.9603 8.08234 16.5854 8.78994 8.23619 10.6464 8.72369 12.4456 12.6482 22.2203 14.288
178.912 5.48211 9.05485 5.56179 7.10566 1.94805 9.47104 5.8406 9.27926 8.22257 14.1238 5.87914 8.88745 11.1356 14.0244 18.225 13.0198
189.988 5.61142 5.95641 3.42486 10.9126 10.482 8.59459 5.79921 6.99465 3.33026 8.69492 14.629 15.1973 8.56303 19.4985 24.6298 15.4137
189.141 8.8821 3.85513 11.6726 17.8481 8.58587 12.1106 8.22583 12.8108 6.35214 13.0533 9.17797 8.76886 12.3805 13.1782 11.3706 11.9018
194.048 15.4754 9.39916 6.36607 15.9131 14.6143 5.25396 9.71677 7.77783 5.54608 6.85035 10.3059 10.409 5.72944 11.3914 10.5039 12.1225
186.407 10.4635 7.86904 14.9206 7.74951 10.9315 15.2027 8.08504 17.5974 5.71142 10.184 9.28942 10.0169 12.9329 8.79106 9.2307 17.4917
182.784 2.86523 7.91481 16.9927 12.6081 5.54616 20.3343 27.3763 6.51916 7.7328 8.82727 22.2865 8.1095 12.9119 7.179 13.3318 16.5492
194.422 2.73534 9.9148 8.85323 10.4926 3.72478 9.60282 4.87138 11.7885 16.0974 16.6575 13.0003 7.76667 16.5703 11.3317 4.67162 15.5226
198.255 5.37193 15.4837 13.7415 9.38619 12.9453 9.17841 12.7909 15.8244 14.8736 2.54808 9.59314 6.49228 7.07172 14.5606 9.17487 23.6665
199.183 3.41576 10.168 11.7136 11.2114 9.99458 9.01777 10.1253 3.64519 5.36969 5.37747 4.71108 4.0633 10.512 8.34908 4.93619 13.5381
201.751 2.65409 20.0953 12.5957 8.52626 11.9003 8.49378 13.7449 6.97736 6.01134 11.7088 8.84815 2.73854 13.2022 8.81379 19.5103 14.4159
204.01 1.81648 14.1887 14.4708 11.1904 5.97915 13.1251 9.05809 8.91314 6.16177 7.16301 7.24138 5.87692 4.21572 8.2168 10.8298 6.93591
188.666 13.0745 12.6038 4.26048 12.9871 6.36761 5.59435 19.357 7.39678 9.53057 9.9707 12.4739 6.44426 8.59425 7.47947 18.8517 10.1474
184.382 14.8097 8.06814 7.95704 15.7044 3.86068 5.76196 14.0842 5.45679 8.70992 7.02507 6.1304 12.9852 10.3292 14.1311 14.1111 8.69935
191.953 13.3522 6.38528 7.61633 14.742 7.52211 6.27371 5.22571 4.97542 7.87772 15.5648 5.26774 9.43739 17.5944 11.2718 20.111 10.8063
200.106 5.96318 7.90247 13.0713 13.3607 11.2645 15.0646 10.2152 13.2255 9.19966 6.51941 9.99381 5.31227 12.3872 6.57286 13.3761 13.5244
194.877 5.96318 8.59355 4.53266 13.789 11.0078 17.5448 6.88846 14.4874 7.67087 3.48247 9.52941 9.68041 10.1231 6.72235 13.8555 9.94909
176.183 4.97293 6.51705 6.7418 17.3763 6.43331 13.8293 11.2834 13.3258 9.54382 9.70631 9.20499 15.3551 7.38425 11.6877 15.4261 10.3257
200.556 5.16347 8.55708 5.06398 9.57066 11.2171 11.0278 14.4116 17.5211 4.17606 10.6873 5.83747 6.10831 9.43504 10.7119 5.75438 11.5083
191.282 13.7061 9.1336 13.2355 14.2263 9.34139 17.7167 5.48007 4.53774 6.82191 5.48522 4.20623 10.4076 6.77721 8.18516 5.28988 15.2296
174.18 8.32555 9.97762 11.0916 13.3223 8.9304 22.0513 23.0239 8.82124 8.09726 7.83691 10.9032 13.9301 8.43943 10.6713 6.30708 10.5716
198.539 7.58596 7.04863 5.06734 4.63988 18.9458 11.9107 6.81087 8.71157 7.47498 7.98995 10.6463 15.5227 11.8998 14.8413 10.8108 12.5694
205.106 5.77903 8.53233 6.27871 7.2047 9.79594 9.07106 9.7905 10.6985 11.6939 20.0765 6.87807 16.3095 12.4766 9.04363 14.8897 17.7769
187.145 5.79773 7.81697 5.39527 9.5522 9.4557 10.1969 5.20367 6.27429 11.8749 11.8553 6.54717 7.07822 13.6605 8.0002 7.97767 15.3579
191.016 6.29884 16.6914 11.5218 5.12422 15.3347 15.6637 9.27789 3.32954 11.273 6.67075 3.47646 10.5041 13.872 6.04717 9.21016 10.7344
192.225 4.80975 5.67215 8.58127 6.6564 25.3537 6.59205 11.4111 8.83711 4.93483 12.1943 11.5791 22.9647 14.0303 8.61083 13.7956 26.3633
197.46 4.70595 6.30046 9.60378 9.53542 10.3974 5.16097 10.0523 5.61313 5.45036 16.4328 4.29453 14.4078 8.36563 6.90708 13.5864 12.3886
179.256 16.9236 9.61321 9.46607 1.97053 6.90468 9.31688 7.74478 9.98964 5.41708 4.70231 10.6464 17.9687 8.02192 14.5958 10.0918 11.3908
199.41 12.6854 7.61933 15.3393 21.2552 4.23353 8.07773 6.64111 10.2554 8.05028 6.29813 6.75369 15.1045 9.98778 4.153 18.0646 14.3952
202.349 3.34223 8.19401 13.2822 8.90975 9.36033 13.8406 14.8064 8.0409 7.66299 8.68536 5.60258 13.4261 9.29857 9.3901 15.2412 9.33794
187.895 3.14609 6.11355 16.102 3.89799 5.74691 14.5564 5.55238 8.8768 15.6214 12.9313 7.04643 15.0931 7.47861 6.52906 8.36383 11.3054
197.398 8.13885 9.0267 15.6556 3.49178 10.6418 13.7477 10.3522 12.0926 6.51838 15.6712 4.98604 6.18938 7.30988 8.82245 3.94927 13.5435
191.658 5.85666 10.4728 11.1595 11.8106 9.23542 12.0232 10.0995 17.9954 8.71471 6.93897 0.908781 10.1213 7.91991 5.99905 10.638 14.7878
191.229 9.87881 10.3497 15.7448 8.5543 5.34398 12.593 7.74056 15.1809 3.46898 12.2363 5.27051 14.7357 13.3618 12.5274 12.4634 21.8963
196.19 9.63773 6.80164 5.01581 22.7699 8.97133 13.7488 11.7997 4.64472 3.64969 18.3969 3.39919 7.2513 7.58272 12.0521 10.8019 12.4661
182.462 14.8869 15.5927 19.4597 6.76974 6.04988 12.786 19.2283 11.1707 13.9383 16.5537 6.80027 5.75312 12.0644 10.5191 12.9086 17.5683
184.468 7.52416 3.98078 10.9861 10.0251 15.2515 3.70118 14.4669 12.4777 13.6689 5.81889 7.57737 23.2595 4.96813 6.893 12.8341 8.57872
185.7 8.98523 7.45234 11.0841 8.50733 13.1725 7.38886 9.08939 11.4813 10.237 12.4372 16.38 13.9741 14.459 10.8275 12.7568 18.2451
185.454 5.10614 8.07997 9.75126 9.4326 10.0062 15.947 7.0744 22.3379 9.65401 7.43332 10.8143 10.7984 5.07701 13.8967 3.99115 8.97276
181.979 3.82276 11.193 4.28608 7.94754 4.53849 4.28617 6.285 9.41458 26.0609 7.17669 11.035 13.6274 7.14871 11.3959 14.3575 27.4959
190.859 11.8553 10.1371 21.1964 19.272 13.4524 7.90182 6.875 6.92429 11.433 8.91709 5.47926 12.2265 9.99962 19.1602 6.81151 14.8252
196.619 9.11092 9.48831 18.6355 14.2965 6.10144 12.0769 10.8145 8.9561 8.44809 3.91607 3.68089 4.83819 6.05726 22.6346 15.6233 8.97526
191.258 10.1107 9.9181 9.45336 14.2965 2.89438 10.0975 8.52773 10.407 11.948 8.96588 8.62008 12.6246 7.05666 12.7955 25.6834 18.7592
185.011 9.54889 5.08577 9.52667 11.7673 7.07225 9.44609 14.6535 8.93752 14.7552 3.74686 7.81726 6.72233 5.59568 6.83594 12.2745 6.28051
188.451 5.08381 6.81269 5.11703 12.8523 17.2181 9.41553 15.5014 8.85374 17.0825 10.9303 9.09472 10.5223 7.84051 4.32414 7.34928 8.55696
185.373 11.2515 8.76077 7.1989 11.7324 13.1194 11.7729 7.25372 12.3495 11.1788 6.5592 11.2933 15.1849 15.6417 14.1545 10.9966 15.1351
191.531 8.047 9.45405 5.95354 11.1349 4.32741 10.684 7.94826 9.95942 7.73678 9.82532 8.95413 19.5697 11.7289 2.45674 5.24693 15.4874
185.481 14.9637 5.93731 7.35074 8.47815 6.85037 9.75767 8.17213 10.1204 7.21635 7.54603 19.0725 13.3902 7.04664 14.0953 8.62454 21.9839
203.839 4.92915 10.1045 10.8096 9.17651 9.78176 9.23422 8.87548 9.42752 11.5899 6.43794 10.99 14.1247 8.59865 12.3001 12.5608 19.2271
181.055 13.1015 8.5059 7.73913 3.01825 8.38802 12.7285 6.85437 11.2335 5.80224 11.843 4.30265 6.54185 10.0952 6.34249 12.2131 23.1586
170.532 8.49874 8.20901 8.42574 5.68142 5.54948 11.2603 8.96432 8.93839 5.58721 4.41746 7.95935 13.8066 9.68595 5.30818 3.25281 19.5462
207.36 6.86336 13.1494 8.99024 2.74012 11.9912 7.88576 9.36238 22.0459 12.835 5.83556 8.66391 6.68598 4.63813 7.13577 14.568 15.2251
189.951 5.16544 12.9746 15.4972 6.55904 4.66649 15.6786 7.17423 7.1865 16.6517 9.73754 6.73802 5.434 5.01639 9.74834 14.6792 19.3105
199.392 6.023 5.76344 11.3686 11.4142 11.3348 11.6743 11.7612 8.60333 15.2778 14.1202 4.86619 9.56275 7.27495 7.90407 8.39152 21.9544
189.016 17.1049 7.98607 4.90673 10.6645 14.4312 6.92288 9.78805 11.7222 14.6723 11.1698 10.0814 12.7889 4.34589 10.4747 9.19617 20.0761
185.576 11.203 7.68028 11.2817 16.0153 10.1592 10.0459 10.5413 8.14939 17.5778 4.81834 12.7273 5.96996 16.7912 10.0469 9.55069 24.6024
205.026 11.1531 14.6981 18.2222 4.21668 12.6966 5.9387 8.41304 7.14109 8.81362 14.9296 13.6058 11.1719 13.2397 9.09155 9.27136 17.8903
205.026 6.16779 10.4771 20.4645 11.2559 13.7219 6.02868 22.1516 10.4219 14.6099 5.76558 10.9912 10.7924 14.4182 13.4612 9.12207 9.42972
188.325 5.7212 5.73216 4.25188 8.33204 7.3989 9.41089 22.9764 10.0956 22.3115 13.7909 9.87696 10.0008 7.9589 7.82357 11.8804 14.2115
187.926 9.26787 10.1377 19.0684 8.28514 9.83186 9.41579 8.99247 14.1738 5.36861 7.02738 7.83833 2.63783 5.47012 7.02325 15.1174 12.4795
183.038 16.603 8.66665 7.84693 6.18423 6.85197 7.13626 13.0375 14.4967 7.1655 10.5842 12.2664 13.8979 8.54628 13.1953 8.29053 14.2297
187.239 8.62825 9.02513 10.8673 3.89421 4.9456 8.44403 14.9109 13.746 8.55389 6.79489 6.84135 15.5443 8.28783 11.7474 9.11165 11.9014
187.205 13.1237 5.4481 9.00293 3.84071 7.78825 13.617 7.32954 12.8603 6.60325 2.26566 3.96289 5.75213 2.38806 16.9434 21.2307 20.1004
184.173 13.5202 10.326 4.45552 5.89171 11.1538 17.6917 4.68323 10.3179 5.6587 8.61137 8.74604 14.353 7.11058 9.16336 12.9498 23.0546
195.415 14.9331 6.21005 15.1057 6.50277 12.1039 18.1912 22.5739 7.0274 6.68877 13.5326 5.53677 16.9725 10.0233 10.9084 9.33873 4.62046
188.146 9.83933 10.4453 8.56206 10.734 11.1532 7.29629 11.9121 9.70565 14.7576 6.18228 12.9147 7.17925 6.74026 10.6358 14.5237 16.3471
192.606 10.1252 13.4679 7.30861 18.2892 10.2911 17.2915 11.5081 11.337 11.884 10.9622 7.30571 7.4955 12.2575 17.0285 18.0378 11.4184
183.1 1.8776 12.24 18.4588 8.99103 9.03245 7.16729 7.23612 12.1473 18.1527 7.95012 8.03417 6.13796 2.76643 11.6598 15.1563 10.5976
182.534 10.2024 15.7922 17.0191 5.05582 11.1146 20.8301 4.56544 6.16496 11.3328 7.13036 3.19724 7.5328 11.7811 10.3859 8.53505 16.2744
183.982 8.74082 9.09585 25.6452 3.03499 17.5418 17.9014 4.91717 12.8605 10.2516 7.12343 8.57759 7.5926 7.07238 11.6185 13.0987 13.864
194.821 11.7374 15.4735 7.40762 7.346 11.556 11.8117 6.11368 10.3 6.63894 7.54636 6.12815 14.8096 8.79109 2.58869 13.8233 27.9102
188.637 12.263 11.4332 9.25036 16.4109 8.55891 15.9666 13.5825 18.9557 9.26621 13.4345 3.64396 2.99193 19.5423 12.483 19.9597 13.0102
176.448 19.3851 9.1399 12.5002 11.1868 5.09026 16.6304 4.86204 6.68641 8.95462 6.59599 3.41208 7.17214 10.7305 12.7118 23.0915 16.3
193.89 8.39154 5.69116 10.8566 13.9901 11.0778 13.5495 8.26656 10.1204 8.69697 12.8243 3.52934 9.51111 8.50278 18.1231 18.5532 12.5084
198.451 7.9109 10.6287 5.4014 8.08986 12.3795 14.296 9.13045 13.2105 8.26138 1.54908 6.15673 25.0157 5.49913 13.0276 15.1773 20.8197
179.856 10.6066 25.9864 8.46366 9.8387 9.95889 4.72204 8.56874 18.0071 3.08656 12.5744 10.1568 9.60726 9.82042 18.0975 12.7563 17.0533
177.097 9.59437 4.26265 8.97127 11.2303 12.2949 12.7185 7.4056 7.38556 6.49955 5.18629 9.18349 5.07008 16.5017 15.3531 13.776 6.14525
179.441 2.20137 13.642 8.7102 9.24372 9.51605 17.5917 11.9183 15.8019 5.87936 3.84047 7.61538 6.40451 9.42942 6.1375 12.3602 20.5269
180.031 10.6745 22.1718 14.9125 10.5444 15.4117 12.8919 13.4904 8.78595 6.35194 11.3706 12.0753 15.1944 5.85122 19.2366 13.0695 18.4917
177.577 5.65044 20.8814 6.76752 14.2159 12.4785 9.05383 7.35492 8.83338 11.9917 9.94251 10.8541 17.2937 7.66776 10.8406 13.7979 15.1128
190.893 9.47721 18.8284 5.83561 4.12888 16.1665 8.92482 7.64231 11.6157 11.9735 10.2116 18.0382 12.1918 19.5645 8.20469 16.3556 14.3975
190.136 13.827 10.206 14.8863 4.32132 10.1322 9.02262 7.72353 5.26131 5.29993 6.43593 12.2373 15.3209 12.1982 16.0706 9.2257 17.668
188.609 5.97915 2.02961 25.5941 7.06414 9.82953 8.8746 14.1934 14.1785 8.29127 10.0674 5.63367 6.55977 9.50196 11.7403 4.90353 11.9877
180.587 10.6936 6.2628 6.10254 6.13931 7.32399 16.1028 15.2359 12.087 8.50542 6.83712 1.98585 6.16349 9.43832 9.91672 7.37365 23.5897
193.955 13.8464 7.04681 7.63059 24.4278 6.78935 6.09694 6.8296 12.4012 15.3275 13.8618 5.7298 12.2926 7.81019 7.41273 5.96245 17.2724
175.91 4.32111 2.02698 8.7621 10.4456 5.68396 5.71043 13.0665 9.22152 14.5528 14.4052 11.2299 14.8466 7.33346 17.9869 7.98458 7.12912
192.642 12.1039 10.1124 16.4116 7.53474 5.77992 8.97506 3.29335 8.15099 8.50005 13.6762 5.10519 18.6614 4.63725 11.051 15.6867 12.773
177.936 14.0473 11.2071 11.6506 7.94562 6.5916 7.69827 5.24003 9.40294 9.36578 6.93888 4.28114 13.136 12.8968 10.5455 13.8297 23.434
190.809 6.65418 6.91176 14.8316 12.5666 15.567 18.8728 6.178 7.34279 7.93575 8.8706 7.47727 5.1172 9.5771 16.3068 16.4376 14.318
193.465 8.4317 10.4306 17.1544 10.144 3.88856 11.3933 8.04112 4.76929 8.75318 8.10876 11.5432 10.4903 9.35421 8.0675 16.1948 15.8709
204.132 12.5378 15.9678 9.93683 8.13006 5.39054 15.0248 7.90104 14.36 7.23054 8.76631 5.85114 4.78627 12.8864 9.44507 6.08553 23.0075
188.629 18.4445 6.36191 9.17442 9.76694 5.27771 17.6217 4.8593 8.73239 13.6745 9.08894 20.3173 4.48002 12.2766 7.3745 9.47072 20.1354
191.907 2.82815 9.86617 17.0669 10.6858 11.0857 19.7456 9.33899 15.7802 5.32525 13.86 12.8923 8.57027 8.04728 2.4347 12.853 18.3106
195.269 3.10752 13.0564 12.3092 11.153 15.3436 11.3675 6.71648 8.63079 8.82428 6.31655 6.44318 9.53835 9.65827 19.0702 13.6568 20.567
186.982 5.10411 10.0003 11.3298 8.84211 15.4593 8.64367 7.43546 5.77514 5.04785 8.77515 18.1389 9.17243 10.8373 8.81306 11.3198 10.7853
183.718 6.3939 11.3013 9.18137 13.9574 17.8889 10.0931 13.8679 10.9546 5.21008 16.251 9.71331 13.0567 7.71633 8.08923 16.3059 16.9042
186.422 7.17079 8.27414 4.49627 13.4935 13.6749 15.6486 17.6945 3.91532 8.58282 12.7747 11.4667 19.5031 7.14573 12.7014 9.20705 24.4556
175.604 12.7588 10.6769 5.0611 8.42764 15.8643 4.47103 10.7943 9.09572 6.38514 5.91062 8.14601 8.0871 12.6832 3.82858 10.1025 17.2531
194.114 5.30439 8.26155 4.27128 9.14195 15.3968 5.1719 8.3663 6.74401 3.38699 17.157 5.75399 6.723 7.62964 24.4295 14.5305 8.76409
190.039 8.94992 6.50379 8.08219 11.3938 7.32185 10.4642 13.1728 18.1818 8.34572 10.85 5.75797 8.75102 17.0231 9.98486 11.8484 14.2272
198.209 7.76941 7.97093 6.58343 8.12796 13.8332 3.60896 11.5519 2.66318 12.0873 4.03411 4.95033 10.476 9.35039 10.8841 17.6563 8.42071
185.535 5.0464 11.1437 11.2654 11.7248 9.32976 8.49116 4.55874 3.85345 8.18891 12.869 10.2221 7.62724 8.36914 8.35405 11.7196 15.5318
191.234 3.72817 10.5165 14.4076 9.11103 9.01694 10.4269 5.99899 5.5968 4.41172 6.13998 9.19207 10.0531 12.4852 17.6524 13.399 7.01783
199.53 11.9917 6.00653 9.80147 9.46098 6.89835 10.8337 23.5897 6.70244 6.16546 7.38592 15.409 11.1956 10.4537 11.3166 6.53059 17.6683
190.405 11.4889 9.68671 12.511 6.99866 3.6795 14.585 3.26585 16.2149 5.05122 6.06422 16.618 10.1656 6.99216 8.98782 13.1807 12.5226
185.023 11.1175 11.0752 10.1273 5.02675 7.05789 7.80908 10.761 19.1845 8.18576 5.74264 15.9786 8.96051 10.8635 13.8593 21.161 14.6071
194.295 5.97202 11.0328 14.7248 7.49383 8.6722 12.565 5.86283 8.34113 7.2239 7.57285 16.0658 4.7185 7.96591 14.9712 8.55271 17.2888
195.69 9.28379 9.39811 6.26331 6.88754 5.84728 11.4664 11.4792 9.51891 10.4581 7.45187 9.24456 7.86134 10.1865 16.7811 10.5728 8.63304
191.898 8.50239 9.08815 14.4982 5.8067 6.79629 16.3566 11.8572 16.6263 12.9424 4.56461 13.1959 12.05 7.17425 7.24081 18.7717 12.1708
188.676 8.29541 11.9723 8.14256 18.4745 6.93112 7.10788 7.87216 8.54575 7.37044 11.3964 7.22916 16.867 4.723 3.96354 11.2078 9.04364
186.041 6.39918 8.63089 5.89888 6.23632 8.64479 5.68189 6.51065 7.03978 11.0424 8.10118 9.58594 13.1811 6.30568 6.45485 9.6551 7.55696
195.271 6.69501 15.5243 4.22229 12.7297 5.62435 12.5886 20.2538 8.89009 10.4452 11.3356 9.83361 10.5628 8.81552 12.7274 10.8824 7.92585
190.546 16.7022 15.1258 4.17554 10.1272 7.82365 13.5648 11.935 14.705 10.4002 10.7759 6.5511 8.49953 10.2492 8.57004 8.42011 13.2923
189.542 3.72082 12.7136 9.89584 7.16271 9.65405 13.7497 1.8685 9.68506 13.2981 6.20305 5.92295 9.76827 5.53106 17.6866 4.92804 12.7725
175.71 6.2405 4.85142 13.0328 9.44141 3.87838 9.67418 14.3942 4.90548 9.56935 5.79051 12.766 5.11792 11.9248 14.9314 13.1932 13.4648
204.063 8.13145 11.3684 6.40379 14.8519 4.78717 6.14083 7.99739 7.58125 13.6952 8.53079 7.35123 11.7568 3.29944 13.3635 12.4729 17.2633
191.47 10.4709 6.48504 14.5948 9.09582 7.96288 10.0554 6.67698 5.28967 6.30709 19.6054 12.45 8.84095 5.51426 10.3178 5.22783 4.4594
193.656 6.99861 10.0613 8.91061 14.8807 12.1114 14.4874 3.84665 9.26087 5.64723 9.53357 5.76357 8.51309 17.1946 6.17983 12.0141 13.983
200.246 7.08234 4.17184 10.3887 12.6269 5.54892 7.25989 8.05499 10.5278 5.38895 8.11031 13.868 9.73286 10.7943 14.9104 11.7017 15.5312
205.696 8.67485 8.62626 10.5367 14.8726 8.64002 13.5358 12.6441 9.5668 10.8285 8.79447 18.1215 7.91517 17.2461 21.4384 12.0745 19.1488
188.034 10.3816 17.8371 16.2473 14.4622 10.644 9.1852 4.28299 10.8407 16.4184 5.01349 6.12052 11.647 2.8311 13.6165 6.8802 27.1374
185.983 4.82677 10.5829 7.4661 6.48164 7.64018 3.29041 7.28899 2.84149 18.298 5.94101 19.8478 4.39794 10.694 8.3125 10.3257 22.1841
197.664 2.6766 6.58003 5.41241 3.59289 9.1233 4.52587 9.56951 8.30766 6.3956 7.69811 18.6393 19.0614 15.8667 11.1647 14.5785 6.68588
189.22 5.50778 14.9751 9.83416 7.31497 11.203 8.93646 8.56302 11.1637 5.12173 4.75055 9.3472 8.76303 5.31882 10.0793 15.371 21.2187
182.773 4.42344 5.99186 7.7684 10.1257 13.0141 4.76976 4.64281 6.90131 4.17571 8.92852 10.4113 6.23319 3.75792 15.1199 13.8111 14.0172
193.805 15.593 12.1556 6.24056 13.6618 9.58873 3.49368 10.3649 5.91808 5.80125 6.79503 9.34595 5.59859 8.86462 13.2344 11.771 18.9446
196.926 7.37905 8.79295 12.8664 8.17008 18.1527 4.46967 7.23686 11.8204 10.715 9.66904 11.2818 9.16583 16.4479 15.5515 14.3017 12.6423
195.328 10.295 9.15964 8.78727 3.19829 9.97253 15.6622 7.60187 8.58512 12.4466 15.618 9.07537 6.4629 20.6059 10.5787 8.79767 6.81466
192.649 8.33749 7.61551 6.62466 10.8316 9.53441 15.616 13.2118 13.7405 7.34708 8.77147 17.823 7.88801 9.58323 7.98276 10.7439 14.7241
180.378 11.8944 7.78788 9.20799 17.4681 4.41132 3.71128 7.15849 17.3611 7.91019 6.82478 4.1202 5.88463 8.71138 6.48549 18.9521 15.879
187.728 5.62702 13.6548 7.07948 7.9841 6.59313 9.77448 10.1861 10.9631 8.37823 10.4187 9.75228 8.69214 7.92803 15.2046 5.71631 11.6276
193.216 9.7832 14.1004 13.8132 5.69218 11.2538 10.686 4.63543 11.2583 18.3637 10.9194 7.40108 12.9533 9.23482 12.6375 8.50785 15.1076
191.41 8.30187 13.1005 8.99981 8.02308 10.3869 15.0054 5.85777 14.3214 14.6637 1.85182 13.4192 8.27819 11.1501 12.518 10.1117 21.2438
191.317 10.0368 7.20223 7.26245 12.8326 12.017 15.8004 7.14517 10.1985 14.9684 8.46592 12.224 7.33757 8.83772 6.36912 4.76072 15.1612
191.606 6.5096 7.80679 7.03231 8.91008 25.4108 6.17357 4.72936 12.0248 5.51662 8.16363 10.5006 9.51069 9.86177 3.72969 18.5718 8.85271
189.978 11.6133 10.8609 8.25982 8.60341 7.62502 9.61334 18.4214 10.1497 24.5386 6.59164 8.18441 19.9994 11.7567 12.7824 10.3521 17.8556
190.287 15.379 15.5097 10.9663 3.40943 8.0946 13.227 8.92102 7.10229 11.5937 8.08331 3.26942 10.8499 5.9217 6.32923 7.05717 10.6866
192.199 11.2837 5.71171 11.3948 3.47979 12.6877 3.66503 7.86517 10.1907 5.59371 14.4959 13.6792 10.6309 15.6296 12.5945 11.3273 10.3405
199.059 17.3112 4.88151 10.6637 4.51118 12.0243 15.5631 9.6715 6.24017 8.00386 9.85606 12.5684 13.246 5.32092 9.23935 9.02566 9.55033
175.115 12.6435 5.92007 18.0081 9.8399 7.69846 23.2469 15.4045 16.0685 7.46749 12.3777 13.0372 13.8279 12.6761 10.2277 15.9337 19.8567
188.813 8.69452 12.5769 9.93892 10.8193 14.5646 19.4384 14.5162 3.71352 4.65193 4.18984 13.9626 6.34023 13.755 7.21548 13.657 14.8939
192.146 15.0205 13.0509 11.0421 8.19523 9.68812 8.72016 6.66924 15.1473 11.342 6.14944 13.1304 10.5143 11.7579 8.24761 10.1625 14.9563
192.024 4.7105 6.12501 13.4565 13.4937 14.2504 12.243 5.60547 6.92925 11.0012 9.77413 12.2384 3.75687 7.44671 11.5919 5.77751 10.0081
185.715 9.18843 1.87501 8.6513 17.8619 10.3405 7.55539 10.1452 9.72219 10.7764 4.45704 4.88565 17.2836 11.8772 13.0142 13.5915 13.8945
192.737 21.3973 8.95765 11.9201 10.5233 13.5445 11.131 4.28146 8.92973 8.83204 11.6032 9.00025 5.6999 22.5735 16.8907 9.1257 9.0573
187.748 15.6275 6.59664 7.42923 14.4299 15.7423 6.89998 1.84566 8.88845 5.67927 7.21884 7.25096 9.21656 9.23289 16.4864 18.2338 9.46169
177.992 10.4636 7.97386 8.02593 10.221 7.17831 8.19307 9.28453 8.49993 7.18158 6.80248 11.346 4.4694 9.17341 13.5957 15.2853 4.33343
189.355 12.8322 20.3972 11.2621 8.69462 10.7453 6.29376 7.6249 5.71347 9.67661 5.17537 9.57212 8.98231 13.6847 11.0168 16.7311 22.0097
211.836 9.1975 9.71378 8.1244 6.66046 10.5059 9.95976 12.5717 6.98065 7.33099 11.7232 14.3751 11.6124 11.819 8.77963 15.6863 16.5716
201.788 8.94802 13.1409 12.1517 7.35726 11.0574 7.73607 14.1285 9.78419 13.4494 8.82766 8.12504 15.8587 5.89447 10.6317 13.8611 21.3197
186.055 6.6388 7.25271 5.74616 6.03316 14.996 8.73349 8.37684 8.36739 6.8734 5.48609 9.26397 10.6653 8.20273 15.0677 10.287 23.5144
194.907 4.95459 9.86063 4.29285 3.9347 10.4521 9.48901 8.47852 8.74624 6.94271 5.48609 6.02796 15.2731 8.11921 13.7891 11.0144 16.596
191.733 7.81768 7.50869 7.27392 9.66963 4.95984 9.82966 8.5607 12.6309 5.36753 9.89772 4.37569 11.2031 6.15792 12.9804 11.9489 19.2597
202.924 8.28396 5.06128 18.5096 8.64982 11.0628 9.68717 6.25963 5.63172 14.4541 11.8725 4.08086 6.17174 15.6968 11.7168 7.10435 9.73162
191.084 10.1655 6.70467 16.0661 9.98311 10.8921 16.5117 9.56159 6.4486 14.5032 12.283 5.04969 8.92425 6.42948 4.25532 10.1612 15.4433
187.074 8.50404 13.2877 11.5344 12.8452 14.7953 21.4543 10.664 11.5197 9.91176 12.7379 15.2484 23.8522 9.31533 21.6118 8.0024 9.86327
178.092 5.57954 12.494 7.70699 10.0723 6.4188 20.6357 5.69526 12.1068 4.88171 8.90691 10.6487 9.43287 5.80476 10.0515 3.70106 12.0997
178.092 8.73638 6.56764 7.4322 12.3858 15.1078 9.1222 9.16368 8.19783 4.89547 19.0225 6.5064 13.5204 4.586 10.5165 4.8995 7.0562
190.553 20.0108 6.66665 7.09968 11.1676 12.1283 6.16579 12.6415 4.36323 10.5655 12.021 13.3813 11.4131 7.49202 10.6664 6.23424 20.153
188.329 10.6326 8.15513 11.4169 8.87333 7.70521 7.95223 9.01621 11.8451 10.5499 3.14233 12.3611 3.59844 10.616 9.84398 4.3917 11.7554
190.297 6.28803 10.1039 10.4926 2.75088 6.29936 12.9978 5.94572 12.5774 3.03931 11.148 9.4257 16.9212 9.59836 8.44616 19.8879 11.6473
179.038 8.53616 3.55998 12.7864 6.17681 5.85599 13.526 10.5369 17.5301 6.60421 6.32388 8.21174 4.79178 7.98393 9.26243 14.2136 16.5634
179.495 4.29315 6.70488 12.4099 7.07272 13.3914 10.0619 16.8974 13.4161 13.4902 8.9354 9.95272 21.6646 12.2836 10.0962 15.836 17.6127
196.456 9.0732 14.4412 11.6317 5.41028 4.52831 11.4589 14.5198 7.38007 8.2409 4.75661 6.05324 19.5545 12.3848 12.7647 17.4075 15.8719
192.245 5.49165 6.15424 3.32536 8.02199 9.39591 13.4982 5.9787 12.6989 8.93232 7.39252 7.88775 19.3339 8.72294 8.29316 10.0374 19.4255
192.937 8.59687 4.20861 11.853 9.28555 8.74058 7.60442 8.01074 14.6598 6.87243 10.0533 11.2591 8.50923 3.58402 18.5077 14.5827 13.7377
194.627 9.46657 6.28825 13.8288 7.53019 12.8162 4.09387 4.77873 9.72349 7.00905 8.07274 7.6596 8.54223 16.545 2.74317 13.0655 9.01067
195.857 10.0316 8.27251 21.0577 11.8114 17.8586 5.68467 7.82852 16.132 2.44502 2.79082 12.5816 12.6936 6.75137 7.75609 8.31937 12.6368
181.692 6.01559 11.1636 11.1433 10.5153 20.3307 11.9873 8.99419 10.131 8.52999 8.4987 9.02496 8.64504 12.2711 14.1771 12.3871 15.7379
187.282 3.67805 6.31285 11.0829 8.75529 5.66182 2.32644 10.6841 3.96991 7.14548 11.0857 6.92846 3.05644 5.23406 15.2511 10.3603 12.9169
194.616 10.0361 6.72844 17.8167 9.59107 7.18976 3.72515 6.3217 6.37323 3.74859 6.87512 10.6348 5.42393 16.145 10.2452 14.665 13.0257
183.136 5.05226 5.60157 19.271 5.35423 9.50592 13.104 4.60234 4.65882 6.14821 4.53048 5.08346 8.56504 26.6239 10.4713 8.38945 13.2995
201.575 7.87569 7.22254 12.2171 7.73436 10.1223 10.967 12.9025 15.506 6.633 4.99053 5.67648 11.978 14.4572 9.85001 9.72245 11.19
202.295 10.3174 19.6737 4.18041 9.26294 6.50117 10.2341 7.55586 16.5672 7.55954 6.62922 13.278 12.0578 14.3775 7.93769 9.59043 11.4587
203.683 5.89937 10.9948 14.4913 10.0928 7.77553 15.4033 7.62669 11.9156 3.13009 4.28329 12.9306 10.4358 7.40344 10.2832 12.8977 10.828
198.272 6.55016 11.0247 10.1036 6.70844 6.35374 9.38884 7.21799 12.6392 8.99306 8.77009 8.99455 18.4112 11.5827 14.5886 24.4835 7.12391
172.117 6.45921 12.0566 7.2664 7.90456 10.9538 10.8091 10.751 7.04095 7.93052 12.5722 4.22034 23.6875 13.8685 20.0037 20.2522 10.292
192.786 6.39542 8.26885 9.51961 19.845 8.03063 9.6954 11.8042 3.69999 10.2642 5.21326 16.8766 17.6313 11.0186 18.8209 12.8999 9.74431
186.54 5.02984 11.1384 3.99788 10.4514 21.864 15.4375 10.0249 7.42169 6.72197 8.6202 7.0481 11.3705 9.28602 9.94578 13.3179 11.911
174.645 2.68586 17.391 10.5352 11.4427 4.36327 11.1263 9.04161 12.3301 11.2272 8.32203 10.9374 14.949 10.1157 5.29295 7.26383 13.1949
182.303 12.105 11.758 6.10457 4.81913 20.3104 5.31289 8.48387 18.0285 8.15064 6.97756 11.4656 7.78835 5.66149 4.7119 10.6129 20.1499
186.055 8.38342 5.15016 9.09366 7.14238 10.4243 10.8336 9.29707 10.6226 7.3846 10.1211 6.88637 10.3382 8.4119 8.9529 13.4065 17.2871
182.062 4.86531 12.6991 7.85071 6.89921 6.60017 7.90153 12.4982 10.5137 11.1551 9.61318 7.342 9.27533 9.97184 11.7881 10.2804 19.6477
182.476 13.6624 6.5 5.96722 4.79196 16.2208 13.0685 5.80216 12.6999 10.5316 7.77586 4.89994 18.9112 13.3389 15.529 11.9494 11.9763
192.527 16.5788 11.4015 8.39833 6.98256 20.1461 5.61156 14.8887 9.0374 7.76467 5.40691 16.3206 9.18871 16.4579 5.43778 9.08543 15.0102
182.556 17.2785 7.84889 9.56484 14.8273 9.71558 7.1656 8.64714 13.7775 9.64177 21.6872 7.78886 4.83495 15.8688 9.31616 16.9447 13.1573
187.47 3.38671 12.7604 11.1565 4.08656 23.636 10.8249 7.84426 6.54094 11.182 10.0837 17.2393 11.412 6.4879 9.54128 8.97901 22.8311
178.196 10.5195 6.41268 15.6024 10.6618 13.2521 7.83511 6.90378 14.7911 9.16028 4.72185 7.36607 13.41 8.51196 9.65011 12.4262 17.883
189.876 5.96948 1.50292 6.43384 5.63866 13.7078 11.9242 4.88342 21.6521 9.39438 6.69199 6.38311 7.12049 8.67856 10.3553 9.64363 17.6657
199.153 12.6346 4.15163 8.9544 12.3368 13.7055 12.5034 7.56915 11.0476 12.3533 10.2843 11.4713 8.27605 8.67292 9.21921 11.3745 12.1664
187.993 12.2019 7.60043 12.451 4.23333 6.94184 9.328 6.66973 9.41268 10.8712 7.09768 7.72891 10.8107 8.8673 16.1575 18.587 7.03339
199.919 10.208 10.7852 11.6111 4.95967 5.02443 5.31048 7.6479 9.01701 10.953 8.52146 9.41363 14.43 11.2553 11.5059 17.0561 15.353
193.51 15.8915 8.73495 5.30987 7.57904 14.2006 12.6598 9.19648 8.04035 6.50754 6.86458 4.27643 9.69618 12.2025 9.0403 9.41203 25.6523
187.483 9.81463 13.1889 8.79658 8.42609 22.8052 13.0032 9.06656 8.05646 7.33028 3.01432 5.13269 10.0137 8.17205 9.01353 15.0727 15.9609
188.043 8.77848 9.07635 10.1961 8.57323 8.94079 21.571 8.83288 11.4805 12.6194 5.60593 11.7783 16.8286 6.02796 12.1864 8.90847 19.1054
179.873 4.38022 15.3916 10.3699 10.5436 7.55605 21.7924 14.9464 10.6727 12.0849 9.96777 2.93774 9.9799 7.68289 8.90102 12.3161 19.4835
181.385 16.3623 12.5618 6.58399 9.37823 6.99469 10.7287 23.5153 13.8568 6.27331 10.4705 7.07374 14.2123 9.40411 9.45458 11.6023 16.995
193.861 6.85609 8.10815 6.98565 10.6479 7.80726 14.9135 13.0079 6.15462 11.6191 7.66208 9.32871 4.09901 5.45915 7.62185 17.0015 16.9629
184.246 15.1017 7.33915 13.6109 10.2895 13.4143 10.1698 8.90341 13.0533 10.776 5.8683 20.121 7.63944 6.22321 9.33842 13.1313 12.4856
188.357 14.3625 11.9008 9.37399 7.43455 6.54614 8.74027 11.3281 14.0839 9.17436 5.17417 4.35619 8.06728 7.45913 11.1987 3.55113 14.7411
189.57 6.47519 9.77935 12.0539 3.92244 7.88516 8.51243 8.47099 4.30536 14.3416 9.32592 5.50869 4.56232 10.7314 8.35266 7.23646 6.12415
191.443 9.38599 13.8368 10.8268 11.5627 3.38935 6.60607 6.34039 6.05008 5.91421 9.11278 2.01524 12.7642 6.44995 10.5081 8.98401 10.9964
197.537 11.7191 13.5035 19.3278 8.21431 9.23527 19.4256 6.43144 12.0453 13.4673 10.8596 7.34034 16.3336 6.84751 7.81855 10.5876 12.2141
200.291 9.9191 14.1272 12.6975 8.91504 14.9163 15.6424 6.30328 6.25178 16.6905 15.5086 9.14535 16.8833 6.76413 3.96456 8.60597 15.8628
193.169 14.4162 7.74805 6.27576 6.99353 4.53169 20.454 6.26237 11.0235 10.0576 9.45053 3.39339 10.3335 9.18658 12.9893 9.85431 13.1571
199.132 2.54923 6.34262 3.26585 6.96206 5.97864 13.0694 5.52654 8.64155 6.8817 15.5897 3.95679 8.22057 8.14908 9.08052 11.3255 7.95776
196.027 14.6748 7.39716 13.2409 7.16392 10.5442 8.92199 17.7515 18.9175 10.5597 3.81678 9.2335 8.5695 19.5074 15.4492 19.0977 9.13445
208.843 5.29331 2.44977 16.2884 6.64061 18.8197 17.1387 12.4968 10.0863 14.8192 7.04171 11.6991 5.77348 3.75457 8.13962 7.71342 19.3871
211.693 8.87794 5.18013 17.84 20.9288 11.4966 16.1141 17.9715 7.05137 9.14236 7.45257 7.47883 17.4064 9.03712 9.81798 4.32703 21.8028
198.252 8.22466 12.4409 16.9431 5.1322 10.6541 6.31702 8.67974 3.60479 7.75413 13.7685 6.69378 10.0419 12.8018 12.8224 16.907 19.8172
191.258 13.2689 11.9697 20.5611 5.55011 8.18007 7.90051 5.67546 14.617 6.10867 6.71115 7.279 10.4369 15.5415 15.377 7.07889 20.8331
181.097 6.39861 10.2164 12.5282 9.83662 9.0399 8.45865 5.27338 3.30307 8.94838 17.2668 4.37321 11.8264 5.98216 13.2711 20.0286 8.64771
194.964 12.3605 10.0765 7.15088 5.54437 10.0009 8.37262 6.75664 11.58 13.7059 2.69401 11.2376 17.8997 8.58036 13.6336 15.5168 15.6638
179.756 11.0304 8.59676 9.35445 5.6274 13.4816 8.91265 5.56183 9.69701 5.08046 14.6349 12.7037 7.29446 9.83621 13.7297 7.84861 17.9993
181.328 8.21596 10.4485 9.10336 5.08093 10.7502 7.24612 3.33815 10.983 8.64827 15.8093 12.8238 16.751 16.6699 10.474 8.90325 9.29241
193.234 2.65815 10.1869 6.54741 5.99496 7.03991 10.2992 5.73337 9.59628 8.91615 6.45618 9.67895 6.34392 11.2579 12.0474 6.96301 11.8542
191.304 8.23732 14.2058 3.32452 6.64457 4.31714 19.3458 8.83047 11.3172 10.0077 5.2621 10.8794 8.83685 9.2105 13.384 4.9908 15.8313
184.162 6.38659 9.38279 19.1253 3.81831 5.76111 11.4839 11.2383 10.3873 13.1897 5.92783 6.14405 13.3699 10.2196 8.48282 12.06 12.9266
185.146 13.0141 9.36334 13.7477 10.2774 14.654 9.27744 5.76974 15.8951 5.90084 5.33276 10.2033 12.5089 10.1922 10.2695 22.6905 22.8204
171.715 6.49768 10.8269 13.3592 11.2102 13.5078 6.28059 7.06302 8.95118 7.16267 13.9053 5.28609 13.8357 7.6317 4.34061 15.4853 12.6213
180.223 7.85596 10.0389 8.63389 6.82518 17.4027 7.39871 10.3346 16.4698 8.15519 4.04489 8.09568 13.6756 11.2447 7.29783 7.63273 14.1384
197.406 4.2092 9.36653 8.51642 15.098 13.4799 12.0336 5.02197 11.569 9.67989 6.22528 6.61499 11.856 3.25988 9.76145 9.02902 27.7337
198.473 12.9596 7.81501 8.22543 13.1924 7.04906 5.24783 8.11041 13.2551 11.628 7.73964 5.88423 13.5531 7.18726 13.2806 13.5818 5.5943
197.38 11.0369 6.87608 4.56961 6.742 7.38871 10.0893 23.0289 10.4799 10.8327 4.89478 8.51163 19.3021 8.3244 9.99594 8.53075 10.7357
207.824 13.7522 6.86618 6.1511 6.69674 7.43668 10.3757 6.57133 15.4531 9.29317 9.17536 6.26252 17.0976 7.99041 7.80297 6.60975 26.9598
177.625 17.1975 7.30753 12.5621 9.92876 12.4393 8.64357 5.38707 5.88136 12.0497 13.6752 5.03834 16.534 5.91674 6.18496 11.3608 18.1622
186.308 7.57759 9.61838 15.5539 2.58326 8.11967 9.3094 11.3391 15.8959 5.56566 20.3804 12.7386 5.72876 7.52259 5.29345 10.8199 17.6769
176.511 14.8821 12.1787 12.0712 19.3602 5.05833 10.4919 6.46259 9.29535 9.12653 7.59325 13.5812 13.9984 14.6301 7.04628 15.6774 9.88298
185.563 8.97779 20.9874 15.4119 12.2123 6.63876 15.0282 7.50052 7.84511 5.44056 10.6145 8.74609 11.6404 14.6301 13.7485 10.147 12.0902
183.617 9.65154 9.34575 7.80252 12.14 9.92709 13.975 13.2933 8.75479 12.2807 10.0045 9.0695 11.1187 4.50456 7.41458 5.9081 10.7715
187.498 4.73927 7.73466 11.9523 7.665 11.0514 13.8857 11.9462 10.9274 9.09543 13.0409 6.62859 15.6453 13.192 10.264 6.70033 18.369
189.773 13.2609 5.33334 5.43295 13.6566 10.5522 13.3362 2.03575 6.38075 6.86253 12.0952 7.44998 8.30018 9.5232 15.5304 7.67574 8.62616
186.822 5.16414 6.44428 16.9513 10.1458 7.24473 12.8578 6.42615 11.4913 9.48039 12.3263 9.95252 9.73375 3.3348 10.5711 8.38271 13.6128
184.523 7.01172 7.19433 10.7734 10.1047 4.4148 13.5206 14.8363 12.4569 3.82854 11.8016 7.63234 10.007 8.77455 15.4053 7.96998 8.08688
189.035 8.03575 6.19675 6.62258 12.0554 6.92786 16.7316 7.28124 21.8275 3.74941 10.4004 17.4093 5.17853 5.5394 21.2808 10.0364 11.144
197.54 10.0674 2.81899 12.4123 14.7251 11.5828 9.74503 10.4019 4.94864 5.80934 9.79284 12.4565 12.8906 5.18182 14.6331 16.909 18.1489
193.176 15.6895 8.32073 13.7328 9.49226 10.1966 7.95446 8.45719 3.5929 5.39908 7.84776 4.47489 10.9469 6.58685 15.6204 19.5131 18.383
174.5 16.5114 9.58599 3.09955 4.71209 12.1878 10.0834 8.10395 6.9767 7.14152 4.22435 12.5803 12.2334 7.80342 10.0078 11.1274 17.5513
189.581 13.5797 3.94015 1.65531 5.82729 9.20082 10.6659 18.9877 9.94116 7.39977 6.90862 12.5923 14.0049 12.2676 17.3082 9.63331 13.8239
181.356 12.6687 6.11791 9.03906 9.21306 7.43558 10.9149 4.43514 11.0091 10.4481 15.1023 11.0445 10.4593 9.85487 7.30113 15.7647 15.7241
175.926 7.53662 15.7653 4.3116 8.81377 6.64893 18.2106 9.11508 11.7376 4.25562 4.53282 13.2406 12.0838 5.83267 10.0361 6.06711 14.5154
177.927 7.45098 9.839 4.14967 6.81837 9.4583 16.5878 23.8839 6.2864 4.49679 5.3771 6.96534 6.83183 10.6137 5.61074 7.97542 11.0542
174.903 4.14713 2.95092 5.98965 12.1326 10.9524 13.7818 9.04749 4.08849 13.2288 8.99377 5.93424 7.84369 3.38222 19.1686 13.4374 5.81502
185.346 8.13092 18.4078 9.69027 3.5031 6.79856 8.01377 7.60653 9.67813 16.1581 9.23886 15.7154 10.2469 5.56278 17.2966 17.1856 19.8166
194.636 4.69818 8.71262 15.0673 12.2283 3.03811 7.23841 9.20668 10.8942 12.0666 7.6332 6.68627 9.09921 4.41712 11.3511 5.20409 17.2044
181.185 6.46253 10.4313 7.76575 3.99507 12.3639 6.87025 17.5801 23.8164 8.4874 16.2884 7.06323 9.78051 14.7936 9.59275 15.7655 17.3266
181.663 10.2772 7.97609 10.075 5.56117 8.00692 8.6467 3.33197 11.1085 3.30222 8.1224 8.29428 10.8394 8.08162 12.6943 13.4739 15.3774
188.45 18.5266 9.36249 10.2278 7.04065 9.61073 6.03193 7.72621 9.71628 8.05686 3.57926 8.68471 13.892 10.2107 10.6789 8.8342 13.9522
183.876 7.86212 13.2381 5.90197 4.61663 7.31351 21.8369 13.5156 17.578 9.66883 9.85251 12.9536 10.1897 15.4376 15.2971 18.5756 13.3572
186.782 12.8718 4.98896 7.92826 8.04109 19.0711 13.9657 16.7526 25.9775 9.18251 15.4245 6.09718 10.2843 9.65583 11.2606 17.4617 14.8252
183.469 5.8662 8.68871 15.6851 4.97099 15.1561 4.66733 12.0776 12.4134 8.29301 12.0507 12.3772 7.56751 4.78943 3.79072 6.93558 18.2137
180.969 10.5228 10.0883 8.71022 6.65753 8.07692 9.87785 3.97877 4.10659 10.0745 6.40554 7.42298 8.65435 8.96304 10.7979 11.9306 13.6769
187.733 8.60672 6.59842 11.0366 8.09547 7.38104 13.9433 1.23395 3.47588 9.576 7.53198 10.5272 7.41329 8.13822 16.7298 11.5361 12.7009
174.473 9.58413 15.4308 10.4212 11.8759 7.95915 11.8864 8.41419 7.17969 11.1483 9.95969 9.26213 14.3862 14.5805 5.61931 11.7408 29.6478
173.474 6.11586 9.5794 5.21281 12.6527 8.73516 6.5049 11.6174 6.26799 9.35517 1.62461 13.4315 11.5265 9.10625 6.15039 10.1954 18.081
199.664 8.17736 9.66495 8.06343 10.7847 15.3707 7.01332 6.09122 5.05221 6.33706 10.9187 9.02601 9.37589 3.61787 7.47454 3.72781 13.4749
187.045 9.08155 11.4678 6.22355 15.0826 7.8951 17.2924 9.17851 9.53211 3.61804 10.3449 6.32919 13.5526 5.88338 15.4975 17.6722 13.4504
188.544 10.1573 5.52425 12.9581 8.96457 7.79922 16.6932 5.11523 14.2095 9.35011 6.15311 13.3135 13.0065 4.30703 8.90285 9.73478 16.4129
188.234 11.1842 8.56592 4.68792 8.08782 9.41025 6.39843 8.44009 16.5624 6.20309 4.80476 17.3275 7.0302 9.09305 9.98714 15.7671 20.4199
184.389 10.8258 4.35523 8.32108 8.52064 15.2244 14.9835 6.39565 10.8021 7.03084 21.374 15.9364 15.1162 3.9776 10.0434 5.4463 10.6343
195.3 10.7323 5.80394 8.44133 10.3695 11.7678 5.18173 5.14883 16.9334 13.6564 14.9205 6.37076 14.4346 11.8039 17.5337 9.93937 18.0146
186.428 11.9231 4.44255 20.0152 6.76764 7.12879 5.96681 6.74451 11.0246 5.10156 7.7591 12.6759 10.5046 11.411 5.82005 12.6723 13.7444
183.817 7.05876 19.4728 13.8877 10.7337 5.42928 15.2827 14.7731 6.49187 5.28029 8.00543 8.04359 20.6001 10.7718 10.8589 9.18204 11.586
186.373 7.93737 4.57004 20.1914 9.53703 13.2504 14.0993 16.4835 8.87327 7.94411 10.4546 3.14247 25.3245 7.83045 3.83149 9.98158 14.4688
179.179 17.2322 13.3143 6.76027 22.3876 8.91348 11.9731 28.1754 11.8608 8.09587 12.0286 6.29184 19.9461 12.0397 7.14552 5.49082 14.0182
172.384 12.7735 9.99613 4.77832 7.23903 4.39352 2.65386 16.1412 10.3965 10.5096 15.0471 6.50898 34.5062 9.4241 16.8536 11.1758 11.8873
191.957 7.85442 9.50685 3.59255 12.5852 3.92803 10.5633 9.58044 9.94877 10.2954 8.56846 10.9809 8.75209 7.95679 12.0046 13.2237 9.38637
198.135 9.14242 8.76006 10.3735 4.74971 9.69929 6.91276 10.5825 10.079 2.44756 10.9695 5.34925 5.89879 13.2175 8.31788 15.3819 20.1448
196.78 8.4551 10.7873 7.41893 7.63857 16.9526 9.37069 10.904 16.8925 13.3003 9.74715 3.1586 5.33924 14.668 12.0084 13.2845 19.2401
185.678 14.59 12.0365 20.0671 9.89837 11.4618 15.0506 3.72577 15.27 6.86702 9.93939 13.1387 12.8518 2.91123 21.2462 8.02971 11.5868
185.449 8.65947 12.2799 15.0917 13.1111 14.3967 4.08351 8.86334 10.9402 10.7363 9.94228 12.4199 5.81177 15.0763 4.13306 3.14053 11.5899
182.093 9.02842 4.62867 14.6513 14.2964 21.2315 14.0348 5.6671 6.15648 4.99214 13.0708 8.24381 9.89999 18.4015 9.66639 6.36253 15.4735
201.357 9.16928 17.8638 12.0327 19.3943 11.0738 11.9124 8.84012 4.54246 16.0297 11.9245 9.5518 12.546 4.87305 18.5762 14.6385 7.3376
194.481 16.7845 15.6394 9.16465 3.87566 5.14118 6.38445 10.9974 3.75183 5.14254 5.99482 6.63867 7.90737 5.71845 15.2233 8.99852 15.5585
185.318 3.5001 2.38267 13.3006 4.25129 7.84375 14.7819 6.96901 3.54587 14.3974 9.97696 13.0167 10.3742 10.962 8.60661 11.2181 21.5986
192.711 16.8078 4.65338 6.04373 11.2242 10.7502 16.3751 9.52918 5.22009 14.6673 18.0883 1.86361 6.17992 14.8805 12.5205 6.07922 4.12808
207.877 10.4306 5.66397 15.2159 5.1698 9.69192 9.41915 7.95256 11.5254 10.7341 9.79253 8.02185 8.22156 13.2121 7.08237 13.9759 9.26337
191.316 14.6611 10.3489 11.639 21.2794 7.81468 10.7969 8.39272 9.44617 9.39104 6.88015 5.90838 8.47706 7.15766 13.0105 13.1739 8.57784
194.71 7.20202 10.572 9.15243 11.733 17.2457 3.51586 9.52185 14.3974 8.31072 5.60613 5.43655 12.0857 12.0939 20.0082 7.4382 11.9221
198.301 10.2466 15.5598 3.55015 9.55389 5.06433 9.22487 13.7029 13.6671 5.48138 13.2276 8.43721 17.2158 8.46003 10.0292 7.39578 20.6003
196.645 6.01746 20.3234 4.23951 20.1194 7.46074 20.1033 9.67272 17.1505 15.4896 17.2615 16.8424 14.5307 15.2812 15.5257 5.42201 13.0554
190.67 3.53097 13.5133 8.83947 14.2458 5.78806 26.4581 7.55343 13.5307 9.11874 18.7586 20.9111 11.7128 7.7864 4.81206 21.43 17.3267
173.523 10.5072 13.2816 13.8075 10.2631 4.90282 13.3255 10.9697 8.9417 6.67174 7.88713 11.1235 3.9689 12.7404 7.59494 16.4366 14.6401
201.236 6.59759 11.4665 16.1178 10.7515 15.4255 6.2626 8.69835 3.56056 8.00084 5.09721 9.98614 8.13568 8.54908 6.52094 13.7408 11.0739
188.128 15.6888 3.03051 17.2007 10.4106 8.20396 7.64479 14.7725 6.59034 10.4222 11.7732 7.78018 17.3517 5.57408 6.97778 12.428 11.1125
201.301 4.51384 7.03633 5.40574 2.98672 6.81311 14.5067 12.6442 10.0035 7.53015 2.73061 16.1089 6.34138 5.71956 18.3542 11.4503 9.10711
193.368 10.8622 7.07537 8.07866 5.59487 8.5617 10.8087 11.6937 10.8779 4.70636 7.79374 13.9415 9.68656 6.77609 14.0071 14.4111 13.1959
179.211 11.6477 15.0316 8.93971 13.3497 14.4445 8.0315 14.257 13.179 9.36166 11.1227 6.68134 11.8784 12.3965 15.5592 9.1599 7.3843
179.698 8.8687 10.5838 9.88579 7.23943 14.1878 9.85591 13.8664 4.39126 6.42671 17.1843 6.4476 17.3294 15.5593 13.5377 9.76804 22.5096
186.227 5.05535 14.9863 4.40188 6.15815 5.45392 8.04814 5.21433 8.39161 5.7873 6.59958 6.79799 4.57093 14.3163 3.98339 7.32764 15.7356
183.791 7.02588 15.0603 8.701 3.81201 18.3223 7.35025 3.13506 12.4098 2.93155 7.49114 11.5005 7.14723 17.0372 14.7777 5.64273 12.3156
190.994 15.4431 19.8191 18.0339 13.3887 2.15596 13.4946 8.71185 8.13412 5.13115 7.12431 7.40859 8.27685 6.78849 13.4312 7.89353 21.6762
191.372 22.3718 13.6514 11.705 13.865 9.4492 12.8133 11.763 14.07 8.631 7.2729 14.8533 8.14293 11.0047 13.9986 9.9261 19.5581
186.382 22.1893 11.2398 10.6085 12.1921 5.36174 8.94086 5.58581 1.41984 3.11541 4.41058 12.0614 29.0552 4.17757 7.70125 10.5218 20.4001
196.066 10.5091 5.18585 9.93291 17.8096 11.2518 6.76216 7.21985 3.06293 6.15417 6.38434 11.5399 8.13163 21.5949 9.03923 17.3257 14.951
200.02 8.33953 7.08141 8.18134 5.73306 9.27236 21.4685 7.36818 10.9014 11.7335 6.86981 11.3325 11.7035 8.67589 10.7933 9.63119 19.176
178.128 8.65974 17.1096 4.09635 13.3583 9.56402 12.7955 3.94351 10.6185 7.1765 10.3809 6.46627 16.8723 12.6913 12.1339 6.93365 15.3048
206.596 6.84665 8.17019 17.1036 15.144 8.92068 4.88321 9.22735 11.7363 8.90548 15.0031 8.49814 10.8099 14.2591 20.5391 11.9541 15.9305
177.503 6.74522 6.14015 15.8921 18.7229 11.3332 10.5873 9.29651 8.02252 6.47514 12.155 9.16472 12.3542 8.94176 14.5649 8.52024 16.3513
181.654 10.2551 8.75553 15.2229 10.0501 12.2195 7.18002 11.5096 7.05081 10.314 13.3847 7.19813 12.8826 8.86946 16.9837 15.4484 20.4859
203.958 11.3467 19.1989 22.9466 3.29986 16.5514 8.11924 9.53665 11.2251 7.84696 12.8032 6.15196 8.49412 5.68846 8.9445 5.5242 13.0524
173.332 20.2339 20.7351 7.8013 7.86656 19.1832 15.5514 5.83296 17.4556 7.29451 11.0993 9.7014 13.6023 3.57603 12.3766 14.9663 11.2286
188.337 10.1503 12.6474 10.2135 7.76193 9.58839 15.4281 16.2903 10.4785 8.49715 10.1655 10.4694 10.5828 18.0272 14.6037 12.2312 15.9198
194.87 14.1052 6.29946 9.91216 6.45391 10.9757 15.051 11.0529 13.4349 12.312 15.2917 9.46508 11.1206 3.40112 7.51923 5.32232 11.092
212.298 12.9976 16.0035 11.9343 12.6558 10.8008 16.2719 7.31251 4.65889 3.61696 7.51002 7.17502 2.83224 7.35212 13.5278 11.2529 12.5776
192.338 3.69895 3.9918 7.27052 14.6603 5.48871 7.0693 2.22252 6.60245 11.5312 2.85716 8.82703 9.08802 8.32553 7.01074 11.9224 20.7438
186.488 7.18536 8.57116 7.57552 3.65372 7.8396 10.0331 8.92568 9.77914 6.20795 12.2175 17.4109 10.1429 11.1363 10.0649 10.6251 11.1743
209.564 4.76336 5.47326 5.0202 5.82509 13.8854 8.50889 12.8014 12.5113 13.1224 8.40381 5.25397 8.87808 16.3572 6.76355 12.9656 29.9251
184.499 11.585 6.58689 22.8385 8.93313 16.5266 14.0747 7.28944 13.4666 7.9417 8.79185 19.7626 14.8916 9.50044 8.16382 9.45515 10.4585
190.414 8.37144 11.4216 5.52915 9.0713 14.0912 18.5549 11.5646 10.2464 8.29794 3.05557 9.22078 8.9487 12.8877 23.7602 14.4429 8.48187
191.546 3.64282 15.3465 13.5484 7.60054 7.82077 25.1926 13.2164 10.9984 5.91948 8.46191 8.79699 8.9778 4.14594 13.2766 7.9915 16.3134
182.948 5.21249 4.04133 13.2557 4.0744 3.12288 7.04311 12.8166 7.89037 5.79194 9.4686 9.72233 23.2849 13.14 10.7392 6.22192 23.33
181.174 8.63474 6.11878 23.8694 13.2367 9.03649 10.0054 12.6544 9.60517 7.80233 4.93031 5.07143 9.30247 13.7885 7.64731 11.1747 13.2652
180.81 5.83912 15.0381 13.698 9.46686 3.96409 12.7421 10.7577 7.32389 10.8625 12.809 11.7244 12.3316 6.8572 12.5012 11.2024 8.91272
185.829 10.7521 36.5513 13.8334 11.2696 9.98681 11.7556 10.9213 8.22722 5.68652 3.60737 13.1602 3.7981 3.6904 21.0826 10.2392 12.7889
189.365 13.3153 8.2874 12.1348 10.4974 16.0391 12.7528 9.47467 13.3032 4.48332 13.3449 6.05989 7.61966 6.19069 5.02653 18.9145 16.7757
184.022 6.55537 6.84091 8.42191 8.15591 6.68051 12.9268 15.9044 9.31322 1.56539 8.28181 6.85222 11.6477 5.77244 17.192 6.84356 18.7312
186.396 5.66296 7.54884 6.07711 3.91955 7.47882 15.9416 7.76214 15.2017 15.4988 3.58466 14.7516 18.4309 8.48998 13.2324 12.5602 9.14179
191.841 6.51146 5.15119 6.85687 10.3354 15.2434 10.9444 12.9491 6.55546 4.45422 7.97926 12.6718 9.31628 7.24975 10.8411 9.69327 12.2967
192.279 10.1598 12.3339 19.9423 4.62933 5.9164 6.71596 14.8566 7.18427 8.13424 9.03378 9.46537 8.18399 10.6633 6.89288 5.38384 10.0444
199.577 4.80562 11.3743 5.46124 7.84755 14.5206 16.8386 17.6083 7.21958 9.41605 3.95114 7.90465 13.582 16.6073 9.83215 11.8721 5.97572
194.559 13.6749 9.35519 9.55838 5.21066 11.7795 13.6306 17.0394 8.13863 4.64967 11.0065 15.9879 9.66679 6.35818 9.85362 7.69659 25.4649
192.934 11.2436 8.20513 9.02025 11.9299 21.2299 11.5863 11.323 15.1671 12.962 10.2556 6.87394 5.89796 3.69429 15.8 11.9609 13.0983
196.198 5.28586 9.2241 10.0678 7.37775 6.93529 16.7165 5.8203 15.6623 13.7611 9.7788 16.3619 10.5467 9.60513 6.44115 3.07118 16.6468
184.002 13.0773 12.1825 10.2285 12.1224 4.70787 8.45143 16.5614 18.678 12.4872 16.0926 7.14547 12.9088 10.3263 9.45222 7.77417 12.4018
183.728 13.9917 11.0479 10.6813 11.4482 8.49309 4.57562 10.6124 10.7655 11.1676 9.56209 7.94015 8.45534 14.0654 9.99075 8.22847 17.5346
192.117 7.57001 7.58877 6.88347 17.0186 4.25256 11.4512 3.8258 12.5972 8.48098 9.72277 14.0124 2.98448 11.4246 5.86789 6.67232 13.949
190.039 6.4325 11.3761 8.49334 13.2598 12.9303 6.09988 2.39264 3.67687 8.52014 10.1481 11.166 9.06774 13.672 7.09877 8.54491 15.4128
186.013 9.14979 7.93597 10.9098 8.65836 7.61981 12.0811 10.9363 2.9125 15.9788 8.90841 10.8704 9.70061 8.55822 7.61324 14.723 19.044
183.656 3.66395 17.4275 20.4453 10.2758 7.70916 12.1583 5.96295 7.40391 8.80048 7.53181 8.66064 14.8194 10.2247 16.8243 14.1844 11.1428
201.5 7.90448 5.00223 9.74172 7.13763 11.7408 9.08501 18.1548 7.27954 13.0059 5.73051 6.21862 17.8804 10.6644 11.0175 14.502 14.9166
191.248 5.39869 9.30114 10.736 7.70787 8.20606 7.43698 14.9441 8.37683 6.19937 5.9173 12.2346 5.41195 4.54865 10.9905 4.07344 6.45952
199.963 9.10899 8.97891 10.9605 5.07363 8.88237 14.7375 7.86211 9.20455 19.059 11.565 7.43989 14.126 11.4381 10.8937 8.25991 13.5904
189.85 18.0339 11.3506 8.17091 8.79183 7.57968 10.1638 6.35099 3.32726 8.19984 7.33875 7.13777 14.2633 11.7184 9.59324 14.0047 5.45974
200.549 9.72532 8.24961 13.4287 8.76715 4.44793 7.03041 6.71941 13.7126 19.5622 10.9615 9.12943 3.97279 6.79301 14.0686 16.7234 11.4725
202.8 9.41629 20.9868 14.4826 5.71181 9.32353 15.2867 5.6915 14.3657 9.45643 15.1764 6.91747 3.75032 8.01469 4.79498 13.4868 10.2307
186.832 11.7025 17.2281 15.4623 6.69251 16.5694 14.2023 10.4019 9.21361 5.80725 14.9125 9.98208 13.3662 12.1661 10.0723 10.1528 11.996
188.949 10.1313 5.44729 10.4594 9.00507 12.1926 20.4754 9.53613 4.76949 5.54643 13.7778 10.8759 11.7062 9.55343 6.34997 7.28132 13.3184
181.609 12.2346 23.0658 13.7976 2.78254 13.8452 12.5436 21.6539 6.68512 8.49593 5.54358 8.26495 10.9297 13.7564 10.4131 6.79928 13.8375
178.463 7.71787 7.55715 16.2784 5.11514 9.0738 21.6252 9.22595 9.25122 8.85038 8.00399 11.7901 5.05104 7.80733 5.29276 8.63623 13.5859
203.596 13.8107 13.2536 7.61559 11.8992 12.1622 6.94641 9.61958 9.15531 12.6364 5.99007 12.6378 17.372 8.25614 13.0099 7.4804 27.1242
185.21 9.03118 7.04584 13.0513 7.26685 7.14439 14.5986 8.11062 13.8173 9.38497 13.7528 8.02219 4.88626 4.37404 18.599 4.03667 16.5267
184.088 5.81709 9.62953 14.6845 14.1532 6.09398 14.0794 8.41953 12.0292 6.76616 8.90165 8.01997 12.5909 8.75369 9.32178 8.6174 15.974
202.684 6.87461 9.10897 21.9625 7.86315 9.36629 8.26863 7.56602 10.9429 12.5949 4.12436 5.53933 19.8528 5.33842 20.6364 11.3829 18.7467
175.218 12.3791 6.06151 9.30105 3.57361 17.2694 6.92158 10.0729 14.8224 17.225 18.0319 6.38981 16.0494 5.9038 17.9845 15.8185 20.7769
170.247 13.0527 6.73008 10.5241 8.48442 17.2776 12.0578 9.71979 6.8413 9.46768 6.63493 4.34545 16.2455 9.30697 11.9568 9.10635 13.6438
187.49 13.7594 18.4115 14.0676 10.4896 15.9178 7.67814 10.1608 5.60681 8.09519 24.5262 5.01386 9.96018 6.82752 9.92684 3.63837 15.3976
177.971 13.3368 6.56791 14.3829 7.61435 21.0034 11.5297 10.6492 4.75546 9.76339 6.24353 7.17779 19.6096 10.3328 12.2691 4.98545 27.0453
179.295 5.95577 15.2539 2.70084 7.80333 7.14024 3.79455 32.4841 10.5478 6.46998 13.7836 11.006 14.919 8.90376 16.4823 7.89854 18.3714
181.673 10.6111 7.32029 7.17301 4.87865 8.43578 5.41227 15.9261 9.83839 8.14164 21.3731 3.50847 7.47457 13.5051 11.8027 13.8988 18.6411
194.46 6.58225 14.1465 12.8676 9.04291 15.8266 4.90347 11.8348 20.3415 13.9942 7.29434 6.05251 13.521 10.7577 9.2637 9.93092 17.3292
201.369 8.31568 11.9631 10.4749 9.55497 14.5651 10.0267 14.1117 5.17657 7.0057 4.67594 15.4728 8.77222 9.63696 7.01219 19.4123 17.1756
166.309 11.4685 7.33083 8.06568 9.26289 7.79016 6.98007 10.062 8.43914 13.3246 9.32862 10.1267 11.3153 15.1614 16.4751 13.6166 18.5812
188.453 6.18677 7.69023 10.1515 11.8168 7.73297 15.4823 9.60949 10.0042 10.9868 6.41375 22.1592 6.57188 5.8309 15.9176 7.52008 21.8563
178.468 8.7834 4.42415 12.5997 7.60969 19.5428 8.46018 11.0473 12.6574 11.3133 15.2064 8.80852 8.39901 15.7862 17.2181 5.02939 18.7459
202.726 6.73739 12.3922 7.67517 10.1888 15.3615 4.74247 22.4221 15.4844 7.3497 7.35092 4.12195 13.9145 12.0343 8.19662 11.3222 16.4749
188.726 14.0976 7.86885 6.20879 11.2473 21.2997 14.8614 18.7536 12.9921 6.54345 6.76054 4.73456 6.01268 11.8595 22.5897 6.60542 15.7863
181.738 9.83554 10.188 4.57899 4.40326 11.4787 14.7586 13.765 9.48467 5.24646 11.3443 11.9856 9.70638 11.4347 13.4918 10.6662 22.2836
196.015 10.3721 8.01104 11.002 14.4275 9.51859 8.98982 19.59 7.46625 7.75122 12.8502 3.3624 12.3728 10.696 17.1164 12.3737 23.0904
187.032 13.1742 8.50851 6.80424 3.25309 10.445 22.7493 8.28336 10.2621 4.54412 4.89144 7.25981 11.7509 13.4747 18.3249 9.64178 7.00031
184.328 3.95203 19.0061 10.0579 7.75286 10.8946 4.46134 7.05314 13.8712 10.1436 4.89144 13.5973 7.77221 10.5602 17.5488 8.06954 7.32599
183.429 8.27264 7.11665 6.18817 7.76734 20.3218 12.062 7.09314 9.85501 6.96679 8.43511 11.4817 10.0758 6.93844 5.94252 5.39365 7.70853
187.818 10.8293 8.44748 8.24239 12.2458 2.20295 7.81567 13.1533 8.95185 4.77996 10.0133 13.3727 18.5748 6.89292 14.0774 7.28367 10.6435
190.182 11.937 8.74724 7.99875 10.6367 11.2509 11.7532 5.21953 7.13006 6.14355 7.67491 14.8794 11.6993 10.331 11.9242 15.3428 17.7875
192.081 6.67579 10.4693 6.52125 4.23099 7.17055 10.8837 8.18483 11.2437 3.43056 9.30985 13.7935 20.9927 12.4085 4.94564 3.08516 13.9872
185.41 12.7265 10.0776 12.6105 11.2327 8.18827 4.81694 8.5736 4.48859 12.0259 9.28894 18.8823 7.59188 14.3708 11.8526 11.3172 10.5912
188.214 3.08731 7.38986 8.16711 13.3174 8.09566 9.1734 5.97064 6.14161 10.6938 11.8547 14.8576 6.62008 11.169 11.0582 16.8235 11.6845
191.222 2.19917 8.02662 5.93089 3.32049 7.60113 11.5428 7.78761 10.2669 12.5413 9.65311 8.29059 18.847 9.60512 12.2239 5.12003 13.8205
187.35 18.0682 9.88471 17.7442 6.88657 7.73195 9.72551 8.40322 9.77966 13.0266 5.72323 15.716 12.7383 8.1074 18.3298 24.2339 16.03
181.357 9.15477 10.6124 13.0892 12.4592 12.408 20.5297 8.40761 17.8483 8.95996 9.87756 8.66566 6.83817 9.92801 5.82782 17.7434 10.5531
199.7 8.6964 9.35836 7.86452 9.02931 11.6333 8.92142 3.46232 12.9549 4.80156 7.68554 8.75445 6.85464 10.6401 11.2623 14.7642 17.2469
196.744 5.97477 3.13681 9.59217 7.15441 6.92372 8.34527 5.95494 12.8127 6.97355 2.63567 15.5666 7.46743 13.1379 11.1664 8.05116 5.17685
190.119 6.72628 6.98762 12.4214 9.2053 7.6941 11.8421 12.8249 5.49798 6.18535 7.79675 11.3313 11.9294 8.85349 13.6322 7.28855 11.7034
200.048 4.97512 8.17728 9.62701 12.7498 14.5041 7.92599 4.75827 3.43343 14.8398 5.45545 10.9612 7.57485 3.78179 18.3045 10.6018 9.5618
200.748 5.34355 9.60233 8.92339 14.66 13.1109 11.0926 8.71424 10.6809 8.12071 3.8204 4.57174 16.9496 15.053 11.1044 9.13066 16.08
201.533 17.0284 12.46 12.7302 11.9488 7.14806 6.90426 5.78791 6.21275 6.19246 5.59042 8.54069 11.8361 11.6305 11.3039 5.51958 9.9653
194.497 3.9125 12.4725 10.9057 6.90891 8.2416 6.60052 6.99559 24.7877 8.05219 8.87713 6.14264 19.575 11.3533 8.24177 16.8968 8.6202
182.05 9.47006 10.6998 8.17699 12.1165 6.72146 11.173 11.6856 6.51174 7.31593 2.09051 8.09029 7.27933 13.9679 7.77739 19.8798 16.7859
191.86 10.2587 8.77325 7.60768 3.83469 7.16522 11.6064 8.96945 7.82651 10.3869 19.1975 7.69395 11.7457 5.98609 8.95551 11.9362 15.6689
187.717 10.9874 8.72723 13.4313 6.70257 8.33669 5.63364 9.2108 8.7871 11.5776 9.82467 5.55957 12.7132 8.09127 9.82784 8.88503 10.208
192.41 14.0046 9.8386 14.342 14.8047 4.53782 13.2526 4.62028 14.0899 12.6525 9.30143 5.66196 15.171 7.88687 11.9793 16.9961 14.2814
182.308 16.3673 10.2684 11.3308 12.6384 5.36606 10.3486 7.92904 7.21547 6.15024 9.37099 5.64041 5.61179 13.9915 14.7051 13.3066 14.2863
179.452 15.0307 13.2998 17.8661 12.972 17.867 8.28368 9.09019 7.32502 15.416 13.221 5.63967 17.8219 11.995 6.88244 13.1905 7.12824
182.463 5.12783 4.79456 10.2605 9.13172 18.2787 9.16009 8.67204 4.39401 13.8409 6.5232 5.5635 10.9417 6.53048 5.2165 15.657 19.7439
180.432 14.924 6.92491 14.8615 13.1146 10.0754 9.79351 12.5762 14.1315 8.70591 9.45145 8.54729 8.44865 7.13369 14.3969 14.0374 18.3908
163.324 8.93189 6.00235 16.0615 10.2079 13.9993 6.04297 7.75389 9.14709 11.4455 16.0967 10.8091 5.8988 19.7273 6.32715 14.4776 16.4104
180.144 7.16964 8.6733 6.40043 10.9943 13.8739 24.8983 15.647 11.2551 10.7922 1.12721 6.57652 4.91497 8.31834 6.69541 18.8502 17.2253
173.411 2.89822 11.1356 20.7059 16.5052 11.9268 5.71306 6.99085 15.588 10.7176 16.1664 4.95407 10.2678 10.4682 12.0617 11.0517 12.7202
194.636 10.3094 12.6264 9.61421 9.88742 8.10664 7.51736 8.37162 8.49023 4.9933 7.00841 4.03037 9.55641 15.791 9.51879 6.94056 17.1197
189.371 8.6326 12.2369 7.42334 10.9491 6.56498 15.1798 18.8696 8.01587 13.4043 6.78595 8.39722 12.7843 9.19612 16.8159 14.3956 18.2412
175.26 16.1256 5.72512 4.98065 4.92115 9.64785 13.7448 19.3234 10.9728 11.1775 6.81838 14.1357 14.1987 5.13253 8.87301 13.0275 10.6404
195.455 13.3414 15.3825 3.07462 7.53083 6.03916 7.01472 14.3792 10.0313 6.87809 4.477 13.4622 9.22601 8.55109 14.3067 11.8132 16.6159
184.278 8.70573 8.68282 11.7898 6.16427 6.91267 13.4098 5.1761 8.66356 2.97397 10.34 6.25191 8.95849 12.8427 21.5523 14.0968 15.9345
180.996 16.0299 5.29785 11.386 10.469 13.9322 6.0529 3.18577 4.28179 6.36129 11.7068 10.2293 18.0915 18.8332 10.2619 11.086 14.6427
185.529 14.4883 6.89171 6.53847 12.74 9.8765 11.0123 8.77623 6.45253 13.1233 10.52 12.3662 12.0775 11.537 8.43557 14.1914 13.7512
189.424 10.5741 16.0926 13.0165 5.78423 6.6574 10.0612 8.70587 8.69107 8.003 11.1487 6.18534 16.0719 15.5331 8.91252 12.0906 23.366
193.947 9.32081 8.70656 7.37436 11.2118 10.2344 19.4648 8.96107 8.27164 19.6109 7.58822 7.4677 17.2576 7.2148 30.0333 11.046 23.3905
178.273 9.52221 20.8548 21.1631 3.68307 10.5474 12.6214 6.13852 8.11139 7.77977 9.07924 6.31325 14.2952 9.73035 9.17245 10.6804 12.5531
170.371 5.00044 8.84928 7.61901 11.3483 15.5176 5.40885 12.9003 13.9962 6.9116 9.81959 6.46678 12.0271 13.0214 11.8292 10.8033 12.2111
170.311 12.1389 9.04415 6.09351 7.00853 10.215 7.26751 6.13584 7.35609 5.71066 16.7367 5.26948 10.7624 18.7683 15.3355 9.74089 14.5224
183.567 7.08703 8.87824 10.6465 9.59753 8.5993 12.7346 12.0475 13.3406 9.26934 6.46542 7.83797 4.83142 6.58777 14.4322 11.0639 12.045
188.225 8.32283 9.42173 8.53434 5.53073 2.44317 11.453 16.3265 16.0537 8.98217 3.10616 14.0564 14.5037 6.72116 15.1606 9.90253 17.0213
180.435 14.8584 17.7838 5.92091 5.37798 6.76648 12.7707 12.0066 11.4962 11.8105 6.47522 7.67033 7.86869 11.2799 18.0254 12.3761 15.8448
188.607 12.7062 8.30673 11.7783 7.02236 10.4532 8.86506 15.9524 3.60159 8.3233 10.155 13.8701 7.3789 12.502 17.4405 2.65796 19.2315
184.018 18.6802 9.98563 10.6974 8.96675 8.17887 10.9063 6.88986 10.7259 5.83265 6.98702 14.014 15.3824 12.4233 21.1017 16.2965 11.0308
202.611 2.95043 9.69057 7.58673 6.24874 7.26098 7.94294 8.98868 9.19191 4.15417 14.3157 10.2351 9.47147 7.75903 13.0045 15.7322 17.6943
191.789 8.54176 18.5433 7.55899 6.39767 5.40065 8.4807 5.07082 7.98554 6.3988 8.36063 10.9351 6.6758 10.4984 11.6613 18.4125 11.5471
185.157 6.90628 8.08261 11.3981 7.07106 10.1098 12.2517 11.4908 5.62456 6.64248 8.97637 14.8647 20.2822 5.71168 11.7921 18.2331 17.8791
195.554 9.64249 9.21507 18.1363 15.7672 6.37558 12.7864 12.5181 8.60564 5.89084 3.87827 13.3944 12.3984 6.68307 12.2395 17.4664 21.0142
186.646 12.5298 18.2056 11.5074 9.21204 8.49754 9.90316 10.968 4.40336 5.60231 5.13969 13.4358 6.32413 9.34783 11.7648 15.8705 18.1939
187.824 8.66341 13.6399 10.0179 7.69662 8.68999 8.88978 8.99139 6.84408 6.56637 12.9453 10.6796 7.35341 18.4773 15.0529 8.01799 17.4353
189.369 9.84307 21.3612 8.89536 4.19751 9.23859 8.21098 8.96083 13.6302 9.99229 9.7908 9.23406 7.43453 5.34874 8.24735 13.9704 26.0941
192.15 10.829 12.6705 8.39008 8.70536 3.56587 11.6501 6.24748 10.7579 9.543 5.55361 2.45644 7.05058 13.5081 9.31245 14.1952 28.0287
191.907 22.5251 3.53429 9.22829 24.1108 8.37918 2.73492 4.45686 12.096 12.989 6.66362 8.72252 10.9589 13.1801 5.00527 14.5465 22.4506
172.305 10.295 11.8517 4.7233 5.2524 3.20273 4.7614 6.26505 12.5021 13.1771 6.01806 4.63465 6.45048 14.0768 4.65416 13.3033 12.2423
193.483 8.22488 12.4668 7.53187 7.22385 5.47334 9.36738 6.68007 3.06764 9.94564 6.49037 5.34555 11.7164 9.2012 12.3084 5.22031 13.2904
182.07 11.186 16.1109 9.67549 13.1976 5.60328 9.25824 10.4344 9.35566 8.67507 3.19784 13.6927 12.6063 6.95639 9.00579 4.80264 8.89672
183.11 6.33913 12.0819 7.20904 6.33351 5.68421 11.5498 10.5986 10.2015 11.5036 6.09178 11.0823 17.3556 3.17032 8.22124 8.89571 14.5273
196.21 10.169 6.02489 7.3265 9.89611 5.72504 13.7813 10.3176 5.96973 15.7433 9.39394 5.17223 5.49077 11.2763 16.0024 4.1647 16.1013
185.652 11.5521 11.8297 10.163 7.53025 6.72818 15.7185 11.8461 5.17252 9.52375 10.0058 5.42555 5.56677 12.6837 20.9022 6.35324 15.4128
187.878 5.27562 10.2774 12.999 13.1217 8.79671 14.3439 6.00935 7.09437 7.34909 19.2991 4.9093 9.52281 7.01215 14.0925 10.2977 18.7553
191.539 9.85781 10.162 13.672 5.13097 6.4072 11.714 5.28313 10.1188 12.4895 15.3337 5.39409 14.1398 10.654 8.29571 10.4211 13.1596
189.123 10.8381 12.368 6.64257 18.974 5.76361 11.0152 8.47615 11.3806 11.2448 13.1796 11.1098 20.8025 7.56718 10.1433 6.60234 15.708
193.172 8.59364 9.50124 7.97247 8.36533 11.6125 12.7707 10.6041 9.05942 13.0069 9.18034 5.7768 12.1369 3.41086 7.6517 11.3278 16.7124
192.13 1.70645 9.25827 20.8261 13.8935 5.06789 9.57611 10.461 9.12954 9.94564 8.44266 8.31111 15.5751 7.49535 5.62411 6.42147 20.2393
192.215 4.8197 11.9527 13.6495 7.8021 9.61069 12.7231 7.27554 9.64278 10.3066 8.36014 8.29369 13.946 14.0187 5.7187 9.96124 11.4432
184.543 7.64409 15.5818 9.10722 5.42333 6.46421 11.2511 5.68006 7.35534 11.2557 4.84453 7.11918 5.92406 6.63536 13.5552 7.79134 25.305
204.044 17.6509 22.6365 10.8553 2.46253 10.8091 8.35607 6.36793 7.35055 16.451 6.23049 10.2192 22.0637 9.87676 7.99094 6.63137 21.4444
192.424 13.7223 9.99011 21.9627 4.51011 15.5214 13.6651 12.4245 9.13766 12.1648 8.46345 9.71755 10.896 11.6795 6.1796 13.9233 11.5296
197.077 16.4106 19.856 10.7391 9.39091 13.5198 8.31623 10.1847 6.49725 8.86858 10.9266 15.6625 16.7742 9.65359 12.0965 21.6246 20.2039
183.652 12.1189 9.32356 10.7977 8.27439 17.1451 2.50099 4.37381 9.82428 9.23053 12.0781 22.5832 27.1448 5.92593 7.42479 24.1213 20.7509
188.363 10.906 9.04797 11.7814 5.48817 4.11346 19.3447 7.38409 4.0582 3.47551 4.882 9.13784 4.9278 11.1687 9.60481 11.8876 19.8285
188.905 5.96405 11.5054 12.9796 9.45458 16.011 8.96844 12.0535 7.62066 6.93582 5.35601 8.1218 9.61683 9.56259 15.349 2.22847 20.267
188.259 14.5023 6.83618 6.34227 6.45974 3.13297 15.4252 11.1658 8.70874 10.6849 8.431 15.9495 5.09051 7.41165 12.2187 19.5182 20.3298
183.076 10.7469 4.26188 21.3779 14.6312 15.6944 12.0494 1.67741 6.46261 12.0417 11.3746 17.8033 8.09003 11.2896 13.9325 10.4249 13.0174
180.783 5.07649 6.44333 9.71488 11.5432 13.1664 4.07131 12.9357 4.52656 10.0193 5.93348 8.72428 7.43798 9.02068 15.4852 11.7939 13.9196
194.423 7.21378 6.52442 14.3319 12.2156 5.73711 11.2998 13.0689 6.02876 10.6268 13.6161 2.16596 4.93282 10.6744 23.4162 8.45123 11.9157
193.586 7.74013 7.22812 5.61053 22.137 4.6567 11.015 9.51183 5.14505 9.24413 11.6167 7.62182 4.41335 5.3561 26.1632 12.2729 8.17707
186.872 5.05715 7.02321 8.0465 18.4683 4.79725 10.6035 8.59132 6.519 11.8563 6.15987 6.91192 20.3778 15.4188 12.2072 9.66 14.9074
196.452 6.66278 11.2625 1.65293 8.721 9.28633 12.7775 7.57209 8.52437 4.48886 11.6342 10.0193 10.4065 9.65846 12.085 11.8338 14.4087
190.053 7.45652 9.70188 10.7066 8.32314 10.7794 20.4472 5.65338 13.4107 9.3483 14.9745 14.975 13.8655 15.7575 12.2797 17.4951 14.0842
202.459 11.229 10.5131 10.3316 4.81616 10.4579 14.7278 9.27047 6.48784 11.3044 17.3502 7.70591 16.1733 9.5636 8.85018 8.34726 6.28045
195.841 10.9957 4.90989 7.64984 6.63857 13.3669 10.9781 12.2758 10.9904 8.05913 9.30602 12.4446 16.5809 4.34503 7.45294 11.8326 21.781
182.828 10.7276 9.32583 6.31118 15.5557 12.4409 19.86 9.52781 9.54451 20.2099 14.3266 6.29446 15.9867 9.01913 10.2376 13.2055 13.1
191.828 9.0592 10.13 18.1068 15.3463 12.9511 14.5233 7.10792 9.26073 9.88022 9.71646 13.0089 10.1817 11.2845 9.64193 13.8327 15.2862
187.593 12.2213 16.3438 6.62505 7.50239 26.1658 7.87866 3.83805 4.87063 8.69585 9.28561 10.2292 8.02543 15.6672 7.72277 15.4831 15.4426
189.265 8.25088 6.94719 3.17544 10.1432 9.07098 11.6518 10.7873 12.5357 6.62867 10.6278 10.0492 22.464 6.83821 7.71224 9.23817 10.1366
184.7 7.07617 4.79292 12.4935 13.1018 6.26774 6.19713 4.40006 18.7119 10.4015 8.44066 17.508 8.19308 8.12696 9.86251 8.01094 14.0956
189.73 11.6904 11.6129 12.6126 10.6181 10.7413 5.80767 13.3991 11.9365 7.01874 10.6882 10.816 4.9252 3.79043 10.096 10.4172 14.4353
179.903 3.10312 3.30585 3.00222 7.98496 4.60165 3.85392 17.0764 6.47356 4.65955 2.65696 18.6771 17.5443 20.6939 11.4943 5.99963 13.6446
194.274 18.0343 6.12222 15.6787 3.31763 12.8745 4.20148 13.345 3.07109 7.10739 11.6186 2.58191 9.29001 15.1341 13.2726 5.02705 8.95647
180.929 5.22007 5.43747 6.94587 8.16337 10.0882 9.61327 8.42994 9.38565 14.0918 11.2159 11.1221 11.9151 17.899 22.0912 8.7445 19.9399
189.643 12.3187 3.60154 8.89028 8.02926 9.72378 5.70427 5.02316 9.07325 2.70046 6.81486 18.1713 17.7704 21.159 5.14661 15.1689 19.0604
199.546 7.7787 5.39411 0.275762 8.62603 9.9809 15.1126 6.64088 12.4208 7.88635 11.4682 10.7292 13.4416 10.8666 9.32398 9.54896 12.6449
209.259 12.4424 5.33888 12.324 3.80849 7.75073 13.2226 11.3818 20.8121 13.9573 6.08096 10.4168 10.4509 6.6179 17.1251 12.7236 13.7048
194.494 16.6677 4.87192 3.5798 6.92151 8.25017 13.8266 11.1102 9.45384 5.23164 8.95637 6.43516 10.6589 14.0688 17.6193 11.5564 17.8407
169.53 15.1929 4.2992 8.91799 11.7885 5.98594 11.6138 11.2652 14.0403 11.1727 8.11602 7.52517 6.65295 13.1378 22.928 4.73112 16.1388
173.827 10.807 7.56214 12.7041 16.0868 5.52064 5.74292 6.55178 5.11864 10.0821 10.2037 11.8137 17.008 17.6034 12.5222 19.1172 16.5603
180.818 21.8704 14.3274 12.0431 8.53746 14.6195 16.8772 3.62615 6.0212 7.70328 6.84965 3.11327 5.31151 9.19323 17.9151 7.57701 7.00399
185.078 12.5712 18.5397 6.84882 14.3848 4.8836 14.9278 6.30505 11.058 5.37324 5.28834 8.38798 6.23261 8.21376 15.8997 16.2806 17.1888
187.961 10.1185 16.5999 7.14937 9.17515 10.5131 15.5857 20.5528 9.9895 13.1336 10.4367 9.94785 10.2398 11.3154 8.01346 21.1778 10.95
190.965 4.29796 9.30798 8.35907 8.90395 5.95924 17.4759 13.9815 10.3396 16.1535 11.77 9.45605 8.33107 8.72598 10.3583 13.4311 14.0018
184.072 18.678 17.9988 9.79266 9.89123 7.97849 8.61566 6.11499 5.35336 6.61966 5.05008 8.56029 10.0326 6.38679 3.20374 20.7025 16.8348
190.501 8.96453 15.6829 14.5792 7.93714 6.06621 21.8859 7.7503 6.53943 14.0888 11.8043 8.11397 8.89373 5.85808 9.99593 6.47767 10.0472
192.979 5.45731 10.329 19.0751 8.21195 4.06034 11.7079 5.97819 8.10323 11.885 6.6604 13.0681 9.08741 10.3438 13.7433 10.9794 6.75444
199.869 6.20205 7.80806 13.8074 16.21 4.60628 6.28975 10.2582 16.8893 7.17122 6.40672 7.02878 10.1932 8.62294 12.0439 11.0372 21.9945
210.963 11.9853 11.4033 14.2062 8.67064 4.45106 3.65119 14.5634 15.8904 4.9958 11.9652 7.00592 9.9877 14.2257 13.8474 9.0285 13.5895
191.048 6.24365 12.2194 11.0326 9.47921 2.93586 12.7491 12.2967 15.6783 11.5238 5.8709 8.2563 6.79229 7.78783 12.0862 17.4738 10.2966
196.046 6.12125 17.1727 15.3874 14.2227 17.2412 6.76405 11.0613 14.3476 8.74402 3.90232 8.50294 11.4298 11.3672 8.88673 5.29482 14.5763
197.261 6.58822 19.2931 15.5746 6.50523 11.2307 5.63991 11.6764 10.7997 11.7082 9.41291 8.42516 2.51021 14.373 10.9857 10.6433 8.07937
200.128 8.18115 12.0174 12.7358 8.02326 12.0937 5.74992 12.4288 18.6806 6.1366 11.5932 9.39326 10.141 9.74005 8.33809 20.3841 16.2585
200.242 12.2631 12.6406 8.59713 5.53272 11.1009 2.87969 13.5433 4.89068 4.02521 5.59481 6.79186 11.2523 8.96787 13.7988 8.92317 17.0841
189.342 9.29913 8.07453 12.0044 8.72577 7.64755 7.82981 5.9312 8.75627 11.0768 8.84073 13.3269 7.85577 11.9318 20.8598 7.8101 15.9983
198.412 10.4902 8.82236 12.8594 13.6255 11.4109 16.3846 4.21089 7.77016 6.5446 13.2797 10.9228 10.8963 11.5842 16.3919 11.1226 12.9025
200.005 11.0495 16.8146 4.61223 9.24767 11.372 7.05584 7.2982 9.9502 15.3317 4.42237 11.1043 13.3726 11.9426 11.3329 11.4435 9.74251
169.996 8.07447 5.33251 7.744 8.96153 13.6431 17.6629 13.0444 13.6301 7.10418 3.34373 13.9947 15.87 12.2704 12.134 11.5422 24.8796
181.427 7.64897 7.28533 10.463 10.1752 10.7507 13.1096 9.03364 8.87591 8.25974 6.09847 6.4607 2.71013 6.18639 9.10986 13.2246 16.0902
170.452 14.0754 7.10103 13.171 18.0388 6.82675 13.7479 7.36966 24.0897 14.6128 6.57931 9.52054 13.864 13.4244 9.61471 11.8075 13.9477
199.501 16.4489 9.17204 13.7651 11.4162 8.08394 7.52802 8.01387 13.9028 8.99344 11.7848 20.3461 10.9601 11.9851 8.43378 12.4218 19.9353
193.036 7.22111 12.5353 14.0712 5.561 10.1325 3.7406 5.45754 4.21463 9.1762 11.5271 13.6569 12.8475 18.666 11.0049 13.3982 8.25648
199.42 7.65958 14.7969 4.34617 17.2461 7.34461 7.47761 6.94933 9.04859 3.10377 8.77971 3.51442 7.01241 17.4755 7.37518 17.0606 15.9162
186.819 10.8187 14.1438 12.2808 12.7072 12.9848 7.24578 9.40322 3.36165 18.1335 6.1163 9.92115 8.23477 9.57266 8.56019 9.99624 21.8629
193.498 10.2248 12.3383 4.15184 8.49379 9.54605 5.39076 6.18607 10.6312 3.90409 4.98773 5.61849 9.68113 5.83874 6.21417 17.2553 17.5874
184.471 10.9882 6.65966 14.4429 10.323 8.65274 9.75381 7.00795 4.81044 4.20905 2.3205 6.03432 15.9618 6.6383 18.1175 28.4128 13.7053
197.736 11.4173 11.6037 10.3833 10.152 11.2779 9.64633 12.9485 15.2056 16.1243 5.78003 14.902 13.5191 5.00422 12.5451 18.4479 14.5003
193.837 7.16395 16.9409 8.3504 9.09774 23.7042 8.33806 11.4916 12.0612 3.86585 5.04828 12.9974 7.6727 5.59804 11.5878 10.1806 19.4744
191.559 12.3304 7.08433 10.4552 10.7527 21.0418 12.857 13.6594 7.35348 10.762 6.81897 9.65924 3.35039 9.77482 12.5198 5.83701 18.2679
187.105 12.081 6.41105 11.1687 10.3691 17.1469 12.6393 13.7687 16.2987 14.3769 17.3576 16.1471 8.31418 8.7134 23.5738 8.68661 15.3026
193.969 10.9128 8.64377 9.98015 20.2125 7.23096 6.64197 13.4254 9.62914 7.87541 19.3227 6.54717 11.4758 16.8163 12.6365 10.4351 15.6138
189.653 9.69874 9.07582 13.7221 12.0314 19.3893 6.20545 13.0838 13.051 10.7227 11.9379 11.5212 7.06076 4.2041 13.5224 10.2663 8.0109
188.825 4.4004 3.31191 4.65642 12.3133 8.51642 3.56132 11.8257 10.0259 12.5772 16.5161 6.39689 5.48452 9.16775 12.965 11.8985 4.35765
184.035 13.5636 9.10477 12.8303 13.7505 7.94872 16.9 5.05716 10.5141 9.75804 10.4246 10.9417 9.82036 5.43742 4.29953 6.16614 17.2366
183.564 6.24969 10.5504 9.98547 14.0412 9.13607 5.42646 7.62216 11.6004 9.74666 11.6216 6.78704 13.0238 14.4896 18.5785 6.48274 14.4696
189.16 5.69982 1.46288 8.9753 8.29513 12.0849 4.88923 16.0577 7.64675 18.1182 4.81215 11.5088 15.7684 6.21074 14.05 23.0003 14.0584
186.833 10.3789 6.20553 8.24581 11.1352 12.9579 7.42365 12.8589 11.9796 17.643 8.66759 12.2703 7.6632 9.14409 11.6466 9.24456 9.35862
192.82 11.3626 7.50082 14.7567 8.98589 12.5601 14.0497 13.5976 3.69225 14.2015 5.2101 12.3128 4.30669 4.2397 10.4757 13.6664 15.48
201.785 6.08182 10.1936 8.37859 9.75609 8.06568 8.28715 10.1976 8.65546 10.0632 9.04727 14.4928 18.4658 5.05176 9.33074 21.4423 8.52112
184.595 8.09739 7.95447 7.81015 13.2379 7.50077 13.6635 12.6733 4.86331 5.70907 4.68333 7.83443 16.9239 6.06906 15.2205 19.1096 10.5029
186.585 9.43974 14.1665 5.87915 11.3652 14.3314 16.3419 13.4328 11.9455 17.2236 3.04518 7.58799 8.13153 5.54076 7.9558 11.7623 12.5057
195.372 3.77532 6.0427 11.3329 12.8685 7.5573 16.5724 10.3146 8.24721 5.48136 10.9723 13.7657 7.84147 16.4873 11.1232 8.29818 13.9489
197.602 9.69861 5.56422 11.3119 6.46406 12.0234 14.8088 16.5721 7.02199 2.15285 10.9839 7.09859 10.3458 5.12292 7.80458 6.62903 17.8063
194.228 6.04774 5.99932 28.0622 7.45845 11.0988 12.8682 11.1897 9.70434 9.0823 7.91684 9.16439 12.7369 5.73392 9.40945 9.93656 24.8952
189.745 12.7911 6.20794 9.438 12.5164 18.0555 7.71593 9.91842 12.9319 7.46377 13.6359 7.59253 6.21936 9.66718 11.1255 14.9543 18.5497
181.136 11.8356 6.47424 1.68401 5.66251 15.7177 10.6261 9.81287 9.46863 6.68286 10.2881 7.91584 12.8708 7.34186 3.58145 6.48594 17.1974
188.72 8.15931 20.632 15.0965 11.5236 8.44262 11.4353 11.3486 6.72942 6.00422 14.7441 7.00077 11.8226 22.5533 8.09476 6.48742 10.6789
197.824 9.52433 14.0369 18.6152 9.44015 7.05044 10.5987 3.74422 17.9267 5.75175 2.49074 9.76816 7.19824 5.68294 12.116 3.92984 11.6118
190.784 14.7237 5.53301 32.897 11.2088 7.0381 3.61681 16.0086 0.664912 7.82672 6.97433 9.18745 9.0593 14.6193 10.5931 23.3584 9.50665
186.054 10.5682 2.91433 22.7554 16.8595 6.91368 4.28543 10.2408 7.10034 15.5242 12.7157 4.98545 18.6476 13.6095 13.4956 7.00814 26.4153
176.243 13.3274 9.23102 16.934 20.1366 3.73865 12.4995 8.25623 3.26957 13.2951 10.6344 8.43984 5.94481 7.27253 5.0552 6.26581 12.406
182.296 9.62256 8.49497 6.16821 8.19282 4.83437 9.97738 16.9669 10.054 10.3582 9.77563 5.8363 11.3014 14.6502 12.4344 7.01579 17.8418
198.094 12.2366 5.08323 8.29399 12.4182 6.97576 9.81621 9.49585 9.98294 9.84331 11.3413 4.1928 6.53589 3.44666 11.67 18.2459 23.225
182.461 6.75422 6.72476 7.66265 10.6989 13.3629 13.1452 9.19884 7.35726 18.4467 14.4858 6.6468 10.2897 7.31535 7.09115 16.0808 17.736
196.689 8.10272 13.9708 3.43935 11.3592 15.9123 12.695 4.77489 7.98069 15.1365 8.01227 12.7604 11.3898 14.2793 14.3103 12.726 7.52704
194.285 16.893 9.43051 22.1554 11.8708 5.19397 4.4565 6.43224 4.3968 8.85557 3.29136 8.46431 9.55095 9.13111 12.5397 7.69683 21.3889
200.567 6.78492 13.2649 10.0866 11.6737 8.76861 7.75472 9.16322 15.1627 13.2442 7.23357 12.3038 12.4889 9.96373 11.2458 7.34425 11.9761
198.685 10.1999 8.52723 13.8089 15.2387 1.50086 12.8363 12.3603 5.00948 8.64471 12.2064 8.14776 12.9565 12.3502 10.9145 15.5347 16.4
180.839 13.3685 7.33073 5.85069 10.786 4.63091 18.1375 12.9041 5.66152 10.0895 6.10737 7.26921 10.2859 7.11393 11.3453 13.1884 21.6485
190.083 5.86632 8.27104 17.8623 7.04716 4.57036 9.6675 10.7462 5.81947 3.53847 8.26806 16.809 3.10539 15.3261 5.15947 19.3716 12.5082
191.279 2.37481 4.58658 14.5529 9.21274 6.52112 6.05237 12.9576 6.72746 10.5329 4.98964 12.4846 12.9058 14.2626 10.2162 14.3721 13.2029
191.956 6.7763 10.2681 10.022 17.7185 12.9508 16.187 8.5207 13.7686 8.21538 10.6146 9.29996 21.2671 10.9863 8.23126 9.0536 17.3705
200.034 16.9799 6.75721 11.7184 8.12234 13.9093 11.3565 7.33286 6.35794 22.0858 6.40496 5.48427 16.3757 13.7671 9.15359 14.4419 18.8185
200.323 11.07 21.6765 5.28887 3.10208 13.6061 10.6141 9.31229 10.8458 4.04778 10.1574 3.01268 14.757 15.4487 12.1413 6.39135 20.6687
181.569 8.7657 13.7194 6.05085 7.58397 15.8027 6.52755 15.3177 8.46281 5.6455 8.17448 7.65015 23.6039 13.4907 5.43088 9.70286 15.8519
188.223 9.04807 13.6743 11.5774 5.20926 7.2309 9.94248 5.13594 8.96112 11.5504 4.44654 14.0293 13.3556 7.03639 10.1823 14.3419 11.9193
192.122 14.9822 17.8033 8.90365 5.65172 7.48093 6.02686 6.70212 9.59542 5.69812 7.44492 7.46296 4.37888 12.1677 5.13106 5.13249 4.21267
188.41 18.6482 7.58766 8.54974 6.40401 8.53073 15.5726 6.18207 12.5796 3.36686 13.9491 8.21851 6.28745 6.91724 5.95381 4.95999 11.6745
191.172 3.26553 6.13796 8.73161 4.33973 9.73506 18.3164 15.3986 10.4061 18.4174 15.2445 3.18237 5.78859 11.8572 6.48113 5.73323 20.3555
188.742 5.48306 4.61487 16.7957 12.8355 15.8203 4.06474 13.2314 10.7648 18.1302 9.49162 10.6629 14.7932 15.4631 5.76481 13.976 10.9881
184.302 5.86974 5.51943 13.2466 7.03815 12.7738 9.43589 15.4941 8.38939 5.62317 3.26562 15.2572 13.7066 12.9085 7.93985 16.3936 11.7952
184.69 18.014 5.08177 4.77922 8.10522 6.19718 10.516 3.45018 19.3495 4.92859 8.85007 11.7127 12.0869 7.29044 13.6018 5.60315 12.9949
187.062 3.9708 10.2746 5.48656 7.30973 8.40342 13.7363 10.136 10.092 7.20554 12.0605 9.55437 7.50655 9.63664 13.5689 5.72146 19.3623
177.594 8.25136 22.6816 10.5006 3.41578 5.70258 7.81294 12.1461 12.9457 6.3744 1.61943 10.0713 9.35002 13.0267 10.2888 17.6555 11.7438
202.976 8.39246 4.00926 10.8305 6.56765 12.1034 6.64645 8.46061 23.2275 2.94011 11.9101 9.18507 7.159 10.7275 3.88969 16.2915 14.0431
190.915 13.6832 8.47449 5.70186 4.69943 3.95001 7.00797 10.6116 3.61936 11.6146 2.84926 8.18219 16.4556 11.2635 5.74871 14.5834 10.7372
182.469 10.7084 13.193 7.80807 9.91936 3.74497 11.5534 16.3157 10.4415 8.10367 7.75432 12.3852 9.18578 9.88653 18.9799 7.37352 16.1335
182.111 14.2799 12.08 5.47793 5.84219 6.42578 7.87675 16.0673 7.10855 14.8201 6.2153 8.77293 14.413 20.704 14.2203 6.15523 15.4636
175.293 13.5297 16.7935 9.62939 3.67241 8.46071 15.5845 13.7098 10.2017 5.98146 5.36612 12.1229 12.9857 12.3802 7.49679 11.8604 15.5179
204.123 7.70303 11.1134 3.61874 3.18453 5.78043 13.0452 7.60152 9.00567 6.81111 12.4056 19.7768 11.4639 10.4606 11.4985 14.4062 11.1345
197.642 7.18644 17.5641 7.97095 6.45927 2.10434 5.8804 10.2899 6.88492 9.8642 12.9027 6.59876 12.2214 13.5688 10.5911 4.27749 13.2552
192.072 3.57904 2.55718 7.98349 7.38041 13.9849 5.43726 10.42 11.0125 8.00269 10.2221 12.425 7.17926 12.9666 7.94554 15.7872 9.02224
195.665 4.43393 11.2047 6.28847 3.96362 5.0288 13.4148 7.0744 12.5913 11.0907 5.69497 18.4311 8.32686 11.9172 12.7313 15.6124 11.2939
193.282 5.77269 12.0287 12.8667 12.0238 5.34467 8.15635 15.1266 13.594 14.6625 8.99225 18.5542 10.0759 6.62962 7.28989 18.6053 14.677
195.271 6.90442 10.0459 7.58946 10.886 15.0259 11.5925 7.17673 9.57597 6.30498 11.7987 11.8318 3.9655 8.23127 7.61718 8.00856 11.9912
190.381 10.383 13.1925 1.83667 11.9849 21.5728 10.1205 4.92216 9.31384 4.57173 5.54322 4.33421 4.43634 9.36869 14.6675 8.39716 22.2286
188.362 14.8709 17.2698 14.695 11.3894 9.14478 2.21818 5.22068 8.24332 10.1697 13.3189 3.52161 7.16265 6.34647 12.6639 7.42756 23.1501
206.271 8.56025 10.7401 14.0447 9.46861 6.67687 7.86193 13.4579 8.67728 3.30849 12.818 6.05716 10.1985 3.93151 6.11524 17.6505 14.9709
192.982 7.8346 4.25705 13.048 13.7722 15.8231 10.6364 15.1005 15.8671 9.19843 5.45604 9.74082 5.68469 12.0925 12.8631 7.37282 6.64439
199.843 13.7295 10.7544 6.75378 18.596 8.77756 3.7621 9.56898 5.40095 7.78745 4.76258 8.1932 11.6877 7.98641 9.64837 17.5518 12.6651
176.478 8.23588 9.02947 20.4981 10.4939 19.546 2.43374 14.6826 9.05232 6.22766 7.73358 7.98285 9.75621 5.96244 6.3916 11.3822 21.6323
172.811 9.57206 3.31798 6.42949 9.82049 8.25629 7.56179 4.91231 10.3021 12.5584 17.3497 7.51731 6.32416 7.7175 12.4321 7.01794 22.3814
165.158 8.8114 7.00984 7.52601 6.84841 5.26687 11.6751 3.32007 3.11654 9.82701 16.0673 13.2011 18.1678 15.626 16.6067 12.1012 19.7088
185.946 12.3072 9.19166 8.95031 11.7637 15.6095 13.5534 6.24563 11.9919 8.72665 9.9775 5.43589 20.3549 5.34803 5.67947 19.9778 12.7987
176 6.1355 20.6543 13.1665 13.9986 8.95887 15.176 8.93096 13.9706 11.912 8.56694 8.50733 8.08767 12.7702 13.9596 5.89611 17.3382
167.043 18.1839 14.4124 17.1484 14.7142 12.0172 28.1327 8.7255 3.0402 15.8241 9.5849 2.27072 17.4871 10.3995 5.6743 14.1496 11.405
171.74 18.4188 9.65485 1.38397 6.70587 12.8104 20.4052 16.0295 5.96578 7.74479 7.98126 13.8176 7.46451 7.32944 13.1946 6.08459 16.0336
175.33 5.42607 12.6402 10.2874 5.65145 11.9381 11.1422 6.04727 12.2969 6.04087 9.06866 15.9805 2.22246 10.4487 10.965 6.9382 15.8534
197.618 11.0738 18.375 9.97619 10.2906 6.01675 6.41436 6.53308 11.3182 7.19734 6.04598 9.2585 11.0324 6.57178 10.2389 12.9416 16.507
186.607 10.893 16.0815 8.23721 6.86703 14.3644 8.7705 1.95067 9.92814 12.4788 6.46143 8.12332 11.067 11.8489 20.3096 10.3904 5.92502
187.094 20.0724 2.88768 11.8085 20.7222 2.89111 13.8437 8.62894 9.67147 11.2033 7.47166 3.77756 13.5767 13.0636 10.3268 12.6658 11.0379
186.157 8.66324 6.65005 25.417 13.6867 6.00888 23.5473 7.4125 15.3422 11.8268 16.2195 5.42115 13.7895 4.16657 14.7535 12.1226 13.6347
202.517 9.4711 11.6809 5.46497 8.96556 14.2318 15.3391 3.81265 16.6522 10.9926 6.80062 10.2868 3.65828 8.52952 2.7354 10.8598 20.7942
187.603 4.99678 10.1706 10.5266 11.9544 12.3381 10.1589 7.07483 7.80347 8.67316 8.80772 8.72122 19.0049 4.87156 13.1809 11.0828 20.8209
188.965 4.99678 8.18706 7.85886 4.86666 11.7125 8.47644 6.55509 10.8956 15.6936 3.77014 7.62286 11.2097 6.46285 13.352 11.2013 16.7498
198.73 9.38093 11.6922 13.3197 4.8762 14.5488 12.6516 7.66888 12.6627 12.7708 2.21821 13.2326 6.73753 9.67965 20.6923 11.6929 16.6272
187.372 8.46977 16.2173 12.4559 4.01549 9.75944 7.01566 15.674 5.34884 6.14659 7.31064 7.06081 16.2525 5.79794 15.258 10.846 8.19649
187.129 8.25176 18.953 10.0643 5.97587 3.20859 14.6878 20.9221 12.6511 12.0738 9.08492 15.3538 13.1039 7.30069 14.4822 18.9772 11.8026
184.338 7.78593 14.0845 13.1742 10.4882 14.6359 16.4742 11.865 17.0414 5.54857 7.40938 9.23769 17.0314 12.3391 15.9383 9.29828 16.4473
178.549 14.8936 11.9113 8.91901 8.90832 14.7014 11.5289 7.09584 11.1931 11.6841 5.19855 8.08398 14.3703 18.7695 10.7362 22.3071 5.06629
182.302 2.3652 10.6887 10.6559 9.65526 21.9461 14.3269 5.63351 2.9865 8.82558 13.1369 10.1321 6.28342 8.99022 23.3756 16.5658 5.81155
193.544 4.14316 9.44715 7.40433 10.6824 16.528 14.3631 12.6309 7.87881 10.8956 11.897 9.866 10.5212 4.47843 8.71166 15.4347 21.3705
177.649 8.00106 8.77861 5.35762 4.35755 3.42486 10.1245 11.8057 6.60695 4.94791 1.44753 8.19852 11.4554 15.6729 8.9616 13.5804 20.5812
187.769 6.61185 17.3541 15.4824 8.37738 15.061 15.6384 14.9833 10.491 5.85905 8.88472 6.12813 6.0477 8.98787 6.17478 13.2878 11.7821
193.775 6.80471 12.6339 9.95731 21.864 4.15903 18.5408 10.6137 15.4482 15.8779 11.8072 8.60512 12.2553 10.35 6.01228 5.23011 21.7171
191.624 7.04412 8.10472 15.6289 16.6942 5.73203 5.6864 9.20701 13.8969 10.909 10.1903 9.16593 9.73077 15.8564 15.1005 15.8938 14.2837
202.26 3.67922 8.81369 12.0483 8.75451 5.76161 11.3692 11.9359 4.3818 5.85954 8.76999 7.59784 7.35134 11.4779 9.3636 12.6838 22.3721
201.689 9.9636 13.8655 10.1387 4.50471 11.8472 11.454 11.1935 10.1883 8.2853 6.53029 7.44368 19.5186 11.0112 6.97533 4.74585 16.2434
181.537 9.42586 14.4046 10.7449 5.86222 3.98574 7.07563 12.6113 14.4076 8.61833 6.28993 3.39342 10.9187 9.79951 25.2139 6.03696 15.3186
177.091 4.6011 6.85238 3.25855 7.27579 5.31758 4.11688 15.9675 13.4909 4.80986 2.81917 6.37702 14.8571 8.29294 11.0785 20.5989 22.0988
192.498 4.27084 6.58093 10.1079 9.09545 7.98516 12.5389 19.7388 16.5942 7.12308 6.38659 17.6853 9.30047 12.6686 9.23014 13.4177 17.4454
207.449 11.182 8.89038 3.65729 9.42836 8.83723 15.0791 14.6451 15.8229 17.0883 5.88676 6.75106 5.5146 15.1064 10.5462 14.0224 18.0487
177.626 6.12851 6.48157 4.06756 12.6579 20.0787 19.6191 4.40255 7.33456 7.3941 9.74969 9.303 6.83434 10.4596 9.04446 13.4601 22.2202
189.024 9.11286 18.6207 13.6455 12.1526 9.07442 11.7784 16.8292 9.53019 12.6301 11.9243 10.175 12.1337 11.5827 9.49383 18.5896 22.761
174.973 5.57641 7.35587 13.9376 11.5149 14.702 9.78696 11.1693 14.9969 7.42811 9.94416 14.7456 18.2763 13.1521 15.5179 22.0961 13.7686
200.204 6.5201 8.70263 6.96323 11.4249 9.31862 13.1206 7.99539 10.9751 8.13238 8.06508 11.39 14.162 16.1791 18.0242 19.6418 11.705
197.172 10.6081 24.0016 9.21739 6.6111 14.2455 13.9942 8.62599 9.72065 10.7167 8.00628 12.492 5.41428 10.7123 8.80177 14.045 6.17329
188.381 9.79901 7.0872 13.7655 5.2217 9.65459 7.34724 15.4654 18.0524 6.77843 8.81267 4.40831 7.93726 15.504 14.9372 20.7618 15.6967
190.292 14.9249 6.34917 9.64523 8.93833 3.22827 10.8679 14.6127 3.96116 8.38454 12.2315 10.192 18.3085 9.18205 10.8377 8.96555 18.4191
206.857 13.1712 4.27898 8.24595 4.2671 2.82359 12.8834 11.8355 8.86697 7.75748 13.6164 15.1058 6.27975 11.0312 9.93203 8.4331 22.1097
178.053 11.4589 24.1414 24.4345 9.15052 8.68702 23.5031 10.3219 2.88825 10.9701 12.1312 9.89717 12.8086 7.08136 10.6483 8.26544 20.5188
197.13 3.7995 8.32321 9.02003 10.9574 8.88902 14.6076 10.3863 6.85399 7.20271 3.41304 4.73228 4.39618 6.39799 16.5357 18.6032 16.8477
195.508 14.2857 10.9429 12.7107 8.26168 8.38651 8.32327 5.31896 12.4786 8.9666 6.13324 5.95894 6.78541 9.42992 7.87706 8.31901 17.8418
185.4 7.03954 9.37718 6.36687 5.731 12.1943 13.8323 15.6523 7.91357 6.13534 0.937376 10.6677 11.9287 10.3297 11.869 12.9808 11.1482
186.93 11.7746 9.2197 14.9425 12.1591 8.76065 9.98165 13.6549 11.9852 4.55318 13.0104 2.69024 8.30958 7.83282 13.8734 9.84588 13.6941
183.413 6.82431 8.13115 10.3158 7.60024 11.752 16.87 17.7077 10.7479 7.61747 11.5104 8.5863 8.6889 4.12158 10.9324 9.97559 12.4429
181.201 8.91182 12.5664 11.9552 6.82667 15.79 13.0399 5.77229 6.21055 12.3396 11.3791 8.5345 9.37093 10.3869 12.8036 11.7895 22.8002
184.556 15.3541 12.1758 12.241 4.54102 16.7847 16.6133 6.5742 20.6544 6.51835 9.17916 7.54446 12.1319 9.06897 9.0322 12.8667 11.4764
178.885 6.8304 7.95752 7.44818 8.3548 11.9614 3.92243 5.63802 2.99896 5.25183 10.0463 4.81317 5.226 4.9645 6.29803 17.3757 8.63937
182.337 8.16507 11.1445 15.8733 9.04389 6.8155 3.74654 7.05989 3.82785 8.51237 10.1633 8.40465 17.3675 6.83185 8.31474 10.8144 12.8513
197.37 11.1785 9.74241 2.54188 13.4189 2.61568 7.87999 14.861 10.0315 8.99977 4.60408 9.71871 22.2953 14.8904 15.8594 5.59172 11.1045
188.435 8.07103 10.3333 11.4936 12.9046 8.76154 12.4438 10.0438 14.9003 11.0094 13.6925 14.2479 12.5879 10.7571 14.0546 9.55615 11.1037
191.114 3.29703 9.28903 6.43009 10.1202 12.1355 12.1545 6.61352 8.8764 8.01116 14.0979 7.21939 9.29322 10.2282 16.0585 9.39023 16.0889
198.173 11.6973 9.66001 9.27341 13.8592 9.59659 8.51891 9.21285 4.59526 10.7563 2.09053 9.43278 12.7118 14.6141 12.1221 15.496 20.3279
193.655 11.549 8.01173 5.8509 10.861 11.1433 13.5104 3.2856 9.44511 6.56687 6.31948 13.4003 9.93796 13.6035 7.44765 17.485 13.9039
187.025 4.4145 7.9819 4.60714 8.60556 11.8841 11.4948 15.9884 8.75037 9.64982 12.9626 4.21125 7.29261 4.20843 5.6217 14.0448 13.8766
179.849 5.50162 11.4614 25.1856 3.83629 6.66606 9.96434 16.4452 8.1335 5.49223 13.4458 7.72959 6.86319 6.43408 13.4113 17.4911 21.0758
179.744 27.3985 11.6754 12.0897 13.6185 15.2596 9.91646 9.63956 12.0779 8.55555 5.84261 7.07491 21.2425 14.8546 14.3754 16.3364 22.6822
172.244 2.28356 9.39016 14.8633 26.2913 15.1677 17.6495 5.89955 10.2912 11.1737 8.62159 6.40113 11.5171 7.06151 2.18731 14.6466 6.24592
181.785 8.42729 9.54289 13.8512 4.52683 9.54898 15.0058 9.50869 7.09227 5.82219 3.49532 6.83012 7.37103 8.65667 8.8793 14.7198 6.40927
183.344 7.51938 5.26216 4.52743 13.7126 4.37289 2.81718 15.0474 12.8803 16.5257 8.92248 13.5339 8.42452 10.9065 6.57962 11.1479 13.5188
181.133 5.24636 8.03662 11.2307 15.9677 11.2944 7.93687 9.91815 3.94795 7.45098 9.24684 19.0013 15.318 17.8567 15.7032 11.0031 18.0738
182.701 17.9856 9.6279 5.23899 9.96279 15.8997 7.49591 7.44713 6.44644 11.8102 9.65282 2.46937 6.20884 4.65313 12.3297 17.1158 23.8514
185.673 10.1905 12.2458 25.9508 13.6522 15.1389 12.2908 11.1775 5.98141 8.30121 8.50651 8.72408 9.46745 5.91231 5.32019 10.1124 16.7313
192.324 12.3923 14.6537 10.8536 11.3174 9.13699 15.1677 9.17844 10.1412 5.91642 10.0203 9.66211 12.8569 16.1266 9.24603 15.8389 12.2104
189.545 11.0354 7.39918 10.085 10.2284 5.32424 10.6495 8.75582 10.5501 10.2106 8.17429 9.34634 14.1754 9.79324 9.95906 9.64988 19.9112
187.737 9.88834 12.0866 9.07513 5.14089 8.21103 18.051 9.33268 13.3154 6.80728 12.1853 10.1086 8.61534 11.8938 6.98869 18.1687 14.0049
175.239 18.2509 7.55493 1.41516 9.14892 11.5644 11.481 9.54611 18.9573 7.26423 12.346 7.48791 13.8818 5.17415 12.3028 17.8237 15.527
192.699 8.76146 8.86089 19.1218 4.64345 5.28157 14.1573 7.24727 10.0266 5.19552 12.9539 10.612 5.88651 3.15523 16.7883 18.3332 16.0165
199.81 4.05837 4.54929 21.2144 11.8618 2.53229 9.56609 1.85217 6.6013 4.59502 13.0795 7.27601 7.0486 8.14409 6.53767 12.3601 17.8447
178.384 5.97466 6.95556 5.19482 22.0179 13.7531 14.3957 11.8284 13.0368 10.3529 16.607 3.18245 14.1886 12.58 8.88025 15.218 19.4134
176.365 10.9591 6.87547 13.8278 6.14563 10.5289 16.8045 4.84392 8.39867 13.7869 9.72417 5.69124 7.73738 7.19037 10.5323 7.69555 22.477
183.894 5.953 7.58023 13.1542 7.45338 8.63142 5.23723 7.58476 10.3529 11.7181 12.0648 8.51512 9.69838 19.7438 12.1288 7.41422 8.03465
192.213 11.1005 11.056 22.5951 13.5927 4.39963 14.2858 10.797 8.18574 5.34239 5.49464 4.27804 9.44244 11.5509 16.6297 6.45207 17.7048
177.139 12.4783 4.87467 6.2392 15.8284 6.17923 6.58056 10.6132 11.8265 14.9641 10.7588 7.31484 6.18546 11.0078 19.8775 10.5327 18.5768
178.821 4.8432 9.27918 10.7105 14.9005 9.43397 20.4313 8.29675 21.0414 13.7919 14.0561 11.5692 10.1599 14.6507 21.5558 7.49825 16.6873
178.402 7.49327 4.99951 14.373 2.91812 8.84857 10.7788 3.7332 6.39751 5.40074 8.56835 8.92014 12.1823 5.04259 9.73512 7.37978 11.2392
183.045 4.73525 13.7261 16.3884 14.0726 9.70203 7.8842 8.18948 6.35075 7.39049 3.73146 9.64945 26.4662 5.23249 7.878 6.90929 24.9036
172.471 3.7419 6.53107 11.1212 7.01312 6.8092 13.7131 6.52518 11.1584 21.2245 10.9786 6.08819 21.1414 7.88087 8.05728 3.48016 13.2334
191.231 7.55395 9.1967 10.6514 4.88768 10.6516 9.27596 7.40704 9.65587 10.687 12.7471 15.1842 15.1086 9.78851 11.274 5.74537 12.4915
190.23 9.51551 10.4947 14.53 2.16704 6.22748 9.78126 5.90736 5.25859 10.7088 10.0897 9.79566 7.64138 10.0396 16.8491 8.25706 7.27477
192.636 5.18885 15.8386 16.4135 3.11354 8.84965 5.67607 13.2844 8.67954 8.99118 10.5593 7.66371 13.6786 8.99503 6.65131 9.79958 15.1272
195.204 7.65988 14.6693 12.7429 6.2214 11.6963 10.1416 11.4166 7.97851 8.00938 12.4745 9.34099 7.14389 7.05947 7.11702 4.53724 13.8722
194.937 5.78035 21.4369 11.6663 8.92791 9.36511 8.57043 5.11038 12.5517 4.29156 10.3794 8.2142 9.70442 13.2375 3.44837 5.78372 16.6451
194.452 13.9818 9.30663 6.21903 8.67196 5.22951 13.6671 8.08768 6.04223 8.30096 9.31827 3.13466 2.97063 9.96764 8.97304 8.93843 14.9469
188.105 11.3347 9.10019 13.5653 7.99796 22.8082 7.09892 4.8228 7.73022 8.23313 11.4419 6.2668 18.6801 17.8555 7.71708 15.8714 22.5752
191.242 4.48704 8.48192 6.04815 4.90083 13.9861 14.797 5.29493 11.391 5.671 9.10846 21.2994 19.533 6.90959 5.50133 18.5168 15.5043
177.963 9.47528 5.58684 21.5015 3.59705 7.21931 6.6559 15.5512 18.9049 4.88316 7.66005 5.40934 13.6383 6.00184 9.05662 10.3214 13.4875
195.03 12.8463 10.6359 14.1309 18.9505 9.95125 6.39161 10.7876 8.0424 7.10974 7.68992 10.0782 11.2615 16.2747 8.18633 11.9391 11.2098
196.084 7.73284 8.2624 5.84018 9.25042 20.5812 6.98796 9.10937 9.03281 11.6322 7.48 18.9951 14.4059 12.9268 14.8331 10.3015 11.8858
193.366 7.80192 7.03087 8.5668 8.14628 4.95088 9.92364 2.57478 10.1662 5.42231 11.195 14.9472 7.74919 10.5961 4.93788 18.9728 22.4477
188.009 10.7132 9.18763 10.5822 7.24169 10.7061 16.1269 7.11312 7.11575 7.10266 10.428 18.5069 4.83509 15.2449 11.6529 5.08691 12.134
187.68 11.1057 9.82136 14.4602 5.88348 5.59281 20.6716 6.34507 7.04178 6.87351 5.87866 16.147 13.2828 9.59206 8.14976 20.6095 9.569
179.46 12.2627 5.12071 4.99199 6.33595 6.06799 14.4044 7.2414 10.8842 5.24303 5.47874 8.32723 17.887 7.08979 6.09624 18.3289 17.0366
186.746 16.2105 10.51 12.1634 6.59391 4.4702 14.4378 12.8354 7.20629 8.84459 5.49181 4.9616 19.6468 5.84697 10.6815 9.68329 22.2715
193.433 4.17422 10.9392 7.79836 15.211 16.5428 13.0276 6.43591 8.61629 5.38539 7.53325 9.8029 5.27425 12.0814 7.52424 11.0577 15.514
191.579 3.22802 9.53429 12.4446 11.0232 2.81824 7.59575 11.887 8.0315 14.3011 3.1238 11.4628 10.5757 11.9853 15.1647 7.18011 15.2905
187.957 5.50029 18.1707 14.5044 9.645 11.6023 4.82039 7.27533 22.5934 10.955 5.17454 11.0733 14.0232 6.22264 15.9059 7.89443 18.6817
190.448 10.1615 6.71332 9.91423 10.3425 16.2035 8.61709 1.01241 6.8123 6.4414 12.9518 6.32393 9.71629 6.22852 5.90698 15.4692 14.9799
189.627 12.2219 6.97138 13.7991 16.1953 10.5973 12.6874 7.4478 5.33925 14.1338 16.6911 4.59246 8.86955 9.22071 17.8234 12.7458 13.409
201.514 7.68341 12.3779 10.6024 7.76481 7.45686 14.2648 7.19501 8.98523 13.2361 5.67208 9.71328 3.78008 13.928 17.5724 6.53467 15.6477
169.829 2.16251 7.5262 11.6561 11.2291 10.2263 10.3779 16.4131 9.31687 3.71397 5.14847 11.0664 7.74906 8.07647 16.9528 9.39782 6.99021
193.175 12.3689 16.3397 10.5265 8.48381 6.65554 4.92323 7.47085 9.98794 5.0732 5.16237 9.29775 8.61455 6.83473 16.3901 9.13413 10.9488
178.411 9.3741 6.70191 8.73379 6.59547 6.82513 9.50898 9.1797 10.4117 5.64992 3.08497 10.4183 4.52299 7.87811 14.9782 7.45069 20.1002
182.987 6.33837 8.29284 10.5173 11.0423 10.6674 9.27235 14.8848 8.15327 13.1436 9.5055 7.68012 9.3796 14.523 16.199 7.52414 12.2654
166.761 8.28632 8.30203 5.90397 12.0569 15.624 7.21227 14.3253 7.97597 9.17678 8.93533 13.101 7.51491 15.1369 11.7619 12.7471 14.0751
180.582 5.57203 13.4839 11.4317 16.6113 6.23981 5.31706 11.9785 5.13333 6.12382 6.41269 11.8837 20.467 13.2226 5.52189 9.57057 13.7318
167.355 6.64436 19.7039 5.63375 13.6225 8.09649 12.1125 7.31084 10.2523 4.05495 7.14017 16.1538 10.6174 16.2359 15.6407 10.4075 21.1949
176.18 9.62323 10.9624 10.7508 12.9611 6.3653 18.0701 10.5216 11.6838 21.1118 9.37876 5.13028 10.5699 8.36627 22.7691 31.239 18.6621
185.767 7.88281 12.03 6.39908 8.73036 4.9999 15.6118 13.4867 9.8665 10.9065 4.2216 4.72826 6.58516 17.1058 12.3101 13.6313 13.7003
164.469 10.1768 8.93759 4.82081 1.51758 24.3636 5.35844 12.8685 11.7364 9.77189 3.30699 6.23975 18.1978 9.77804 10.4869 8.82042 18.0513
182.276 11.1732 13.4069 14.4627 12.6501 10.1612 18.6048 9.04721 13.7247 13.3986 7.54537 14.9674 7.13055 16.2616 16.8314 7.86508 9.95926
181.684 2.40233 13.11 8.64306 7.31903 11.3076 12.9052 8.23517 6.19941 5.7935 10.2327 5.40043 7.0846 8.7778 17.6841 17.2172 23.8152
191.472 11.3201 7.37874 10.7331 11.0815 9.69064 11.5655 2.78028 11.3699 5.60674 15.5753 6.31992 10.8182 14.45 7.80798 13.8497 10.257
200.125 6.90181 5.62502 4.38547 13.5952 2.97271 10.4817 17.5484 11.6572 11.1982 17.4145 8.83098 11.2975 17.0025 13.2765 17.1337 13.5375
199.943 10.2726 6.57954 20.1067 10.485 4.04439 13.0855 16.7559 8.03889 15.0267 9.95971 8.13793 7.83647 9.69252 14.773 4.19813 13.3444
204.785 13.3515 11.5543 10.0427 14.4288 4.07762 9.45276 5.76425 9.3015 2.05903 12.7715 3.89449 9.17593 5.67322 6.79881 15.8289 19.5947
193.384 4.86111 5.87144 14.6573 20.9736 3.19958 8.40102 5.45637 11.9009 6.18013 11.9231 4.67096 8.72169 10.2316 3.97333 7.09929 14.8873
198.854 7.60611 18.2142 13.6075 12.9598 9.31354 11.1639 5.75294 13.9347 11.4648 6.2116 15.2574 15.6852 6.77028 15.0276 24.0955 15.0117
198.405 6.24273 18.0128 15.9161 6.1588 4.07188 11.4094 7.10667 7.14214 10.2588 17.1546 11.0072 15.6234 11.1494 10.533 9.59545 17.2344
199.452 13.5148 4.45115 7.07891 10.7478 21.2899 16.0617 5.19498 18.05 6.16198 12.3821 4.10827 12.7483 7.13884 4.95376 9.73334 10.2194
188.378 8.62518 13.4429 15.4625 3.84538 15.4722 13.1035 7.26473 11.7732 6.12616 20.5653 10.7999 3.10683 17.5561 5.45092 9.53975 21.5594
182.757 5.87581 11.4988 8.35607 19.0663 9.87879 9.50182 11.2104 10.9108 6.13556 7.57106 11.5016 11.792 15.6914 7.94457 21.9148 16.1068
181.369 7.17325 11.604 10.3595 7.45079 4.69933 11.1349 11.6881 9.4274 6.4832 6.91016 8.43336 12.7627 6.63303 13.7758 11.6247 18.758
184.678 10.6167 9.04869 12.6917 8.29754 8.07202 7.31121 7.9398 10.4699 14.2644 5.82414 17.0433 9.57729 8.04568 3.9593 6.29141 11.535
204.686 15.7108 5.67262 7.1959 7.62329 5.45598 13.634 16.9074 6.47066 4.37918 13.1849 5.63708 11.1265 7.7809 11.046 8.77161 4.24595
182.618 3.57804 7.75669 7.43283 15.5563 30.3141 13.8853 5.86285 8.06831 4.68632 7.08484 11.7263 8.69414 10.5525 8.35188 10.6251 12.9766
185.896 12.6931 11.7541 15.3996 9.33264 7.81901 5.72277 5.72795 7.26671 6.51037 3.66975 11.3855 16.0624 9.9142 11.2997 11.6332 16.4006
187.003 4.63982 15.1476 8.11463 8.49818 7.22627 5.96134 5.67252 6.04777 7.39095 7.9863 6.87041 6.05668 12.306 19.7286 11.0011 11.6949
197.67 8.88689 15.3616 16.262 13.7393 8.95599 5.7484 16.2556 8.0783 7.76112 8.35618 4.44984 7.80753 13.2868 16.2685 9.35136 19.6792
179.904 6.61742 11.9278 10.5539 11.092 10.1062 5.80794 4.99278 15.4254 10.379 5.72101 7.6477 12.8133 14.2448 9.331 11.0468 13.5348
182.696 10.8883 12.0882 5.6578 16.6214 11.2441 3.2255 11.5588 9.42133 7.15442 7.07148 8.13423 16.967 4.97225 12.4152 10.2223 11.4834
185.059 12.7944 11.4218 14.6592 8.01468 4.84854 13.4328 5.51391 10.9492 4.24525 3.89853 9.97838 7.87854 3.38034 11.4218 7.67797 16.6534
205.281 18.4295 10.2743 9.41628 5.46031 3.85651 12.025 2.52042 10.678 7.56662 12.5174 4.26435 6.89223 3.91229 14.6792 6.86984 11.4612
186.972 8.37448 11.8915 6.5791 8.02129 10.0299 13.464 7.46844 8.55814 10.9862 9.84065 7.73228 15.5738 7.78137 13.6981 9.41976 26.3808
207.834 12.1292 6.33807 9.79036 21.236 10.4049 8.91279 8.99814 11.197 2.79426 6.04862 4.76742 13.2091 4.61791 11.1554 14.622 20.731
184.443 15.2857 4.84211 8.45897 7.96255 15.3463 9.96571 18.6098 23.2792 11.4695 6.29277 16.8121 16.8155 7.35148 12.1609 7.37602 15.4042
198.493 21.3845 11.0365 7.65993 9.28789 14.2014 9.48784 11.5631 24.3498 19.8641 6.90279 7.39053 14.769 6.51543 12.8555 11.5521 25.8367
186.821 7.36076 6.01944 10.8629 20.0207 8.97126 7.32122 7.7946 10.0493 10.6185 4.82615 14.3748 14.4242 16.8601 6.1218 16.0703 22.978
189.564 12.5052 6.50817 12.8305 14.0777 6.97395 16.5016 11.3934 5.00638 2.85635 4.18719 7.16996 15.0463 11.3701 5.90569 8.52787 9.1844
185.31 10.2603 13.7937 10.207 10.2706 8.44275 18.7351 8.40842 6.05565 13.0502 4.94953 11.5825 16.5597 11.2029 12.6568 10.3561 15.8744
174.759 9.2243 11.5974 9.21242 8.63661 8.86635 7.55429 4.87726 17.8245 11.9886 6.43597 6.35849 14.6345 6.89422 9.58383 5.52263 17.5986
192.334 5.87359 10.2513 4.78816 7.26207 4.96841 9.32049 5.03091 15.1204 5.2212 3.88263 3.248 4.69412 9.81955 11.1433 9.32506 18.2045
192.074 6.1616 10.8344 10.1375 2.73956 5.96373 6.50595 6.16842 7.9452 8.78252 10.7563 13.3455 3.91319 9.42579 7.3232 7.06254 9.98138
192.321 16.833 12.3356 22.4684 8.18629 5.86793 3.47737 11.447 14.5914 5.07141 11.7941 11.9352 19.9546 7.45745 14.5293 7.25737 19.6844
186.653 7.09483 12.0909 4.07463 12.6329 19.0463 13.7203 5.62208 9.86037 11.8056 7.3169 12.3075 14.9786 11.3582 12.3486 5.84994 11.984
185.483 4.24984 13.9137 3.49659 6.41525 4.98235 5.82139 9.43496 9.56094 10.6243 4.64627 9.01881 8.18377 8.95796 7.54029 5.80193 18.3739
180.402 16.7373 16.0328 14.825 4.54857 14.5239 9.6549 10.2899 5.27679 7.21198 10.8074 11.3392 15.1092 11.644 16.6465 10.0388 7.87876
185.307 6.03263 15.1862 9.90021 12.7824 6.96956 12.2243 16.6245 5.62147 16.6688 2.93553 11.4344 8.60012 6.40015 12.1715 8.00751 17.3149
191.273 13.0742 3.32555 4.28726 1.90039 7.05059 11.7712 14.8841 8.69344 11.5956 14.7149 9.43445 15.2225 3.90385 5.87125 13.168 18.8312
192.388 8.73994 6.4387 13.0719 12.1894 2.92843 13.0112 19.7884 15.6373 7.69453 15.6178 4.95987 15.1483 8.41789 10.8123 3.51778 15.8338
191.428 12.3629 5.27427 16.9434 11.263 12.9474 11.052 18.9115 9.51048 8.27514 13.7348 7.2662 6.67581 8.37006 11.2116 11.0198 20.3675
192.234 12.4022 15.6378 12.64 8.18952 9.91922 5.49676 12.2392 10.8176 9.18496 10.0257 9.90233 5.78433 8.16067 9.39409 10.0003 15.167
191.704 12.6423 14.2299 11.886 11.8739 14.6365 9.97223 5.18632 11.5288 10.9558 9.66511 14.6013 7.86317 5.01881 10.6582 9.20252 11.1727
194.457 12.567 8.18508 9.50221 8.52995 3.69364 7.9201 12.6297 15.751 9.80661 5.17175 8.24338 7.37759 11.8049 14.6945 18.4824 10.7864
192.554 9.06865 7.64701 15.7836 6.39015 12.5031 11.9685 5.69229 15.7857 8.9 7.43454 14.9351 11.6514 5.09349 15.8266 16.006 14.0293
199.08 4.7863 9.71632 8.51645 7.25226 3.92474 9.71931 9.21522 15.9197 6.51051 7.4839 9.67969 11.9128 9.29682 15.6886 2.26517 16.0515
189.924 11.4035 18.2293 5.55762 7.96656 15.3944 9.65136 12.8059 15.9488 10.5169 5.87969 9.71828 19.1858 8.09459 13.7596 1.81803 22.789
188.529 12.9686 3.82698 20.4012 9.59379 5.55723 14.4854 8.89154 8.38972 17.6134 8.00809 8.22526 6.0351 10.4845 12.0026 8.36589 9.19794
185.243 9.84655 15.1478 14.4555 11.3144 9.59725 12.8139 11.8191 11.0419 5.42168 10.5618 4.40255 10.8023 12.0889 5.72102 13.5704 15.6375
174.674 8.80698 12.9102 5.00586 19.8509 5.43476 10.7358 7.49178 4.09429 10.0647 8.21276 2.8198 13.4905 15.8711 7.67965 7.76844 12.4849
177.489 7.11824 8.73218 5.56993 14.1548 16.6059 10.7662 3.47496 14.1696 10.5708 5.43917 12.463 7.86909 17.5962 13.8334 16.9633 14.4045
181.324 6.47781 5.63795 8.39421 3.89155 2.53349 16.9069 3.75221 14.4309 9.81501 7.35858 12.2125 18.4903 4.75453 13.5174 11.6143 23.8791
171.748 8.87461 8.77534 6.06817 16.6295 6.23278 14.5057 3.29636 10.1484 11.2418 7.01409 9.12216 14.6627 15.6665 5.96745 5.73134 15.2284
189.699 3.93304 16.1005 2.76784 6.57691 12.4453 9.45117 8.57267 17.8327 9.87399 7.67633 12.6958 7.68849 15.6338 6.57045 9.98753 12.5607
190.929 13.5469 8.59484 9.21476 13.3636 6.74044 16.0034 10.3808 6.49593 7.17431 12.2321 10.0065 12.2184 16.1866 7.66437 11.1653 6.1288
183.183 9.95134 8.53112 10.2194 8.041 11.5939 15.4278 4.76766 1.98448 7.28892 5.81048 13.189 13.6117 6.07471 7.40891 11.1667 7.01388
190.861 17.9684 9.14323 6.13329 3.62947 27.2496 13.612 15.2123 8.3227 6.9702 5.28709 6.41006 11.564 4.77214 11.3293 11.9678 24.9595
185.527 9.75247 26.5496 5.96398 6.5053 11.2176 11.9168 7.101 9.67956 20.2069 4.48118 11.4279 14.45 11.4916 19.7433 11.2323 14.62
185.896 11.8403 5.47185 7.50813 12.2538 10.2705 7.11951 6.69341 8.84478 13.0761 16.3412 10.1533 9.55774 3.65544 14.6585 5.80927 10.2592
179.963 20.2442 4.21466 11.5366 11.2486 14.8701 6.13824 6.62971 16.6984 19.4692 6.76067 12.1711 8.78695 6.80301 7.84498 16.4581 9.28813
193.156 13.613 9.1483 7.63519 9.40914 3.93769 14.805 6.41984 12.6163 12.5267 4.30424 6.56005 11.7764 7.52333 6.03661 14.3875 8.047
187.008 6.98262 5.44986 3.11721 4.89375 6.16111 13.7171 6.25144 4.28152 18.2863 12.4331 12.6386 9.8017 9.06052 15.8866 12.0708 20.0654
192.043 4.29373 5.45578 17.2084 10.2278 13.8409 10.2842 6.19025 6.53278 7.12455 7.7348 9.74727 10.8351 11.2947 12.6507 8.73252 11.5818
190.048 20.9232 4.60884 12.4624 6.32228 12.268 6.42352 2.82776 5.5592 10.8066 10.5831 10.2363 11.0412 9.81865 9.31155 19.2392 18.3766
189.146 12.5644 11.1052 10.383 4.58746 7.18515 8.53316 9.04519 11.639 10.4539 7.46788 11.6441 6.01715 7.55137 12.1728 15.1941 18.0546
196.49 18.4004 17.6397 9.39595 6.21567 5.84883 4.51545 4.8725 4.76712 5.29909 11.663 10.2527 9.60544 9.14729 14.8209 8.18275 9.69962
180.427 12.3489 9.18094 11.2945 12.0774 2.31759 9.63925 11.3448 12.7969 10.9215 11.9535 6.11619 13.98 6.71474 10.0699 5.63119 26.3329
181.852 10.7391 17.7314 1.97034 15.9389 9.69174 7.97115 18.0415 11.6893 9.83052 4.01484 5.43019 3.92748 8.77558 7.75748 12.2913 17.3154
187.644 11.2979 10.503 6.88755 23.1324 17.5756 11.9607 15.7933 16.1556 7.32106 6.3819 11.9888 9.57717 8.69496 7.04426 7.04654 17.8186
187.777 6.06603 12.6502 14.7782 6.34183 5.93756 8.67655 8.5236 10.2999 11.3846 3.89737 10.8079 10.3481 4.54067 18.7437 10.1044 5.67132
201.611 11.6956 12.1446 11.9224 18.3842 11.848 13.9291 12.1981 6.43099 15.9199 11.2759 6.09016 12.6531 10.9854 17.4319 12.4089 16.8182
190.468 10.2614 6.59512 7.04077 19.2023 12.1454 5.70202 7.29996 6.34659 12.3053 4.32698 16.63 12.748 13.8076 15.3636 8.62368 11.3423
181.553 5.90917 4.55236 10.768 9.39186 14.0485 20.5543 12.9511 5.42233 16.3212 8.38599 5.65259 11.535 14.2588 16.7805 9.19874 14.1099
187.777 16.2375 14.1635 4.86682 8.63341 6.08116 11.2618 3.333 11.9181 8.63041 11.1714 12.6574 15.195 14.3012 8.75536 14.8938 21.2618
191.431 3.67013 10.1103 10.6521 4.47048 6.19189 7.39226 7.88966 12.565 8.81156 10.2144 10.6367 10.3735 14.0695 19.058 17.8003 13.6107
186.185 6.18125 10.0501 14.9863 7.39469 8.9012 2.96791 16.4899 16.4463 9.42592 10.8171 12.2511 12.2654 12.7028 10.574 6.2623 13.9909
179.936 5.45957 15.5951 11.0144 9.35084 4.01069 12.7475 15.5048 8.01393 9.24776 11.8837 8.74562 5.09272 10.2901 13.1848 8.35511 17.6987
181.811 12.9515 7.85865 8.65326 10.4405 5.53711 10.7543 10.019 7.94913 12.2417 8.89918 10.0547 7.37954 16.5066 6.23675 9.77606 8.99725
190.323 9.8296 4.40807 12.5632 7.81555 13.9845 11.0547 12.21 9.89332 17.5556 3.00794 9.5763 12.4066 4.85671 16.1209 16.003 13.7781
180.8 6.73051 15.656 5.52409 15.275 7.83508 4.25496 9.56657 11.9407 9.05033 4.98037 6.68152 4.19281 6.97047 14.961 10.8005 25.603
187.2 6.28414 14.6687 19.3897 9.71314 10.0809 7.14008 4.10068 14.1468 7.73578 8.28857 9.1348 5.9852 7.06874 17.0992 21.7081 14.8676
189.695 10.132 7.49965 7.21783 8.86605 11.7577 17.8634 21.236 14.1078 3.82572 6.59168 10.7858 10.5379 13.5344 3.37042 11.3104 18.944
189.415 7.7181 12.498 6.14443 17.2615 7.75067 10.8708 11.6391 14.3745 13.3439 10.6425 7.45181 9.3579 12.3183 15.1759 13.4219 22.5518
191.232 8.76294 12.7306 9.06666 3.43945 10.2587 18.3836 3.00307 8.18139 18.4875 4.7565 5.93573 10.3685 14.4478 8.18946 12.1211 22.6046
177.479 10.8853 8.83775 11.7345 17.5882 16.1853 4.73931 11.8976 8.35059 5.82132 6.22647 4.05288 12.8633 11.9031 9.80415 10.4002 17.7494
185.396 5.09484 7.50225 14.5364 2.5813 6.80441 11.0222 13.5748 9.70739 8.9217 9.47442 10.5793 18.6915 9.15219 5.76818 8.04154 12.036
187.462 9.97239 5.0573 16.0788 5.6472 10.4917 9.32599 5.22944 4.9838 10.8262 7.22014 8.46957 14.604 8.825 6.34934 6.64828 10.5737
189.194 6.54969 16.2602 4.79345 2.33504 10.1446 8.62854 3.94426 12.7154 9.31531 6.67424 2.89938 13.2588 6.22153 7.52052 14.1854 15.2395
185.629 5.69843 18.872 11.071 10.0228 6.28866 8.98086 3.22956 8.50903 8.93628 4.33239 17.5444 13.0204 15.2812 16.0226 6.16769 21.1774
182.641 9.77883 9.93262 10.9979 13.8846 6.84959 15.874 10.9563 5.86391 9.73346 9.018 14.1043 10.153 7.84449 5.71 11.4282 7.13097
202.998 14.4893 23.7864 13.9827 9.26099 7.30378 4.76944 4.99248 15.1511 4.8611 3.83263 19.016 9.30539 12.5751 2.30814 10.084 14.9233
193.609 7.06678 10.9978 4.71894 12.257 5.00805 11.0143 17.271 7.58851 4.67842 3.32675 18.1407 20.3868 7.48605 9.32148 10.2678 21.0198
192.248 4.79011 10.4555 11.4489 11.8882 5.54089 6.15982 9.60141 9.89348 9.12671 9.72177 15.2763 3.69973 5.52206 3.48017 10.7849 10.3119
186.75 6.84456 12.435 13.5861 17.8009 15.1188 12.4111 15.4377 5.20588 3.55779 7.41541 7.59769 8.45675 7.74175 9.09062 10.2534 13.8971
189.02 6.79409 12.3686 12.1107 16.2724 18.7988 3.76135 13.4097 13.0854 7.13898 14.1083 7.27445 10.0375 2.1383 16.7093 4.48162 14.5344
195.136 8.12243 5.04101 4.58079 7.0034 6.16935 11.4154 9.16698 7.13285 9.09664 5.13766 2.4746 5.46608 8.85326 17.0341 5.77967 16.5137
173.664 6.35452 2.65001 13.6358 11.1777 6.96421 3.24172 9.3243 13.3343 7.3235 13.3496 9.79827 21.0087 11.8987 16.429 9.45706 17.3438
174.371 10.8364 17.564 13.2474 17.5953 9.24042 7.85219 10.4281 8.42933 17.955 12.6679 6.01017 9.55247 2.22834 7.36374 3.63837 11.4292
179.585 12.9996 11.5806 8.99347 10.3177 2.63525 10.3331 9.64877 8.3015 17.4751 12.225 8.5622 13.5298 10.5517 11.9693 6.61914 10.7477
185.244 7.59438 11.21 12.3541 10.3671 6.70804 4.59265 7.32444 13.1534 11.4634 3.59545 4.90896 8.46137 13.4225 9.29814 5.73172 23.2706
195.72 7.05533 3.49915 7.30092 4.62025 12.0997 9.29432 5.85471 7.95482 22.1515 6.55529 6.10965 8.25903 9.08457 4.65868 6.14736 11.245
200.181 8.40121 9.37252 3.91596 3.95455 11.766 8.7666 5.89024 9.16266 8.80158 10.4392 6.34812 4.41955 9.07641 7.54691 19.5955 24.1036
182.429 7.2189 11.1507 14.0998 8.94289 11.5504 11.122 5.23815 12.6895 11.253 9.20498 8.82548 19.6252 11.2228 12.7104 15.8052 18.1406
200.965 6.59707 7.27334 14.5116 5.69079 6.66686 9.06342 12.8425 5.56317 11.4418 2.72661 10.7924 6.13181 7.58048 15.3649 8.31501 7.28046
188.077 9.33104 8.72959 7.59376 8.14676 18.531 13.5579 9.38562 18.1851 6.11417 8.25725 8.09753 9.59299 4.49801 15.0009 9.1106 13.9771
188.019 12.3688 9.03711 9.20586 15.4192 17.6132 7.92667 9.14325 6.42866 6.26041 10.4948 16.5435 10.4276 14.312 10.3056 2.85956 13.2699
192.057 4.55872 12.974 3.59481 10.5603 8.22842 14.4832 10.272 6.25164 8.65174 6.47803 11.4806 13.7525 20.2626 15.1301 15.934 18.9319
197.185 11.4612 4.80283 7.78863 10.3351 7.52165 8.3272 9.90641 9.38002 7.36469 6.69798 12.4152 14.4838 6.32897 7.37165 10.5844 15.3948
183.019 5.20138 7.09958 16.1235 9.81643 7.20115 11.7826 14.8656 12.9609 4.18449 12.4993 13.2805 7.60216 9.85414 12.9228 14.7582 12.1873
177.019 9.0224 8.96389 11.5508 10.5554 5.34254 9.20485 11.1982 12.4692 5.45808 3.91877 12.4325 4.71719 11.5533 10.7572 7.5461 14.3436
186.671 6.43342 11.6927 12.1136 12.1993 9.65879 9.09348 9.01701 13.1561 14.2983 3.06945 11.094 3.62458 6.119 10.3018 11.6082 17.0303
190.472 12.4796 7.663 19.9278 14.5969 9.37014 9.5865 7.86586 10.1079 15.9744 5.98626 3.81391 9.56217 13.3955 8.31771 10.1896 10.5279
195.142 17.3742 10.743 8.95965 8.49723 9.52043 11.7993 8.11514 13.4028 2.53922 5.94617 11.6308 5.63373 5.78844 7.54622 11.4413 10.012
178.291 10.9372 12.0251 3.49213 14.4618 12.4483 17.2421 10.7698 11.1362 7.32671 19.5067 6.72285 14.1119 17.3098 7.1537 11.9501 16.3729
194.401 10.2538 1.3934 7.52588 19.1453 4.55784 11.7608 10.8861 13.6373 7.29451 6.65799 5.28462 8.18683 9.21325 7.92632 13.9639 11.3076
190.428 6.28579 6.89185 10.3524 17.4951 3.20316 11.9148 9.13789 5.43436 7.55593 13.0206 9.06375 11.745 10.1297 11.1904 21.0154 16.5812
190.97 10.9807 5.86554 11.5121 10.6163 11.8685 15.6036 7.05164 10.2903 10.6037 3.86005 7.74608 10.911 7.52167 24.0529 13.4762 11.0165
191.01 11.6657 12.3719 14.8486 20.6623 5.34001 16.783 14.8934 4.01924 11.6467 7.62021 4.08805 7.19463 9.40882 9.79098 11.6494 18.8966
176.171 8.06504 12.4109 6.79825 1.58227 19.292 9.96837 5.40364 11.1956 13.8101 13.0654 5.5295 17.9803 9.20191 8.19549 10.8811 12.1192
179.194 10.9789 21.2077 5.65224 14.7325 12.8701 10.2575 8.02702 8.45842 13.8397 9.37552 6.88378 6.20833 6.30197 7.89214 9.50077 13.7697
206.794 12.7313 13.022 8.95214 8.18369 8.36569 10.5116 10.0371 8.65708 18.8298 17.7383 9.03257 12.1724 6.96355 14.6156 18.6871 7.73618
187.559 12.1831 14.4721 14.8699 7.25751 13.2078 10.0887 6.61334 20.6302 12.2308 11.3051 10.6656 8.28146 17.0639 11.1904 15.2 16.2782
191.056 8.23964 5.23234 15.1334 10.768 12.0157 12.8136 20.7108 12.6846 7.39106 13.1071 4.65656 15.3533 11.1253 12.3869 10.4828 14.4162
205.084 11.9174 14.2118 14.9642 10.4235 12.1196 11.372 5.03294 14.0453 10.8714 6.94175 8.927 10.8107 9.81354 5.6027 13.8993 18.6285
198.748 7.71958 13.4927 4.25268 8.07588 6.82918 16.0637 9.06236 17.7597 11.8337 3.75723 7.78423 9.84597 8.69785 10.6465 5.37424 11.8333
192.65 7.56769 11.6753 12.2441 16.2272 8.91928 13.2933 5.72995 2.80287 11.9154 16.9095 11.1367 7.61815 12.8903 12.6498 8.9547 13.4962
195.078 11.4429 9.88979 14.4484 9.17069 14.4396 11.2213 16.3181 8.99788 13.214 5.86214 5.9357 9.45139 6.75746 15.9437 7.76367 9.18761
178.73 9.45802 14.6276 19.0021 9.01371 19.8479 12.3957 17.2058 5.32636 5.18235 7.3451 8.06286 7.12809 9.71242 12.0082 13.1651 13.762
173.289 8.60605 18.5756 9.38048 13.0699 13.1905 10.4813 11.8609 10.088 14.0151 5.62866 4.63507 4.59273 16.6205 13.6919 19.6349 17.18
187.732 8.4531 11.9861 3.1419 5.45964 10.9836 15.2403 14.125 8.17962 11.5019 4.49721 12.5593 12.9423 11.896 13.459 14.486 17.2807
193.603 13.9617 7.65072 12.5381 7.52469 4.05062 12.2676 12.3938 9.79901 13.2534 19.1657 4.03037 6.33955 10.9373 7.98666 9.21366 21.1181
174.813 4.56733 18.2138 5.58453 5.20934 14.5862 6.30942 6.66343 5.63413 14.3322 5.92814 7.90809 10.0565 9.99929 16.3147 7.24354 13.1303
179.29 9.19094 8.12952 7.60718 4.25934 4.12986 9.59241 10.115 7.32594 11.8122 5.99772 16.4776 13.9729 8.64723 14.1762 10.6932 12.4451
198.039 13.4957 4.76519 7.20555 16.6778 5.2754 11.4082 4.34289 11.6998 7.9548 12.2447 11.9799 17.525 8.37838 10.5061 5.81631 11.894
189.529 5.77994 7.27952 25.2439 8.07644 5.3898 4.48795 8.44411 8.22894 10.2194 17.7266 9.48985 16.7395 9.78597 12.5392 12.2113 10.5956
177.994 9.93465 9.19836 13.7903 13.4103 9.05108 12.4781 19.2456 4.6161 8.7212 6.72527 14.3346 19.7522 14.7578 6.10842 11.4335 20.1598
195.917 21.4711 23.4322 7.07094 8.54836 4.60139 20.7267 8.05163 6.07436 13.7507 6.79648 11.3656 7.83313 8.55451 6.90751 11.1303 10.009
172.742 11.2259 17.8805 9.01969 7.68023 3.19436 8.06859 1.60767 5.40714 5.63583 14.3059 7.20832 5.15339 9.452 11.2875 12.1276 9.8547
183.203 5.8747 13.2215 4.29578 7.24963 5.47207 12.1774 13.0146 5.22221 11.9665 11.5903 19.7419 9.96445 10.8531 18.0013 5.21429 16.6862
184.196 7.26988 14.5399 11.6226 16.0923 16.3204 7.84709 5.01932 4.93446 4.75535 8.06247 5.26781 13.6235 16.9561 7.68019 6.58443 5.53042
188.718 12.6703 6.43444 6.0784 13.6728 7.31252 12.3119 7.32832 11.7706 4.98436 2.79034 9.46678 20.3384 4.4039 7.1051 7.44652 13.4226
191.584 3.83177 4.60996 14.064 6.11954 18.2644 9.99517 7.37968 14.0767 16.3624 9.40927 11.5141 6.45635 6.55715 6.71552 21.807 12.9114
192.091 5.24954 10.9534 7.78368 5.72603 5.61337 11.8479 5.5932 12.2856 5.76302 8.95651 10.4813 19.3537 3.37003 4.48774 17.8872 10.5561
195.129 7.41597 5.14432 10.1718 7.73776 6.88292 12.7202 8.58439 17.7679 11.1647 6.10699 13.6227 8.77202 9.2131 12.386 7.86587 12.2146
196.735 6.65115 9.77551 7.77777 6.18993 5.65565 11.7705 10.2495 11.4613 8.37949 9.61823 11.9491 8.23895 11.1748 12.2573 12.3086 12.5652
189.798 4.95733 12.4432 8.53398 7.18045 3.77509 16.8846 8.88668 15.7011 7.20626 7.9975 11.8954 4.55937 6.5821 18.0368 12.1467 15.8133
196.98 23.345 10.3452 9.18789 7.32594 14.3603 16.5802 18.4224 10.5307 24.1432 7.9959 12.2322 6.56793 10.3022 15.6895 7.22698 12.9304
201.08 8.9527 5.38378 8.70363 8.88798 19.1857 12.2722 12.2932 8.93542 4.57506 12.7921 11.286 9.26778 14.6171 7.22178 12.248 13.5805
180.12 4.57515 4.49838 8.8918 18.5196 9.41087 7.11948 7.28486 3.65173 6.55671 5.38664 7.1582 5.36646 9.4563 7.06733 12.3978 20.2199
178.094 9.14197 3.52 3.71333 19.2347 5.91895 4.75475 6.24249 7.60689 7.23829 9.44611 14.0093 9.76246 9.93244 19.3232 15.3801 23.7473
183.582 7.89858 4.96206 10.0748 17.134 5.7973 17.5439 6.88198 11.5104 14.5929 5.58468 12.915 17.4346 10.1058 7.4448 9.82405 16.0208
193.096 2.71033 10.5168 11.8233 8.51212 16.6379 19.4718 13.8035 10.1113 13.2824 12.4528 15.6202 9.07944 9.77086 5.5295 13.3173 16.4461
184.461 3.32919 14.1381 10.189 10.9234 7.84821 14.1471 3.07102 14.2284 4.72389 12.6755 12.2866 5.44917 16.1289 11.5107 15.7487 17.6812
200.031 9.15617 16.1929 15.1368 6.88638 8.2839 5.10866 16.2638 16.828 3.30814 5.95518 3.66133 7.02656 8.35197 3.65162 6.89196 9.27662
183.86 7.73935 2.37068 8.63661 5.05124 6.37494 10.4364 14.0929 13.2007 7.05417 2.9919 4.09372 5.05411 10.051 3.73452 11.828 11.6237
190.648 6.98107 10.7639 10.2754 8.76679 2.58725 15.2381 7.4202 10.1889 8.80803 7.14428 10.9842 4.22641 12.3225 10.9766 20.0398 13.2868
182.681 10.5531 8.16349 9.15509 6.1802 12.9646 14.3704 14.0694 7.22082 12.3966 2.54366 12.7717 9.56791 8.56674 9.61676 16.3726 25.8859
186.43 10.0198 5.46513 5.97943 7.86604 3.16044 14.466 5.05596 10.0351 4.1744 5.26811 14.2492 11.7582 11.3869 9.36345 16.8891 11.3522
171.101 7.27788 4.92811 12.1059 9.3305 8.86942 10.4276 10.0203 9.70121 11.0188 12.5023 13.3084 11.7455 12.4894 14.4954 14.1426 15.693
185.609 7.34196 5.80441 16.3828 15.1917 12.2731 9.19027 5.03311 5.57333 5.67978 16.4175 18.8109 8.04014 14.3059 12.462 15.6044 9.94453
176.655 11.0242 7.25698 14.3593 6.88131 7.07077 8.43387 12.4448 10.0265 20.7967 9.68631 6.17602 18.284 12.5053 9.49665 8.28542 9.34819
190.384 11.0298 14.5174 9.81244 7.82222 4.86919 8.21034 5.3147 17.9654 10.6472 11.3676 7.63761 14.4763 13.5551 7.39634 7.05681 19.7912
182.623 13.0376 15.6591 9.40586 9.83305 8.32973 19.1162 9.85134 10.9009 14.7393 6.4639 9.37477 8.16799 9.98815 6.49117 10.3835 31.7512
183.842 12.7905 14.4842 15.1792 6.66666 25.1644 19.6019 12.4562 2.19013 6.68541 7.08912 9.07463 4.82186 6.94725 14.4337 5.58084 21.5792
191.78 15.3093 4.25786 9.30012 6.02475 6.69606 4.46065 8.80747 8.03508 14.492 8.64059 3.59273 24.2278 9.07479 19.0696 8.95119 11.3499
188.69 8.31388 4.89768 5.38217 6.7247 5.00643 10.0284 10.0913 13.0561 10.3817 10.3269 11.0255 8.39225 7.48808 16.7922 11.7556 15.5536
186.025 8.13154 9.22452 9.08452 6.15108 12.6155 9.92727 10.3611 9.77182 12.5285 5.36196 7.85306 12.4057 5.06615 12.6392 13.2816 9.97731
176.673 5.31313 5.94029 8.2416 8.78076 6.67971 14.3306 11.9221 7.16866 7.43446 3.63338 8.52717 8.94445 15.5 9.97439 12.8877 24.504
174.556 8.12632 5.42787 13.784 10.9019 8.13756 13.1079 13.748 5.13555 1.61678 12.2886 7.47668 7.07279 9.04185 7.31317 12.878 9.78278
191.719 5.53754 4.20853 18.1222 16.6703 4.188 11.1114 13.203 14.2073 5.944 3.77387 10.0434 12.4473 7.34095 11.8776 13.2905 13.2989
192.282 7.0522 10.4501 16.7877 8.07688 3.58198 10.2801 7.2892 10.3419 6.54233 4.05682 7.65702 19.1534 13.6353 10.3901 10.4891 15.6157
177.874 7.66527 4.5686 16.7766 3.60339 2.39003 7.97477 5.01483 10.0304 12.8656 10.7237 15.1351 9.94141 10.355 17.0969 12.9007 11.6952
180.627 7.38658 8.01813 16.8053 8.68817 5.15406 10.8002 4.65167 10.0342 12.6216 9.76443 9.29635 11.5718 16.4353 13.8507 11.312 8.9517
181.368 10.9307 4.90152 10.4101 10.5275 12.0587 13.4164 9.39904 7.53633 11.5062 5.41686 11.0724 7.51596 12.4761 19.8415 20.9672 21.96
185.712 6.03146 8.99416 17.4553 9.22425 6.05263 20.8275 13.1812 6.41428 8.43351 5.2803 7.89049 6.86691 9.89748 15.5161 20.9566 23.7388
179.453 12.8134 9.60964 23.0072 7.97649 8.84937 15.1923 7.02148 12.0444 12.2044 8.1301 10.3012 17.5362 8.55909 15.2988 11.9005 10.4988
197.704 11.4592 12.2056 16.5399 14.045 1.42459 13.2447 10.9276 9.57027 5.01025 11.7933 5.54607 9.58854 14.7866 11.074 20.0976 14.694
200.948 6.07682 13.0353 12.7047 7.96065 15.978 15.8328 5.9414 14.869 7.30889 6.7516 5.51081 12.9748 8.59165 10.0293 13.6801 21.5837
203.086 11.597 6.20948 13.5008 4.72227 6.62705 10.2792 11.3849 16.0088 10.6513 7.24496 10.3522 12.644 5.6861 17.5612 12.8009 10.2434
199.648 5.72063 17.2942 9.22027 4.46066 13.9347 22.2229 7.96495 4.13481 12.5816 13.3104 6.70386 13.3569 6.48124 10.4916 11.9192 9.00229
201.04 7.33727 6.02602 8.94452 12.8392 12.3858 20.0567 10.2824 9.17611 6.25172 10.7179 9.21021 2.99057 3.87187 7.05913 11.4573 19.5109
199.881 5.12196 8.08864 7.40086 10.0358 12.4786 14.1892 17.9436 12.2545 15.9067 11.296 10.7513 9.16907 16.1936 7.52089 9.08874 18.1279
196.564 8.42618 12.2639 8.94295 11.3774 7.83295 9.14857 6.96633 7.84999 11.5567 8.55819 10.2522 15.1474 7.94612 8.05844 9.45558 14.8425
188.046 9.67645 7.49002 5.39639 15.5405 8.2811 4.09444 12.4769 19.8163 8.4023 8.33575 9.53474 6.98615 8.52381 5.81561 10.8956 22.0616
184.017 9.68547 6.44806 9.94817 12.575 14.4163 18.7891 3.97401 9.86398 8.67348 6.5631 5.90061 14.0054 9.65639 10.0678 6.47527 15.3452
186.199 4.0701 9.81739 6.9639 13.6766 6.9294 7.68461 17.0704 13.1857 9.86842 10.4036 7.59787 6.31778 10.7263 2.23235 20.8937 14.6168
190.794 4.80559 9.5793 21.4034 12.1675 7.88542 12.058 11.0392 12.3321 6.56369 12.8294 14.1259 26.0615 10.0562 7.65171 16.1606 15.2128
191.73 4.74761 8.93476 14.103 9.36767 11.3579 10.3573 6.33647 8.72079 12.9538 7.06639 14.9906 9.13203 9.31387 5.25012 10.6622 9.44067
188.447 4.65343 8.54934 12.1724 17.3724 9.90351 10.7877 9.17841 4.25587 6.35926 11.1272 11.9221 18.5697 11.687 10.4381 15.5585 17.95
187.505 7.34993 12.7262 11.0891 9.14133 7.56969 9.21364 8.25888 13.5787 8.27943 12.4202 13.5049 4.84409 7.38397 17.2339 13.9126 13.2112
180.351 6.22325 11.865 7.62583 13.9879 6.42771 8.24189 7.60477 10.299 7.56878 11.2338 5.77292 8.63479 13.8495 12.9516 5.779 10.8075
184.201 14.434 3.80683 7.50958 9.01455 1.22118 6.19195 11.2083 16.4938 7.38974 9.25797 4.46475 13.1877 9.656 5.63917 7.05689 19.0609
185.386 13.96 11.2183 11.0747 14.4146 9.70834 12.8517 10.8382 15.5867 3.52389 4.21969 5.81827 13.4042 9.46066 7.95229 10.432 19.7363
191.401 7.23648 20.3581 8.12471 3.23102 8.50991 10.9701 11.7356 12.6989 8.85774 12.3948 4.84633 9.00405 6.56951 6.61615 16.6875 14.8149
202.028 11.9388 4.69747 5.20739 10.8265 7.45086 6.63631 13.833 20.9625 12.2657 9.19917 5.18261 15.5298 8.33968 10.4561 8.94175 21.0387
200.414 6.07133 13.8172 21.1138 9.17254 6.39576 13.2503 6.58821 12.4132 9.38244 9.71208 2.04127 6.34302 8.03227 23.2891 9.67714 14.2979
172.97 6.58768 17.3867 4.30794 9.77934 9.81821 9.1859 3.79812 9.1173 12.5729 3.71706 21.9317 18.8673 12.1355 5.42563 7.72542 15.4195
157.845 5.64669 8.26038 11.3805 12.6632 6.93092 8.07757 10.684 10.6711 10.3302 5.00011 9.9297 2.53009 7.98679 20.3723 7.65673 11.6818
178.99 8.95179 15.0855 10.4971 8.6584 9.51953 15.2168 6.80102 2.93938 6.14919 8.96973 11.9866 12.9512 12.1061 13.7779 10.9914 23.7154
192.053 8.01759 14.2839 11.1754 4.30814 13.504 16.3239 5.75019 4.83082 6.59847 11.6028 4.36261 15.4176 7.02335 6.63976 10.1577 14.9498
202.862 8.38433 10.2873 14.7193 18.5797 7.17035 18.2015 12.0928 9.82937 12.4782 19.4357 6.8902 7.26736 9.06996 10.8968 11.4999 15.934
192.073 16.7297 5.67719 11.9696 10.0339 10.6584 4.21383 6.76226 10.7466 9.30687 15.2139 8.77706 19.2493 9.63268 7.73437 13.3168 15.3193
187.382 13.7314 11.0919 7.69369 6.07934 8.18046 7.91636 7.77452 7.64953 10.9761 4.89796 13.7927 17.2628 4.57797 9.24295 11.0675 18.4098
193.263 10.8312 5.68278 10.3574 8.37225 5.183 7.43356 6.14349 6.87642 12.4363 15.2914 11.1169 9.38366 14.5632 8.8653 6.7783 15.7595
193.829 9.28228 5.61302 5.11783 4.86247 17.727 7.73152 5.07815 6.71851 13.442 7.63858 9.40129 10.4672 14.6872 8.54942 18.2801 10.9844
198.159 11.1404 7.85253 8.86405 7.15438 21.5684 6.9872 5.07815 6.76442 9.91837 9.90433 9.46064 10.5568 12.2722 13.3145 14.2261 6.24262
203.675 9.42426 5.65818 8.52174 6.54319 10.7533 5.37083 5.01955 10.6536 5.36751 4.68464 7.73809 12.0464 3.27511 12.1831 12.0406 12.6098
195.172 5.24254 10.7986 8.72833 14.2605 11.3133 8.03922 5.2813 14.4204 14.3918 6.14499 9.30838 9.8239 13.1799 18.3966 10.82 9.52677
202.016 9.31433 12.2735 10.4547 14.4765 17.0628 5.81814 6.08614 7.01027 5.43578 7.49173 10.1728 9.94198 6.65503 13.1004 6.81069 18.1174
191.639 11.2159 8.25461 6.6767 19.429 7.18945 6.67376 6.18821 6.68809 6.49251 8.34547 12.3151 15.5587 7.03968 5.72609 12.4972 20.349
175.187 8.24419 10.6303 8.29149 11.5103 11.6841 16.7865 13.075 10.1592 5.55125 8.88274 10.5141 6.31951 17.3426 15.1359 15.6592 5.57904
191.92 6.04221 10.09 6.6045 3.97262 5.48136 10.6654 16.9384 16.8443 10.5079 9.6451 7.92219 13.6103 7.95308 12.8082 11.4514 17.5253
194.468 6.45391 14.6307 11.0073 9.45328 8.42876 9.17313 8.12064 8.67891 7.06095 7.98773 15.3781 4.99173 15.4341 15.1275 5.4916 23.6305
208.992 4.18462 14.6307 7.847 14.9067 3.64401 10.1897 14.5333 7.95319 17.8745 11.4285 15.5143 5.29054 9.26701 15.3317 10.3848 13.6066
195.752 11.9011 11.1489 14.3697 10.4445 3.75441 8.11409 6.42751 19.9098 12.3401 6.33872 6.37896 4.20059 3.80853 8.39949 15.0781 12.6193
196.188 6.67608 11.566 12.4423 12.8989 8.30126 10.5119 7.90676 9.21052 9.08276 8.10624 9.33405 13.2368 10.8364 11.8055 14.0434 15.2015
188.773 4.57638 14.5593 19.4187 10.8732 23.7248 4.37677 9.31291 14.211 10.0445 7.65816 12.0239 7.94602 7.97469 12.1671 19.6469 6.91596
199.645 16.3132 9.20095 7.14829 10.6597 3.20085 7.55761 10.2868 12.2668 13.9031 10.4613 15.3771 11.3285 2.61711 12.196 9.31251 8.86083
197.241 6.44984 3.64262 9.60627 11.5389 12.1021 9.27745 7.05568 9.50285 15.156 2.74929 7.58435 10.2285 5.62278 7.63052 6.17294 9.27374
199.013 8.77867 1.34567 4.5705 9.77064 11.0981 5.26234 7.78324 8.66662 13.1363 8.26749 17.9947 12.1985 2.65775 10.2316 10.3937 11.2235
193.354 9.00665 9.40053 5.58681 14.8647 9.5663 5.71399 16.9539 6.23589 9.84332 3.65429 15.7314 11.7773 4.63269 3.88604 16.8687 22.9793
186.865 5.70441 9.72129 7.6057 2.56574 7.25422 12.0564 20.6486 4.68415 9.49617 13.1181 9.60966 8.68816 7.32755 12.9791 9.31431 21.6808
180.819 11.2058 6.77922 4.19308 17.3682 5.32149 10.1088 7.64189 6.61787 14.8663 14.2086 11.0286 9.70093 7.69959 17.74 16.2446 16.3177
195.481 8.39486 15.1141 7.94733 16.5151 8.37444 18.6091 11.9029 9.9656 5.2797 6.81144 11.6079 8.2632 6.86889 11.3326 22.243 7.29149
192.564 10.733 7.68047 8.52093 11.9785 7.82195 11.7927 6.41433 10.0106 7.4592 8.34862 9.38897 8.64676 10.472 10.1919 12.698 20.6938
192.99 24.1001 2.91326 6.40366 5.32754 8.30658 5.8592 12.6391 13.5953 5.71107 8.59867 8.24558 10.4202 10.1926 17.7968 12.2271 16.4215
194.517 17.4633 7.7819 6.74517 11.628 4.44931 10.2411 6.02843 7.02675 7.30941 6.87849 19.2285 13.4772 8.06938 13.3692 5.67766 5.80788
187.682 5.43796 14.7231 16.1576 8.06281 15.2487 11.4128 4.38567 9.6529 6.12494 7.76913 13.8149 12.8285 8.44969 13.9867 9.94345 14.4731
181.041 13.6145 15.9248 17.4804 9.51141 8.02688 16.536 6.4134 4.88238 11.3726 10.9746 9.73309 12.91 6.27028 12.3933 3.64705 9.01274
172.011 17.7651 7.00757 9.26068 5.96987 8.16703 18.122 10.2747 4.5651 4.11573 6.71286 5.63254 9.01518 8.32879 5.0411 11.6687 17.5707
190.369 6.13233 3.84267 13.1912 10.6759 7.4461 12.2589 8.60301 9.90391 10.5795 9.02323 14.3485 3.70494 6.19032 22.8701 6.97478 18.2132
187.289 9.13941 11.8949 11.5872 5.85026 4.98066 2.67432 13.4874 5.62249 8.33663 9.35135 7.63695 6.00728 7.6951 8.51985 14.6581 12.8184
175.803 9.62809 17.4103 11.5352 2.5101 7.64213 16.2842 4.79344 8.62671 6.47131 10.8188 8.89959 16.3971 13.8779 3.41321 15.584 7.50957
191.258 7.84979 7.80806 10.83 7.37766 5.89235 9.57656 10.5753 9.59598 6.47503 11.9059 11.1519 14.4944 11.0449 7.23371 8.73808 25.9766
190.003 10.2665 12.9457 14.5907 6.9803 5.31642 9.11528 3.80164 12.921 12.4996 4.54675 10.9453 9.93054 5.00665 15.8237 9.67637 18.6568
185.805 4.34873 5.60583 11.4823 12.9046 8.35254 14.4508 6.14166 15.5027 4.94937 3.85124 14.732 16.5007 8.94025 10.012 21.5769 17.2501
201.064 6.73566 9.47139 5.41179 4.41348 8.6694 16.214 13.0327 21.3243 5.31175 2.69642 6.16174 11.9359 9.76336 3.05462 6.61272 13.9534
185.9 8.12966 4.44595 10.9398 6.18393 2.34971 6.93077 11.1695 11.0128 7.90904 6.47594 15.6946 9.84074 3.97246 17.3392 13.0973 12.7431
191.599 8.11939 10.7992 6.72631 8.24458 8.29285 12.3263 8.88044 7.57938 6.3841 3.21846 10.6584 11.5733 12.5733 12.5844 19.4129 13.6958
180.872 14.5239 15.8181 6.77298 6.4347 14.3551 7.67095 7.24882 8.52116 10.5771 9.69479 6.71712 11.0711 5.74073 13.1801 11.7029 13.5803
170.109 10.5787 8.3274 14.5757 7.3574 8.43278 9.32653 14.4464 6.69659 7.49426 15.7715 11.1749 8.63145 10.3115 12.1121 8.29476 11.9762
184.078 17.9865 7.0173 7.65708 8.81843 8.85638 7.31332 9.15488 6.20687 7.80938 4.00912 13.2819 14.9995 9.62737 16.0306 9.84801 12.0036
196.034 7.21411 5.66659 5.32829 8.96273 8.45329 4.12565 9.56468 3.1347 10.7641 7.94129 6.84503 15.1191 8.52847 18.0567 19.6356 11.6377
185.817 6.86593 6.32189 16.8814 9.32017 10.0302 8.58297 14.1746 6.57529 2.74933 6.20752 7.91383 21.3083 5.17993 7.22429 10.4355 14.7424
188.908 6.53386 5.24904 12.48 5.23927 8.55033 12.8175 10.4315 14.7517 10.8394 9.52388 9.84727 16.7642 13.8346 12.9615 6.2282 11.2837
183.892 5.15503 13.598 11.3829 4.60527 7.27942 11.8592 6.70775 12.4236 9.69407 8.23828 15.8128 5.02872 7.30741 14.8546 10.0586 19.4007
190.811 4.86474 10.0194 10.9878 15.9897 7.3347 9.11597 4.73348 8.82853 10.7874 11.423 13.5439 14.5815 12.4122 17.4215 20.277 8.04884
203.649 10.6312 8.01188 9.553 6.39314 5.4775 5.69022 3.25652 11.9734 9.98567 14.2563 5.99167 10.5813 11.5828 8.14033 11.284 13.5209
185.939 12.1447 5.84388 7.6647 6.38865 19.1496 6.68487 23.4935 8.02999 16.6888 14.039 6.40058 12.1557 17.2317 7.13586 17.0116 20.5705
198.469 9.94237 6.14239 8.87606 12.8071 3.76267 10.7574 19.3052 15.2947 7.04424 12.4297 11.0135 10.5304 21.4329 5.66716 7.85839 11.6323
206.544 8.0684 6.55837 5.77658 9.24265 13.1779 6.58143 15.9684 5.3671 9.90035 10.4999 13.4724 10.6089 21.822 9.24112 15.1736 9.63483
198.623 6.44331 8.69464 4.76263 10.6602 13.6579 9.01931 17.3452 9.12591 6.32391 4.15779 5.57937 3.38698 11.02 7.36818 8.77712 8.65384
198.721 8.63265 8.42354 12.467 5.64211 7.42645 13.3713 7.07647 7.6736 12.5852 9.09082 8.82993 14.4527 13.5978 15.7158 10.522 6.0795
197.145 8.39197 12.427 10.0043 10.7895 15.5441 11.5394 8.35752 12.5907 13.6829 9.47714 11.2571 10.3383 6.87757 12.504 10.1551 13.4017
190.016 7.64052 13.4341 19.0874 14.4417 21.0315 13.8925 11.3379 8.61246 8.98287 9.50377 4.09426 17.7123 18.0058 10.0828 12.428 9.47334
181.098 10.7311 4.71531 4.57641 6.09361 8.82677 6.03843 6.84549 11.6589 10.2154 14.0137 10.2046 4.64243 11.0925 4.80641 6.42293 5.7554
192.633 17.6004 12.1192 12.048 20.058 11.4191 13.716 13.8152 5.49737 19.1049 12.1525 9.89496 4.43402 7.09119 3.76237 6.92696 10.8252
198.024 10.4124 11.3493 13.8489 14.3551 4.04861 7.01965 12.8936 8.81174 13.3734 14.6517 10.2127 18.4697 11.3119 3.28509 14.9676 14.0489
194.945 7.45049 17.9627 24.3877 11.772 6.95972 11.7749 5.74854 8.83399 11.9633 3.49174 16.8126 12.8031 16.8203 2.72017 7.26656 12.6316
199.502 16.6184 12.157 8.57392 13.596 8.89501 11.8623 4.58329 3.45684 13.4066 5.08632 15.2561 11.6316 9.14597 10.8793 11.089 9.55968
192.662 15.8145 9.85503 16.7593 6.32546 11.4123 12.2845 21.1643 13.0976 16.9544 8.17567 7.74566 12.3006 9.89359 13.1928 10.9046 16.6881
179.743 18.6771 4.66532 7.09019 4.03864 4.73158 16.5506 6.25237 12.9683 13.4857 9.83692 7.58752 9.79013 11.8268 12.2474 12.5464 14.5135
195.851 8.21644 6.35559 19.2885 5.51334 5.07852 21.4413 5.84946 8.24228 3.82557 21.8834 9.46131 13.9494 6.62435 7.18472 14.9616 12.3459
194.665 8.69923 7.16269 17.4798 9.5579 6.57222 10.0756 15.0833 7.41903 6.88533 5.18634 5.81715 5.22581 12.2755 10.8409 16.0407 9.55883
199.82 9.32027 6.86776 10.7223 11.8996 6.51157 9.4167 7.48254 5.77505 14.9588 3.39718 5.79936 8.98592 14.0414 19.7721 17.9205 17.9187
181.365 7.05677 8.77852 0.775086 6.83913 9.05822 13.1282 3.06613 9.50447 17.1706 8.27916 4.09479 7.28924 12.2879 9.3959 6.24013 9.22194
194.293 4.74561 9.22954 17.6226 11.0166 9.19224 15.1095 8.51734 8.44699 5.44872 14.2098 8.41387 7.12318 11.7827 5.69596 14.1837 15.6536
188.549 8.62913 4.85453 5.20163 12.0087 15.4081 12.7422 14.6355 4.99641 8.92148 9.2556 13.4237 10.0411 13.2003 3.69818 11.5708 17.0785
179.703 17.9418 9.67229 13.9428 8.72172 10.0049 13.6494 8.77848 12.6096 12.7853 11.2086 17.5708 13.1763 14.9534 6.79078 9.08652 6.70562
191.679 13.2322 5.3677 12.3655 6.03938 9.50316 11.9402 8.88397 15.0958 11.7002 12.1428 15.2395 10.6971 14.2569 3.21248 25.2012 19.429
189.088 5.72519 11.369 6.59387 1.30604 2.38517 12.2286 13.5432 10.0126 7.07386 9.28907 5.08238 10.9336 5.23565 9.53373 10.308 13.0147
180.362 11.9225 7.56664 13.6384 14.5024 13.2922 12.0194 14.7529 7.56128 10.8698 8.64198 14.3402 11.423 17.6683 10.4869 13.8207 11.5427
182.333 15.6973 8.83764 8.25793 12.3489 9.32404 4.99315 11.6635 5.51717 15.023 3.6931 10.591 11.4072 10.375 6.76053 13.8286 23.4864
189.782 7.91601 14.4337 6.80863 7.53313 4.02943 6.91688 10.2004 6.82645 9.6668 13.8394 7.406 7.91991 12.2193 9.58069 4.91185 16.3513
180.866 15.6689 20.4733 13.5403 7.93385 8.85109 7.32622 10.2888 7.32867 6.99724 5.18437 11.3217 17.2314 5.43807 15.4304 10.6518 9.65209
189.303 3.32194 14.1786 11.1593 7.07859 15.2491 15.3514 8.75039 6.57996 8.44232 8.9217 7.20598 11.8165 6.33863 12.472 7.42497 10.7775
175.77 19.4685 13.8978 11.104 5.87115 9.36565 13.0898 13.9504 5.85345 15.5114 11.3391 14.9972 14.3169 8.06269 11.3566 9.68283 18.9206
181.831 7.67234 7.65404 11.1088 9.07622 4.42438 7.06462 4.6221 10.8145 8.65569 8.80441 15.5216 10.2442 11.9954 22.3141 10.2111 17.1623
176.283 11.5596 6.28391 18.1629 14.5385 9.67994 8.05418 13.85 7.50246 6.81461 7.70869 8.90926 14.0668 12.1351 17.4767 22.9111 14.0889
179.723 11.0491 5.73458 10.9478 9.21487 10.2041 4.84868 10.5761 8.33713 9.99778 9.01226 4.31312 10.9242 6.2646 11.6846 11.2098 15.8922
185.906 10.0669 10.372 9.61846 6.3429 13.3394 9.58641 13.4135 13.0824 4.93094 9.37972 10.0748 10.0187 7.89589 7.48936 11.2485 17.151
186.63 6.68894 9.78207 8.58455 6.29903 4.46149 16.7139 6.1597 6.02606 9.12325 4.29145 10.7458 16.6111 8.99351 7.69002 15.9518 12.3974
185.375 10.2739 7.97699 5.8961 15.0041 8.76246 11.7996 6.68763 14.2675 3.35323 10.8974 8.85979 12.9761 8.54507 11.4244 8.59946 7.93983
181.851 9.39158 5.28773 6.44901 12.3486 10.8437 8.96417 5.74241 11.7433 15.1191 5.41555 4.85126 10.6733 12.44 10.1884 8.37848 22.1891
182.016 6.36126 2.2725 14.5281 6.42418 10.2583 8.66399 16.8646 10.6637 2.5387 13.7492 11.0674 16.3688 11.3226 15.5678 11.9086 21.4354
193.141 7.78676 12.4596 20.8469 7.74514 11.1171 9.09088 14.637 13.1748 11.0457 11.3091 8.14731 11.2975 10.7517 6.53496 13.3263 9.43446
204.808 12.4131 12.4531 19.0803 7.41079 9.91725 13.8873 8.08513 6.72836 9.40156 12.7252 5.32956 15.1751 5.63822 13.6852 14.0909 23.7996
186.221 10.1571 12.8779 10.532 20.7445 12.417 4.27258 6.57665 8.86789 16.8444 15.0061 12.041 13.5441 5.4425 14.1096 9.75302 11.6786
193.214 6.3658 9.53943 13.3588 8.58375 4.13651 18.3236 5.49552 4.13592 8.29907 5.25068 7.96041 8.47162 8.67922 14.9575 12.6055 11.0819
191.169 7.10248 8.97231 13.5122 6.0272 5.98508 12.2914 9.95638 9.87502 4.80682 16.6646 4.73292 9.74678 5.02208 12.6881 9.51343 13.2785
200.059 6.82453 7.20287 13.5971 10.7249 13.5796 21.3549 15.1903 6.49132 12.1516 16.9482 7.30184 9.93991 5.31552 12.0214 10.9344 12.0826
196.125 6.34355 7.30988 10.0396 7.38822 9.49507 6.47389 13.7273 15.1268 11.2678 7.87456 14.9019 9.18192 7.24795 14.2477 8.75532 13.1392
191.416 4.55766 7.83541 7.24172 13.1613 3.43694 9.49885 6.72999 12.656 5.21425 6.52824 9.04913 14.1155 19.0855 12.3086 14.347 30.3094
196.988 10.4517 10.2456 10.3453 9.85379 3.95456 8.79931 10.7758 2.43992 10.4896 7.93907 5.11052 9.70382 5.24047 11.7103 12.9743 8.96369
186.309 4.46173 3.59285 15.4725 7.17957 5.58961 13.1998 6.48256 8.50848 4.76933 23.0869 3.90086 5.20014 6.06364 5.77411 8.39232 17.0652
181.114 11.4095 7.99777 12.289 2.31033 12.0706 12.9897 5.2751 5.37748 6.41043 11.1799 16.5191 6.61023 17.7036 5.74954 6.10383 25.4591
180.474 7.59699 15.0466 14.2972 5.04903 30.0846 9.82305 15.11 9.42375 4.81595 5.42963 12.0841 4.98344 2.84079 6.13459 6.11909 7.01048
198.519 15.615 14.4222 12.2299 14.2928 5.23433 12.6409 4.37016 3.7541 7.37824 14.0176 14.7371 17.9004 8.586 14.9882 7.78696 22.149
181.403 3.58286 20.6832 7.98805 9.92896 8.18195 12.0262 7.74593 9.52796 7.93133 10.1854 7.71022 21.6376 5.3238 9.1569 10.7315 20.1452
186.432 9.51624 14.4611 13.6959 8.4051 6.14726 15.253 12.0558 8.45117 8.7356 12.8703 6.36482 14.624 6.44235 13.1373 3.13965 15.9182
186.859 15.2312 7.26342 7.91247 1.84431 13.8056 12.1907 5.05437 15.8501 6.69301 9.53065 9.42471 8.34074 12.1078 19.2838 4.61803 14.0127
190.214 10.4409 5.94031 10.1385 4.54464 5.13557 10.3229 13.9041 7.17904 9.16442 7.79515 4.344 8.226 5.54965 16.8117 11.8372 7.01714
190.462 8.79821 10.4656 4.63527 14.9488 13.7407 10.7006 9.25575 5.10959 12.1217 6.25467 6.66407 3.95901 15.725 8.4382 8.79033 8.73132
181.197 13.587 11.7236 9.78562 9.79276 10.5978 11.2977 10.9978 10.3807 3.23907 9.77619 1.62073 12.7285 7.95975 14.5948 15.8953 3.42502
186.233 18.8589 13.7334 13.7137 8.91398 8.47358 8.50667 8.07312 5.34675 9.7161 21.6979 15.9556 11.9359 11.3537 8.54212 5.84632 7.91865
192.523 4.98896 6.18949 4.19102 14.6188 5.62658 6.93723 10.147 13.8003 7.04045 8.63662 12.2545 22.9674 8.7582 11.1915 13.3259 16.7487
188.18 3.25803 13.0111 8.3482 20.4506 4.44631 8.56885 11.6668 11.3579 7.46023 8.09661 9.61871 19.2429 6.38363 9.62347 5.85736 28.5577
196.941 7.1603 4.8825 14.7179 8.26195 10.589 4.38293 15.9721 9.81801 2.67419 6.03891 8.22418 5.81253 6.12204 17.6943 10.3105 19.9119
192.849 17.2583 12.1239 6.53907 6.74556 14.3225 13.1059 5.92676 16.5535 10.6205 9.37861 8.34486 12.549 12.4475 14.0535 7.45 19.2218
192.042 16.1016 10.9083 9.16031 11.5517 3.63676 12.3076 4.30499 16.2495 12.0037 10.7677 7.67468 4.8822 14.2814 11.514 3.1858 22.9098
191.939 2.82004 13.4493 5.88291 9.5271 8.02668 6.50405 6.73001 17.349 9.02554 9.785 5.01237 4.78696 8.85896 13.9767 12.6095 20.2458
193.87 9.87364 13.4275 6.57857 9.27506 22.1748 8.73722 8.69707 5.20827 10.4278 8.16116 9.65297 11.7337 4.92712 14.3051 11.5442 6.83984
181.069 6.55295 10.9051 6.14449 6.72707 5.83527 3.37813 11.1375 10.4202 12.463 7.57577 11.3395 9.53949 13.1284 12.2224 10.903 10.1444
179.067 8.44577 11.0248 8.96501 4.27041 12.5561 7.13984 5.66943 4.58472 6.18786 10.0957 9.55998 32.5185 12.9821 12.1154 12.1545 15.8562
189.81 9.99686 10.4539 7.89362 11.9571 7.33621 15.3405 11.2654 6.42673 6.72247 7.50025 7.6626 3.23961 10.6462 10.4365 6.94053 13.8403
191.582 5.33181 10.1053 5.41299 6.6901 10.2377 9.48548 4.80573 6.72755 4.77018 6.55584 9.97036 8.91649 9.38872 2.1175 5.86625 7.29789
193.368 11.1009 10.8395 7.8258 7.24482 6.93841 10.0627 10.6408 13.4616 5.0341 7.12846 12.3751 9.03299 8.42166 8.44667 12.143 13.9702
193.368 14.3146 8.41955 7.67544 4.5233 9.15808 5.51342 10.6733 11.2103 4.6438 8.00966 16.1267 11.9202 7.51291 5.78984 9.58037 11.2754
185.793 11.1422 6.67723 9.5425 7.09017 9.39269 9.90815 5.20373 4.34169 4.10038 6.8526 8.09128 12.8541 6.02591 9.68391 11.4575 10.9331
181.433 5.91486 5.11126 7.65405 5.58371 6.88804 9.96888 2.64861 18.644 5.32776 14.4269 11.5066 9.74291 9.32359 13.7521 9.98285 10.5412
177.854 9.39586 6.98124 8.67673 10.9912 6.77428 10.8489 7.65244 7.08813 6.57552 15.2525 5.94857 9.34946 7.296 6.62364 8.62369 4.95951
186.333 7.47261 22.1605 13.6352 9.5973 11.0015 5.79515 9.07096 13.0332 7.4996 4.713 7.57337 17.1468 10.9934 16.9864 6.78594 14.0335
186.558 10.083 17.4535 6.82556 8.06695 7.63752 10.0108 18.833 6.4858 9.04455 7.93953 13.9426 10.0021 10.8047 13.8611 12.0186 19.6242
177.988 6.87525 17.0217 5.5796 4.49593 5.69475 8.13052 12.0227 3.60823 8.79281 8.33379 13.4026 8.03007 17.6688 14.0157 5.13472 17.2628
174.643 8.04785 13.138 18.4322 7.93363 11.2917 5.57459 12.3902 11.4309 12.1275 10.923 11.6417 4.1697 14.284 13.9464 2.98214 5.0464
174.842 6.45159 14.2739 10.5872 7.60538 13.838 4.08481 12.1682 17.6454 17.423 13.4228 12.7333 12.3579 12.7486 15.9472 11.2798 6.61607
174.625 8.13018 9.57229 17.2442 7.40528 9.52434 11.2713 12.0222 3.42608 6.31008 6.44977 5.49418 9.22209 13.5893 18.4611 11.394 18.6337
181.175 4.84405 3.95604 10.5032 4.54932 16.5636 6.49578 8.48609 3.42284 7.4424 7.07191 18.2913 16.9182 13.6852 16.6418 9.02496 15.602
189.521 5.36492 8.2 11.5618 10.4338 4.79409 7.28105 14.4158 5.42353 5.82094 14.0495 7.47644 18.3478 6.51279 7.31758 4.6691 13.0082
187.541 8.34518 19.188 8.86324 6.94247 10.3697 9.29349 4.8463 10.9676 10.6432 9.89709 9.44028 10.5286 12.3376 7.12975 19.8986 6.44876
187.669 10.1403 8.72502 6.61084 6.58955 9.80869 6.50502 14.2262 5.27441 7.90519 5.42802 10.5896 14.7547 16.9486 16.1704 12.6422 17.1514
196.078 7.23947 7.39388 6.91574 9.95537 19.8283 11.7005 8.22744 9.33942 5.14796 13.2307 6.21678 8.01386 10.793 9.39892 10.4086 20.8397
198.164 18.4539 3.35744 3.95638 10.1699 8.8032 14.8111 7.38505 9.07307 6.79871 7.7367 4.85185 12.3531 10.4527 11.651 11.6378 16.3907
195.124 9.89079 10.8869 6.81345 11.0086 11.133 2.90259 8.89624 10.6608 4.34829 1.87651 15.3102 12.6345 4.65718 19.3646 15.2084 12.104
195.864 4.83766 8.01427 5.8428 10.8279 18.843 18.4833 12.0261 11.088 12.1293 2.06641 14.7454 10.6376 9.3633 16.5659 13.8524 26.5528
184.72 6.38523 7.85519 11.9997 4.64544 10.7162 8.59869 21.5452 9.61119 12.3484 10.5921 8.0098 6.86753 9.64151 16.7785 13.6143 15.4604
188.623 10.8504 10.1297 10.3431 12.914 11.151 6.72472 21.974 6.86363 10.7163 16.2297 8.29971 4.4713 6.12124 12.3719 8.88939 15.7653
181.938 6.06538 12.5649 16.7604 9.45619 11.0986 13.6689 11.2476 7.66166 7.24273 5.72852 13.7946 3.98442 10.3318 5.7042 7.0599 10.6075
182.965 11.6316 13.3301 6.47875 9.6588 11.1594 12.4097 5.07323 11.5589 5.71465 10.4536 18.9033 13.5897 11.2332 16.5461 10.9693 15.8857
189.166 5.89774 7.9753 12.4164 9.60584 11.6089 9.94499 3.99235 14.4585 11.0824 4.61207 8.65216 13.2194 12.1155 21.4851 10.6742 6.56549
187.259 14.1581 5.03353 5.53314 9.58874 7.63246 5.11 6.99672 15.8354 10.964 11.3251 8.15702 6.70864 13.8819 11.4635 9.27885 11.1538
194.46 10.8004 3.42972 13.6691 9.4909 8.62303 6.88709 8.53597 13.7684 9.44622 12.506 8.66599 19.5783 4.87064 10.9023 15.0504 11.4944
198.426 4.93674 5.38751 7.03322 9.23621 12.3053 13.3626 8.15694 2.27503 8.16401 13.8638 13.664 4.27842 10.619 15.9019 10.8015 13.2655
186.865 11.2939 8.57992 12.9718 7.30872 10.5393 11.0658 13.1142 3.44936 8.4169 4.11035 5.07927 4.81829 12.0704 9.5708 11.6674 20.0701
181.003 11.5109 11.5391 22.2892 2.78586 12.415 12.5671 7.69589 2.73866 11.5482 13.0421 7.66484 4.99638 8.23979 5.61295 15.6299 11.9821
191.587 14.4466 24.9139 14.0288 3.67623 9.18365 9.05204 12.3619 7.34128 8.56744 16.8287 14.7018 6.37828 13.3867 10.4587 7.63466 6.22994
207.226 17.871 16.7087 8.18246 6.38869 11.07 11.7511 8.12963 11.1111 10.3762 8.33052 8.6141 7.76696 14.711 11.2836 8.43563 12.2195
186.204 14.9774 6.20121 4.65826 6.50119 3.70696 10.3109 14.0668 5.61952 10.3892 21.0634 8.4213 4.46724 11.383 19.291 10.5846 20.5393
182.042 12.4569 11.9374 6.29338 9.23186 11.9788 6.19542 10.2716 8.57093 6.8934 11.4121 10.1646 6.6735 5.02396 19.2744 11.1288 10.3614
175.276 3.13074 15.2541 24.1075 9.86604 10.8297 8.31867 4.92893 11.7073 6.81803 11.6867 13.2506 4.76102 12.1765 7.56912 13.68 5.01854
170.823 7.34724 4.93677 11.3128 7.9313 5.6792 10.1914 9.80656 7.13946 9.42073 6.50866 8.56704 11.4467 9.03952 14.404 8.69459 9.92827
176.783 4.69233 16.3455 11.2133 10.6068 5.12927 10.7474 7.04059 13.8092 9.36397 8.79718 14.0373 10.7716 4.30346 10.3217 7.79217 14.989
180.636 9.8486 12.9831 16.0791 8.06279 7.50299 13.4047 11.3688 6.28814 5.57165 9.52099 14.9892 4.80467 5.69083 9.96043 13.3553 15.0527
199.748 11.7438 5.97843 13.1762 11.6131 16.0965 6.40515 10.6206 9.25249 15.6483 9.30462 12.4091 10.2633 9.22566 5.14916 19.2366 12.2654
189.274 8.39083 4.34943 8.60375 5.1777 10.7417 8.89267 12.2171 13.3576 5.21968 8.65334 11.4624 6.69438 14.4799 5.75822 5.31672 6.08807
188.092 7.54731 14.6075 7.21928 8.38276 7.33568 16.2956 10.8122 13.2825 5.46383 8.87555 7.19034 18.4379 13.4423 15.2018 11.7561 8.4268
184.189 14.6798 6.49003 7.3211 6.93067 10.4369 7.22231 16.059 12.0164 6.14207 14.0239 7.36548 4.62383 10.2789 7.89386 14.7995 24.7563
175.01 5.15385 9.27713 7.03552 9.16066 11.7369 9.04622 14.2078 10.9834 7.80208 14.598 12.7903 8.76157 10.0256 8.88193 5.48594 13.2701
169.562 5.33717 19.1469 7.08066 11.741 8.33901 9.34866 13.2339 9.69052 21.7346 16.7108 11.4104 6.815 3.36747 14.7136 8.9069 17.0678
180.199 6.9576 11.0334 6.73352 10.437 7.33457 7.37708 10.4238 5.68684 7.67489 15.0815 11.2505 5.31186 6.59684 9.22985 18.197 18.7757
178.18 10.8534 2.90664 17.3209 6.85736 9.90392 6.67119 8.20759 4.85914 6.27448 12.7738 4.4195 11.0166 3.3138 10.3703 8.13584 21.6766
198.111 13.6916 10.223 8.20177 10.0835 8.91257 13.2912 6.81139 11.5566 5.76208 12.1284 7.79726 7.08442 10.2566 3.89521 12.5569 8.56512
200.177 12.5035 9.64403 7.44467 2.72481 8.49692 13.4943 6.29817 10.8311 7.91101 10.2693 7.95044 11.6595 9.26539 8.22983 18.0193 14.7385
183.493 4.0859 10.6029 10.5071 3.45302 14.6242 7.42338 8.05471 1.9191 5.60466 7.21132 10.021 9.42969 8.03111 5.64511 7.46505 16.7085
192.776 12.9279 11.3764 4.21009 12.2552 13.9608 11.3097 4.90584 7.92298 5.85096 9.00596 11.0187 5.48438 9.03838 6.97187 9.89484 12.5234
189.457 4.1508 8.64397 8.79715 15.077 20.4991 6.2939 14.0689 8.06571 11.2841 3.92911 7.88449 6.3315 11.9635 10.1114 8.59404 11.3034
175.353 9.07529 3.26904 26.5831 13.2398 9.31261 13.4372 6.65275 6.94926 6.8849 9.19292 13.9683 6.98207 8.20185 15.7184 14.7565 11.3311
185.075 8.15763 12.2436 12.8661 6.0689 13.0649 8.09729 7.18331 9.91933 9.63403 6.18534 3.0733 5.36833 12.3132 18.2571 8.17604 24.1851
186.275 23.6149 10.5537 13.1671 9.42756 16.9797 5.20973 4.8752 8.38817 11.3165 8.07547 5.4857 20.4787 7.48917 15.3109 5.02995 7.75601
185.879 14.6984 5.80394 7.48213 17.3452 8.48021 9.94486 7.19876 13.3755 7.90643 10.824 8.98242 10.4553 4.25188 17.8685 13.976 16.626
186.879 13.1982 11.4091 6.08102 17.9363 8.03083 8.78433 10.2369 13.0206 9.65484 3.60998 10.2481 13.7899 3.58807 9.06287 12.4468 17.9156
186.933 10.8787 11.1802 15.5236 4.35253 13.9645 7.01521 5.73944 15.2722 10.2595 8.59316 7.19659 6.44305 3.40222 4.18384 8.839 6.8649
186.849 5.90573 8.6764 8.70718 10.6539 6.77632 6.86742 5.56975 12.7333 4.42236 5.07198 12.9059 4.24145 15.978 13.4507 7.41068 9.71293
193.842 8.04445 7.98623 5.55965 6.09059 7.46678 15.2887 9.57955 7.19747 14.3492 11.1401 8.53248 7.59593 8.99398 13.0533 8.1086 14.149
197.517 8.3468 7.88157 9.51546 6.74194 6.7635 17.6661 8.38055 8.60984 17.6385 9.3405 9.29065 9.20538 12.4875 10.0377 5.86012 15.5378
193.413 7.47419 4.29046 5.25674 12.4492 7.6066 21.3122 18.523 11.7292 12.2458 8.6299 17.7993 10.4094 9.3411 16.2156 12.2604 25.4602
185.412 8.41048 7.79434 15.9931 3.6796 15.7215 13.0951 6.46494 6.34422 7.71979 3.96872 9.05826 8.96334 11.9473 12.991 11.0392 23.051
207.399 8.6274 8.60463 10.7819 9.02866 4.7708 9.85892 6.11259 12.7565 11.8517 5.3463 4.27746 13.5551 8.39468 12.3654 5.44592 19.9329
192.287 5.8302 4.85677 5.4365 18.2706 2.52671 9.11247 13.4788 7.97394 7.80371 7.23436 6.05915 6.73723 16.7692 6.5249 11.4745 25.2726
190.316 7.70225 6.97459 5.59091 15.624 16.5279 11.6859 5.69252 11.6285 16.206 7.11688 6.10299 9.5851 11.5606 11.752 13.2972 18.1608
186.667 7.30068 13.1252 3.86312 5.38232 10.265 10.8614 10.9786 12.347 11.6289 7.65223 9.28845 13.6776 9.84742 18.4855 9.44577 18.0421
180.246 4.85472 6.37793 7.56298 8.49356 17.4321 10.7665 14.2434 9.64242 6.06698 2.82356 4.76335 11.8374 12.9395 8.10012 4.51125 12.6936
172.304 8.33736 9.8525 8.38044 10.9166 8.85918 7.73798 6.25849 6.30443 7.06676 8.95611 5.08795 7.59143 8.02951 20.8246 10.8294 22.0094
177.863 8.47501 10.1473 8.65873 7.41035 7.4086 7.58816 5.49486 9.56937 16.3074 9.62384 4.1707 7.98861 20.2036 13.8069 6.2682 17.9362
184.252 11.0894 10.6509 9.722 2.82002 8.85638 12.5372 3.18482 8.17271 10.1618 8.71679 12.0789 14.1157 17.8563 13.1662 13.2709 19.2874
186.79 6.63183 18.7083 15.0054 11.5131 5.40952 15.0186 12.5719 2.61592 10.5677 11.8331 3.96907 3.04262 16.9278 9.65677 21.2019 4.45669
188.848 7.08856 21.5742 8.21654 7.22389 7.55452 11.2821 14.6036 16.4468 4.2815 8.44196 6.23903 10.3727 18.4162 14.7554 25.5113 15.4355
198.232 14.892 15.5109 14.7117 14.2256 13.6314 16.0382 10.2146 19.9333 2.40661 6.46466 17.4059 12.5894 12.1297 14.8639 7.78051 14.974
201.421 10.0119 6.27107 9.76782 7.57177 6.39343 4.69343 6.76337 6.17806 6.96772 5.78064 11.1988 14.8373 4.28528 12.7876 9.86448 23.3089
180.776 17.7027 3.99803 15.0134 6.66928 12.6242 7.49909 6.7747 4.05038 3.16536 6.8094 10.3873 16.3651 4.36944 5.53383 3.85202 13.2374
191.252 13.9375 7.71638 7.48803 5.22302 8.00067 7.1937 7.4757 14.3144 12.2032 6.49305 11.8913 7.7215 5.24123 3.68414 15.9106 15.5137
193.823 7.35325 10.6348 15.3876 13.9676 7.89547 20.5792 22.2588 10.906 10.6103 9.51254 10.1692 13.2134 13.6208 8.09542 18.6525 14.9559
195.074 5.09184 8.15299 6.04443 13.7656 10.9248 8.64937 12.8852 11.0991 10.1357 9.47488 4.83328 6.45524 14.4647 10.3848 12.843 20.0656
189.949 5.47345 8.0801 7.90412 7.38083 9.79736 5.63883 13.9816 9.00015 4.34528 10.3731 5.88366 9.8289 15.1647 7.82775 5.04672 9.14449
210.172 5.49715 12.8438 17.6147 17.474 6.30511 18.7569 9.06611 7.51844 7.47569 9.30151 5.26442 8.28835 9.87004 5.27829 9.21082 15.3408
169.731 5.44822 8.30428 12.728 7.54543 6.87919 11.2828 17.3194 14.7511 6.42422 14.7541 5.09758 8.13654 14.5144 31.3996 13.1514 8.68315
183.567 5.53712 29.4524 6.70278 5.35987 9.72962 5.76253 8.10639 19.3695 9.32313 14.8243 8.16352 8.23892 8.96442 16.9617 6.25905 9.5944
184.401 5.51464 9.73909 12.5057 10.262 9.4256 6.8313 4.59196 15.5982 7.41906 17.6795 12.0874 13.0446 10.8766 5.40618 5.59317 15.4403
184.069 3.66738 15.2765 10.5723 11.3382 6.44072 8.88723 9.67225 7.41271 14.2855 16.6709 4.52996 9.20253 8.20691 10.2194 25.5677 15.4067
183.472 12.7953 14.3779 6.41395 9.5375 4.95886 15.563 15.4978 17.7885 12.7391 6.42696 3.20763 9.11926 10.5904 5.09178 16.6098 22.3813
184.861 19.0214 12.2407 10.5892 12.5783 11.3236 8.57319 2.85529 15.3428 3.90528 2.26876 8.75134 7.43348 9.76577 15.3095 8.40045 17.9766
183.177 2.57033 15.111 1.89994 8.21986 14.3515 12.3774 6.99011 10.9044 9.48794 17.2501 16.7001 13.8809 5.16845 7.20491 14.398 17.9476
197.913 15.8771 7.06372 1.84991 13.1509 10.7873 5.68644 8.61118 8.81841 13.9725 5.38277 13.9599 10.7345 13.3868 14.5217 21.438 13.6819
196.323 6.39142 19.0091 15.974 8.74891 8.85291 9.21257 5.19263 10.4611 4.36263 8.15367 6.9771 15.1729 9.14474 11.3385 12.2777 16.5847
192.841 7.49504 6.55131 8.72172 9.24426 10.2228 17.4944 8.15619 4.42012 7.94231 3.52617 8.74349 11.1365 13.8252 7.03065 3.32925 16.4221
187.912 6.84841 12.0687 5.72967 11.2266 9.08549 5.33996 15.8651 8.98897 7.92997 6.6876 4.19132 10.8597 14.0969 7.04485 7.72046 14.0766
193.642 3.88889 2.84754 7.02828 13.3963 11.4333 13.3451 6.77846 5.20071 10.6666 10.2553 16.7055 9.81958 14.5035 14.5221 10.1621 14.3162
198.95 6.06599 11.1998 10.1182 4.62231 8.04491 11.2527 21.1714 8.60349 14.0197 8.00939 13.7608 6.9934 13.5429 5.7893 9.81076 7.44957
198.071 8.18602 17.4247 6.61976 5.80987 19.5622 9.25175 9.50012 16.2214 13.3558 8.6842 7.56118 22.0355 11.2986 10.9056 7.7417 27.643
192.974 4.04372 6.83619 7.0622 9.80849 10.6172 6.78678 8.18161 11.4812 8.08418 6.44243 8.0987 15.2547 10.373 9.61969 6.98998 14.2738
168.503 5.89283 3.80531 9.17103 5.0173 5.01186 9.36723 16.8518 14.366 2.62564 13.1 6.8702 18.9364 7.34853 12.5292 12.9661 19.1738
196.755 3.36288 2.40885 7.95165 6.53087 7.97612 7.59695 8.94626 10.5576 7.62109 12.5558 9.13787 7.45469 13.2406 13.9495 16.5554 14.2968
184.718 2.91251 11.5638 8.17904 18.4344 12.5018 17.142 18.9435 6.72888 6.54882 9.82105 5.67268 12.7611 13.7305 11.2858 19.0897 20.5678
197.672 4.04993 7.67419 8.31039 14.2469 12.4564 9.56194 11.3884 15.5108 15.5904 3.51396 12.2889 3.87126 12.558 16.9901 9.21523 19.5272
191.872 6.31603 6.71183 13.5061 15.503 3.78128 9.60375 21.703 3.72088 8.59465 7.8052 13.8422 8.662 17.6253 16.0629 9.22222 16.0041
183.53 7.95217 14.9207 10.8567 7.12806 5.63314 9.50573 9.16349 11.7846 10.4655 6.63032 6.63321 12.0002 4.5947 8.5213 21.811 7.00863
177.457 10.3638 11.4991 18.053 7.79877 10.5423 14.1788 11.9848 12.6819 9.72341 8.85426 6.87931 5.6625 3.53771 8.99694 10.9985 12.6779
184.035 15.3542 14.5433 6.86902 7.12155 5.64553 10.2455 4.5777 6.12874 6.24975 6.8406 7.86223 7.08186 9.20486 11.6634 6.02768 10.7525
211.763 4.86263 16.983 10.6853 10.8712 4.82421 4.55243 8.12717 8.58121 3.42783 7.81886 11.6812 8.75026 10.6202 7.75585 5.77827 21.5179
219.611 4.28138 1.06282 7.60185 7.27809 12.1241 12.6171 8.78105 15.6058 8.68941 9.3701 10.2606 9.09319 8.93779 13.9801 7.60668 9.29683
199.802 6.48834 24.1228 9.68571 8.11937 6.10979 7.39796 2.65278 10.4026 10.317 4.17832 3.39022 21.1693 5.73006 9.34147 12.0141 16.3821
187.015 5.0921 5.90813 4.99935 7.04876 7.97694 6.2762 10.8669 8.49029 9.70676 7.34526 10.8548 7.75719 9.47928 11.4176 13.143 9.23253
189.499 5.30717 6.6859 10.6194 8.67994 8.94971 11.364 6.05981 6.9347 11.5955 18.4211 2.44826 6.14032 15.8819 9.73453 8.09216 14.1526
192.054 7.8081 8.41363 2.96513 8.24117 9.29048 10.2027 4.88304 6.70251 7.08732 12.168 12.1553 11.3251 10.6059 7.27752 19.3397 23.3009
183.666 8.1809 19.4694 17.3531 3.76145 12.4198 9.84096 8.52301 4.47476 6.00347 13.9948 6.52054 10.0601 11.7576 6.07705 16.9272 7.1898
183.89 5.6027 14.2788 9.92708 12.5371 10.3974 4.33653 14.8728 7.06962 10.094 15.4288 15.8462 6.93261 4.41197 5.81562 12.6503 9.96588
191.696 14.5746 11.9848 7.23391 8.1965 7.55909 9.19885 8.97275 18.1051 13.3268 7.58957 10.9416 7.39937 12.1984 14.1035 5.52485 14.5812
200.957 10.4617 6.58749 17.7672 18.5225 3.98164 20.3662 8.49549 12.2561 9.03447 6.75271 8.4039 11.9199 14.6198 12.6321 9.54479 17.4885
188.596 5.85907 14.088 12.8434 2.98699 10.1598 8.56721 10.029 12.7797 8.75119 11.5447 13.5393 5.74343 10.3711 10.4967 9.37389 7.49019
185.76 4.89207 13.8766 13.2435 5.83619 9.52387 9.96024 13.1074 12.7435 7.02656 5.22308 13.3574 12.8829 8.58344 23.4689 5.17717 8.89143
187.571 14.1851 16.8013 12.1573 6.87884 9.67544 19.6296 19.9696 7.8978 6.30349 5.04088 14.7483 10.9101 10.4224 11.9861 8.75248 26.9886
181.11 20.0582 13.3064 14.3356 8.39012 7.91025 8.21873 10.3476 10.8054 7.56648 3.92007 15.5281 12.3917 8.85811 17.186 19.5923 22.5936
195.906 5.90656 13.5217 12.102 5.42128 7.79921 9.33239 10.0393 8.08826 8.53674 4.3792 7.96515 10.3939 7.88966 10.6784 10.4184 18.4326
186.2 4.63414 9.22918 7.19157 4.63352 4.76697 8.26151 10.3777 2.71672 9.49292 3.49806 13.6841 7.92513 9.48498 11.4907 9.23661 12.8464
201.291 10.4451 2.32354 6.71952 10.2398 18.0305 12.757 6.03538 14.1824 6.27287 8.29189 8.28951 4.9846 11.5968 9.88401 7.97372 10.4404
205.549 14.7564 11.8812 12.8919 7.31109 9.01856 15.6608 9.68981 8.36371 13.5554 6.85719 7.161 9.70279 10.9777 7.61838 14.441 11.0807
203.479 4.18251 9.75197 14.9682 5.53263 9.58691 10.8869 6.16904 9.74705 4.90254 5.21936 5.68274 13.1658 17.1573 12.2837 14.3264 17.2153
188.311 4.25332 11.4993 8.32604 6.4557 9.78021 14.3698 7.17025 10.1347 13.1567 6.25153 10.5038 3.56744 11.3607 10.339 9.48918 26.3631
187.532 3.60199 10.7836 8.14293 7.29534 3.86899 18.6593 3.91742 19.9713 12.3743 6.7975 8.13527 7.38575 8.85913 3.55748 8.11975 9.19887
187.339 7.43237 16.7095 17.6255 7.27706 8.09421 7.8281 9.62413 14.4175 9.92869 13.1294 13.9666 6.37885 10.2493 17.1047 5.29983 13.0596
184.675 16.779 9.64786 10.928 7.29611 12.177 6.06937 8.59929 9.06043 13.4922 10.3775 8.66171 9.40985 9.5865 13.3538 8.75197 10.1026
150.766 11.6322 3.94302 17.0474 7.17468 5.94733 10.2678 8.31311 3.33302 7.25277 7.14777 8.37969 6.6371 6.07342 13.551 20.3001 9.7051
167.672 5.8188 9.37909 14.8469 20.6374 6.522 7.42273 7.99804 5.22612 12.4726 4.85475 7.27976 6.46282 8.20874 12.4887 13.2668 6.07075
181.966 14.044 10.1014 12.7195 10.2273 8.67031 3.82942 8.21854 9.15708 11.322 6.23053 6.6389 20.8545 4.90568 8.1468 16.6204 8.27753
186.642 17.5957 15.0006 9.51077 9.24282 5.05982 14.0585 8.55357 12.3741 8.09636 4.04746 9.374 9.51108 5.02393 9.64748 10.5437 15.6985
202.096 18.9826 6.84367 7.9984 1.9992 3.37313 11.7694 2.89599 11.1242 11.6377 10.3266 12.0217 5.20762 10.1064 8.36661 9.65488 25.6153
171.855 15.8052 10.6585 5.65867 5.35782 5.25287 12.5554 16.7992 4.17436 8.65059 7.31644 7.00386 15.2895 11.146 9.58372 11.4627 11.7295
188.08 10.3552 19.495 12.1544 10.7056 8.87039 12.2894 5.73319 6.94836 20.9965 9.95777 6.58356 10.8653 11.7861 15.3852 11.9624 22.9297
190.3 3.01521 10.3541 8.46077 8.44461 6.30038 10.7594 9.03599 18.6388 14.5745 12.3979 9.02479 4.65781 10.1024 8.48411 6.25471 10.2195
179.201 8.49579 6.36766 12.169 9.54686 6.18721 5.57279 16.9318 14.3952 11.9185 8.40914 8.43072 5.2886 14.6464 7.54401 10.5699 15.6604
173.556 8.8866 2.82837 12.3759 15.1489 6.17831 15.7651 12.2963 11.8414 7.44996 3.76203 4.38021 6.55687 8.55175 6.73132 14.6907 10.0887
184.99 20.8975 6.75777 18.8339 5.20708 11.0134 3.9971 1.66391 10.9838 14.5314 3.55204 5.72358 5.44249 10.2444 8.51834 9.59543 7.62974
176.059 9.74121 7.825 12.8668 12.9451 10.7638 14.4764 8.09026 8.14226 14.4196 2.5689 5.23145 5.17357 9.04313 14.3658 16.0578 11.6418
182.23 12.7647 13.0238 10.4914 12.3923 16.0632 10.0571 6.78504 10.182 11.2121 4.80916 13.9884 13.2454 11.3301 10.2229 10.9503 9.32005
183.365 8.02165 11.9028 12.9867 10.4734 9.77355 21.8957 7.54542 6.76983 11.2212 5.77532 5.40819 10.2284 5.64388 8.83448 15.5842 12.8063
181.001 8.12775 6.35233 18.1368 5.47614 7.39201 13.0816 9.47552 9.93646 7.31736 4.3742 10.119 8.04049 9.00701 7.81423 13.2875 9.31282
186.116 10.2795 6.37434 19.16 13.7226 20.4635 4.8895 11.086 10.6993 14.2349 12.5682 11.8154 2.17471 11.832 11.2861 12.4348 14.8157
182.404 4.29866 6.16791 12.0916 11.6841 5.95274 13.8908 17.0459 8.86987 10.8667 13.406 9.31712 13.7094 7.21989 13.7659 8.81158 24.4768
178.536 6.63552 9.36378 10.1403 12.1442 14.8199 8.16322 14.7064 6.15694 7.99337 12.9396 13.1968 4.00961 13.9748 6.6012 9.23864 12.3251
197.245 4.61209 4.59633 12.6522 18.3022 10.7652 9.0162 2.79919 10.3895 12.8861 12.8059 7.14488 10.5454 8.97524 12.0208 8.69632 12.6693
177.097 4.46997 6.08522 5.73916 15.8872 11.6265 12.6111 8.64716 9.71644 8.49687 5.09045 8.80515 6.3039 7.15365 14.8921 18.095 16.3757
201.078 8.85546 4.88889 11.8927 7.04321 17.9865 5.11056 4.54543 4.21795 9.41451 6.53757 13.1116 15.3878 9.90545 9.40736 8.84654 22.0615
186.314 7.20682 8.37823 9.98842 12.1563 12.065 10.2175 13.7866 10.5633 12.8786 5.17595 14.3717 11.8304 6.3986 14.1104 6.43933 8.93777
187.813 12.5609 4.1018 16.063 15.3099 13.3681 9.69437 8.53334 3.31353 17.3661 13.217 6.52811 20.8412 4.70988 8.74291 5.51457 23.7444
206.674 11.0054 9.22793 9.4182 8.05703 7.96224 9.94289 1.42785 8.12023 10.2066 13.5424 8.72961 16.7281 9.11019 17.9577 8.62947 19.0688
200.639 7.04705 13.457 5.90015 9.49973 12.8669 5.58445 4.54939 5.44487 7.28989 8.47998 13.2001 9.7047 13.3978 10.7817 9.51412 19.6515
183.919 10.1287 14.2281 6.35282 7.28113 10.141 4.88764 8.67576 11.2646 8.87453 6.9947 5.05424 8.42172 6.18859 20.2169 11.5743 13.8289
179.109 8.79474 11.8778 7.62691 6.64609 9.02291 3.88934 7.1192 24.4254 11.4308 8.9834 5.68826 13.944 8.67049 11.5636 18.0238 11.2733
187.163 10.5105 8.02508 8.25138 8.37966 8.59631 11.6175 12.366 8.28302 10.4472 13.6148 9.18567 5.61443 23.2136 6.76888 9.92581 18.8417
177.681 6.17852 4.13583 3.64811 7.62952 5.40882 10.9697 4.32774 17.4075 13.035 10.2178 9.40847 6.72376 19.6468 20.7915 11.3462 14.1187
199.982 14.268 8.85236 15.4307 12.8587 7.2028 5.45713 4.99872 8.44641 9.95942 9.4265 8.25051 9.17868 7.34196 10.0553 9.74313 10.9489
187.272 5.82727 4.4881 16.7888 15.9393 6.93332 9.74781 5.19558 18.3272 8.92443 5.14488 14.5926 14.903 5.73348 18.434 9.55114 18.7979
195.223 7.29172 5.80609 11.5853 10.1064 20.6293 11.1834 7.22272 3.73938 13.5775 4.77238 7.53124 14.898 9.37517 15.2952 6.01049 11.0093
186.871 9.04161 6.18263 6.07541 12.2745 10.6363 9.57434 11.9659 6.73282 12.7443 9.31447 7.5605 9.19774 9.92575 11.7949 12.2792 30.8163
185.731 15.1702 8.20896 17.6227 10.427 10.4982 6.8958 8.01516 8.13497 10.8419 9.9396 7.48517 21.0439 7.18124 13.6996 15.6589 22.5538
183.802 7.64132 8.99321 13.8698 6.70722 7.1268 12.6374 9.67838 4.28552 15.0488 16.0743 6.99006 9.9259 14.0373 12.6065 3.98119 5.86172
183.211 14.0522 5.63024 11.4434 5.70674 15.392 7.15825 8.43822 7.35778 13.3458 11.9768 10.8695 9.68571 4.51304 15.6298 11.0271 18.3774
182.448 5.26346 10.4808 12.7315 7.04127 14.8806 17.0033 8.8065 15.5364 8.40647 11.8324 8.82485 14.1526 5.38596 14.7558 13.601 18.8253
184.052 9.86787 9.76448 4.98243 9.253 6.72876 6.48247 8.08039 7.86224 10.3242 9.93353 8.98569 12.7312 2.88359 6.94354 27.0665 9.64382
198.838 10.2973 11.0685 11.9092 6.92451 13.3236 7.18252 15.7079 18.16 11.1789 7.45111 11.2513 13.9828 3.42802 14.8601 19.16 16.0581
192.166 10.079 5.03206 14.0466 3.67264 5.43349 12.3696 14.4 17.5293 7.30692 7.53701 13.7779 3.70828 7.69428 15.0307 4.49282 10.4398
203.993 10.2025 11.3521 10.739 3.89759 7.19477 7.19697 8.85636 10.0033 4.89527 18.4106 12.3504 9.76076 8.50226 5.99391 18.6602 6.65661
186.753 7.42292 4.08645 5.31029 9.65284 6.34661 7.46433 5.59114 4.01317 13.3148 10.3691 11.0936 6.72134 2.17168 3.95351 11.0231 15.1921
197.083 2.70616 17.9091 5.67357 10.3789 10.9608 17.7172 6.08311 22.4289 7.10181 1.31866 6.69048 10.9967 8.20888 11.6123 4.9534 11.5187
208.076 14.0074 5.59896 12.3204 10.5084 12.1106 11.382 7.49109 13.3498 9.71248 8.96095 4.6133 11.6841 8.73079 11.6609 6.0655 14.532
201.034 11.4869 5.40377 11.2706 9.46076 7.62228 17.7824 12.4456 16.217 15.6455 5.19065 6.49799 7.83065 11.0884 11.2856 9.97865 10.0177
201.087 9.10546 5.13557 7.85424 9.11293 7.24092 10.8235 8.10602 11.0351 17.0522 4.39929 12.8511 3.38384 6.27149 15.5236 10.1306 15.6061
191.484 5.8636 12.1545 6.22279 8.42955 15.4112 11.9472 8.72119 12.0656 17.5896 6.79314 8.80003 8.83906 14.79 15.2591 5.13204 16.5869
188.578 12.4111 9.63151 9.09085 11.4412 4.91528 12.3374 18.1202 8.77059 11.0457 7.91682 13.8778 9.28225 10.735 8.53261 12.2395 6.65678
204.337 13.229 8.78653 7.66901 14.6339 12.6618 9.38588 8.51203 10.4442 7.33817 6.15836 4.30357 10.0576 12.1125 7.93173 11.1164 23.469
196.83 20.1467 19.895 8.01304 17.5234 3.94206 21.4807 10.3328 14.5274 17.6911 6.41182 3.25907 5.13282 8.2927 7.84666 5.00187 16.4527
195.325 13.6641 15.081 7.19238 15.8186 5.78805 15.9485 10.322 5.86514 9.84203 5.72756 19.8473 5.43653 13.0713 7.62792 7.26986 13.2339
190.257 9.6499 12.8437 8.05216 19.2149 7.68524 22.9904 10.894 8.14479 9.24166 7.41079 12.9653 5.03869 16.1503 9.17226 6.34706 14.3804
173.817 18.7768 7.10931 10.2941 9.58361 11.4178 6.6809 11.084 8.88031 4.25134 6.16108 5.6173 4.68736 13.8634 12.5259 5.98156 18.3646
200.114 11.2261 6.73769 6.419 4.73794 1.13921 14.7749 8.87925 13.8259 4.65644 7.63913 6.12041 6.54223 18.616 10.9868 15.9196 11.876
181.88 13.0124 6.17694 26.0156 2.80581 12.567 20.2086 6.35829 6.48338 17.4528 11.261 13.5299 7.87837 7.45512 18.6763 12.5324 12.8982
183.155 15.668 7.87938 15.5058 9.02375 6.54146 16.0134 6.58332 6.13691 5.57157 11.8083 16.3722 19.1335 11.6596 10.8486 15.0358 25.1863
199.082 7.45769 9.06839 8.60981 13.6325 15.8466 12.3892 6.69503 13.8434 7.66989 13.4273 7.60961 6.89273 11.3475 13.9148 8.05168 26.9304
219.744 8.71056 5.74093 7.87112 13.7037 10.273 7.43077 7.11674 2.85651 6.26646 8.82043 9.66253 12.1611 17.8972 11.3334 10.2049 18.5853
197.648 12.4249 7.93942 7.63502 10.7825 11.8929 5.38262 7.53414 14.4706 4.60473 11.0504 10.1957 12.3971 9.44463 7.10573 9.59355 20.3281
194.023 10.6837 8.47258 6.85312 7.38724 18.9057 4.94642 3.73401 3.35196 9.15982 7.16497 4.38677 9.96354 9.5546 10.725 10.6914 10.873
187.923 4.98861 6.87412 6.47791 11.0387 13.3565 7.98511 5.18332 8.20857 8.36933 9.32131 3.51979 9.86109 7.71432 13.7919 6.63315 17.1282
194.562 9.06644 21.0386 5.8746 13.1927 7.27402 14.1479 10.4077 12.0071 16.1708 9.47261 7.93575 12.1577 12.0132 13.9575 14.0426 15.0853
193.848 8.64832 13.0527 6.52601 7.85793 11.5764 12.0187 8.17656 16.2286 6.17411 7.72861 4.86451 9.81887 11.4886 16.0293 9.27392 16.3981
194.405 7.6168 8.01453 7.99809 10.5235 14.2285 12.5496 9.83459 18.9742 7.12507 11.9063 17.5478 7.69036 11.5761 13.5844 10.1071 18.6285
185.175 9.50016 6.00246 12.9823 9.63099 2.74857 7.04063 9.11247 4.73384 7.6073 5.75477 5.42539 14.0851 8.45608 6.63386 5.62279 8.52127
175.536 16.1616 12.1968 16.757 10.6082 5.2269 2.80723 11.9244 12.622 6.26552 9.99614 12.0935 14.2494 15.656 9.24301 8.32339 11.9526
189.466 18.5752 9.27543 5.44434 11.5088 10.0222 15.3358 10.7902 10.7618 5.6964 11.7466 4.35741 8.75084 5.81017 12.9851 10.6741 4.13582
172.248 8.34751 6.79273 11.9768 6.11396 7.39501 7.81684 5.15748 13.0083 8.09038 6.52174 5.58059 16.8064 9.29585 4.57507 9.08162 11.7951
173.501 4.17279 11.7711 10.3881 9.26232 17.2165 13.9039 12.2377 13.2936 15.5727 7.02714 4.81241 11.662 10.3797 11.5238 7.08741 19.978
193.482 7.76089 11.0594 9.43453 5.10218 9.95845 6.43047 5.68874 9.39492 9.63584 4.79998 9.02409 5.94945 9.21046 12.9536 6.88884 18.3799
186.875 6.42372 6.25171 10.1112 6.39339 7.19992 7.25449 10.1202 9.10754 6.52272 14.191 9.44796 8.91308 5.33666 9.55361 11.4877 15.8008
176.843 7.92109 10.0607 12.3485 15.2694 10.5872 17.8693 12.0504 3.24107 14.4069 5.53314 9.39923 11.5403 5.61365 9.57183 10.2916 15.461
185.067 6.83118 7.53824 23.3194 12.1616 12.2412 19.3952 10.8027 8.45137 9.15926 10.9374 7.41235 12.1856 4.61326 4.81633 10.5663 23.5581
184.302 4.30586 13.9021 5.86628 9.92417 11.3757 9.31144 11.2137 15.3926 9.04574 7.68565 5.79013 6.9932 4.37711 5.96112 16.9387 17.2671
185.655 6.20627 16.1787 15.8921 8.35236 19.208 19.6354 23.1059 7.71687 3.143 11.1344 7.91979 10.4646 9.37941 14.1007 6.54063 15.0079
207.774 9.95168 4.93473 16.2867 11.6318 9.52365 10.5924 8.98667 16.853 11.9357 11.1415 6.68789 4.95146 5.15729 10.9764 6.11091 15.5639
187.39 19.2694 12.871 16.3673 7.76545 10.942 8.32232 15.8049 10.4117 7.32948 9.86307 8.4386 7.85998 8.69803 22.0148 9.02155 9.56141
177.155 11.574 5.55812 14.6528 10.7727 12.1674 11.3724 3.36496 6.42704 3.1967 8.16987 16.4023 9.67673 7.07029 8.0264 7.6273 19.3942
188.352 19.4471 8.28814 14.4438 9.65766 13.1893 4.87984 9.7116 6.72123 6.77562 7.21662 19.0581 10.6297 12.1285 16.2249 17.2964 15.6916
192.315 22.2087 12.1748 10.2186 8.99481 15.1753 8.17427 15.5484 12.9338 8.23715 4.73375 7.27786 16.2774 7.65792 16.1196 15.1225 13.0834
182.866 9.08255 14.7113 10.7744 12.7967 13.3952 12.2405 3.27779 17.31 7.86943 10.708 13.8242 7.87553 9.36906 6.75914 17.0583 12.3266
179.838 18.7077 7.16522 9.67464 8.99487 11.8955 13.283 8.68797 16.9251 10.7915 2.9365 9.59563 16.293 17.0812 14.5674 13.2461 14.2135
190.936 5.06941 5.85683 5.79115 6.45812 6.44773 2.75014 16.6173 7.94398 5.5878 6.53118 5.70453 10.3895 12.363 11.0157 14.1935 8.43585
193.634 5.3765 10.4398 9.57188 7.56563 17.2174 17.7953 6.34306 11.7919 9.129 8.11937 6.74513 3.94556 12.9908 13.8751 18.2734 8.40273
186.184 5.41694 6.47681 14.7001 19.5668 6.96042 9.97633 7.96482 8.28218 12.2545 7.75462 10.5873 9.39009 8.50146 12.5721 18.8971 17.6039
186.129 3.80637 7.01616 13.1394 12.8105 5.37847 14.0275 14.1228 10.6547 7.68219 9.91455 10.2073 8.00168 13.6789 6.92982 15.2 8.44208
196.828 6.74147 9.47195 17.1405 16.3812 5.18591 14.5759 11.7622 10.8753 4.78349 15.8093 13.5843 8.95861 10.7687 13.1658 5.85341 16.3891
180.325 10.4423 16.3051 15.4649 6.729 6.85836 5.80944 19.3636 22.006 9.03677 17.0691 7.0217 14.295 8.89126 5.37612 8.9715 19.8958
200.079 13.3875 5.34231 12.9676 6.68493 6.8569 4.54053 8.97008 16.9487 9.1006 19.4142 8.64691 7.41758 17.2752 14.4888 7.28859 10.4173
190.648 5.47237 10.5516 8.40584 4.2387 9.83171 7.77915 10.8895 8.8125 8.39543 16.2519 2.36172 20.4269 9.13115 7.84437 13.8439 12.5778
177.676 6.4801 9.4116 6.01532 9.33632 5.12649 6.84332 12.7709 10.3557 8.33431 8.95831 13.6936 8.51337 7.18367 12.3537 10.1927 14.6954
185.526 6.42962 14.8238 7.51926 8.69628 7.4668 5.15986 7.74045 13.3618 15.3531 5.23861 14.1989 12.7444 5.80567 11.8164 11.229 20.2413
196.202 11.5585 20.0993 10.7336 6.11251 20.3389 4.51875 4.83261 17.7357 15.9038 12.2234 12.6952 20.8286 11.4807 7.9251 10.338 21.3723
162.089 4.30497 8.17314 4.63172 14.4605 5.83194 15.7481 14.3668 10.5668 14.7874 8.24943 12.6397 10.4249 8.46744 10.1272 6.98604 11.5375
186.068 5.88852 11.3503 9.57005 8.50806 19.2786 9.80681 7.51787 6.17008 7.78513 21.2578 7.41231 8.35947 8.62589 12.4684 10.9097 16.8916
182.668 5.69975 6.25914 4.41232 12.9096 11.6156 13.4306 10.0069 8.76614 7.67857 8.16938 19.999 19.464 8.54879 10.4414 13.3268 12.4726
193.846 4.20484 7.88889 11.8128 6.32371 12.6457 17.9244 15.2842 14.9991 10.7591 6.41181 11.2007 8.41056 6.74919 15.1549 9.66655 12.5073
197.33 6.07737 5.34049 8.99404 6.80892 4.46397 16.3889 5.72455 8.01851 8.2129 9.7898 13.4017 11.1616 11.4666 13.5765 13.8187 24.2851
194.771 11.1474 4.54809 10.7896 8.79487 11.3609 10.1378 4.35514 18.2633 15.8392 5.68175 13.4655 10.675 10.6401 16.7619 10.4298 9.11587
182.221 10.2743 12.6437 13.3305 4.24361 13.6547 28.8711 18.322 10.0331 14.5375 4.09217 8.75111 10.3118 12.0543 18.8304 17.1378 12.3433
190.102 7.32098 10.763 11.308 11.7373 24.2258 5.4692 4.33733 22.8158 6.81084 15.0377 4.82096 9.69843 9.96915 9.68392 14.0583 18.2369
191.211 9.92419 17.5097 6.05817 19.3909 12.3593 15.5372 8.90153 11.1361 15.5243 4.47736 9.52292 9.66072 5.61271 4.02686 8.63895 24.1942
179.116 11.5056 30.0292 7.3006 15.0043 10.3975 15.0598 7.67514 12.7092 10.3732 12.5429 4.79229 14.3255 14.7586 6.26369 8.22112 15.4889
185.108 7.57434 16.759 13.163 14.922 15.6564 17.2809 7.28155 9.91598 12.4459 13.7085 13.7136 13.0146 6.70338 6.64717 5.7765 14.2768
190.392 9.04095 14.2213 4.66142 10.4868 11.0813 17.101 4.86759 4.61077 13.7138 7.32589 8.78149 5.30847 6.50366 11.3631 13.253 11.1149
193.456 5.91699 5.26933 6.46867 11.7671 9.88677 14.5604 13.7663 10.5821 8.68816 8.20692 12.9678 8.94666 10.9459 18.1589 7.72684 15.4162
173.008 14.0839 6.64462 6.87196 8.86724 10.1608 9.6168 7.65575 18.6695 8.70585 6.41915 7.84051 10.215 7.15808 17.3646 6.35735 13.7854
198.552 14.619 4.83129 8.23615 9.91787 7.83652 28.2254 11.4309 21.6684 9.89914 9.19109 10.6506 13.3302 3.26967 4.68897 12.0294 21.7571
200.343 16.3058 7.91808 4.31563 5.98192 4.86604 18.2768 12.4101 12.2415 4.3168 10.1284 12.9633 14.2556 12.9228 6.35842 7.62471 7.20887
190.888 7.43602 16.3894 6.04991 6.14469 10.6314 11.3472 13.044 10.0444 10.1392 3.4219 16.4243 10.8425 15.5875 16.9074 12.5372 17.9647
186.368 16.8846 5.53337 19.5367 6.9595 5.58772 17.8056 7.40208 13.3813 9.58901 6.43837 6.24861 8.5412 4.06738 10.4002 15.6926 26.959
194.407 7.31718 13.6653 8.3248 7.05104 13.7881 13.6824 7.7385 11.9748 10.5034 8.06131 9.33786 10.1786 4.22693 12.427 6.00213 30.7187
194.723 7.14727 13.1651 7.20021 20.6211 10.7286 21.3069 9.60042 7.99313 6.96686 9.31441 13.6448 5.37784 8.21619 21.3811 8.84612 19.4945
193.657 8.76411 5.57567 16.1161 9.17005 22.4318 15.0172 7.88067 12.1957 9.35353 3.09261 13.9706 8.72671 7.52776 7.17041 9.10696 10.4614
185.013 17.9466 12.7519 13.3838 5.34577 9.83167 9.56869 12.55 8.67709 13.3596 7.34154 5.44157 8.84834 15.566 17.644 4.97838 21.4562
183.07 12.6834 4.62548 11.0689 5.67654 11.0438 7.63441 4.75856 10.9842 9.99016 4.26279 11.0681 5.84223 11.3942 6.50592 9.96328 16.7979
172.464 2.90885 7.06431 9.25896 8.74281 9.64977 16.6416 15.8341 8.6281 4.217 13.8515 9.19769 13.4197 6.45677 16.2654 14.7688 8.39955
178.903 7.91181 6.6033 6.12264 14.011 9.10955 6.06206 15.0713 10.5407 14.1773 8.23788 4.68608 11.3891 5.12865 19.3595 5.5608 11.812
187.369 8.501 11.6806 22.5715 12.7515 11.0686 4.66849 12.7086 15.2569 7.38577 6.60634 11.9366 12.1185 8.08116 18.4114 7.58528 17.0173
185.628 12.4169 6.7335 16.8554 11.6631 10.3556 9.96321 4.72732 11.1739 4.91417 5.3612 1.97881 5.50173 13.7642 7.72001 8.19634 14.8313
180.023 6.71243 14.3817 16.0542 9.41349 13.2015 11.1337 17.8348 9.69182 7.19603 12.1795 5.43638 7.85958 6.48383 11.0503 5.99503 13.7944
189.161 12.536 5.54153 6.18769 9.39577 9.76727 12.1647 12.3769 12.2202 6.09401 7.2795 9.5442 12.037 3.29805 11.9939 10.4671 11.7364
178.906 5.07897 5.854 11.2165 9.14141 19.812 6.0162 9.46131 19.6812 7.55666 8.47296 6.10655 9.57313 11.2198 15.0228 8.52789 11.8549
181.817 8.87625 8.20998 12.0101 7.2656 4.90247 9.66164 3.90423 4.86001 3.57071 8.23758 10.319 15.6994 6.9391 10.6682 11.5471 16.6052
182.229 4.61842 20.8558 5.41194 8.35594 11.3548 13.7821 7.99254 8.67418 8.05799 6.16031 8.92511 17.7857 9.04552 9.82334 7.89391 14.8436
197.639 9.65884 9.94961 7.45899 8.8806 11.4403 10.4113 5.56605 5.43116 10.2017 7.3691 11.7259 13.4723 4.06166 8.22656 12.3881 18.1042
173.951 8.30443 12.6358 10.3576 11.5376 5.60894 7.88552 11.8481 5.92718 12.6451 6.90269 15.9334 17.1007 5.73715 10.5375 5.92314 16.6516
192.758 13.0059 7.75812 8.36111 20.6728 5.77047 10.3172 4.23616 5.08201 10.0018 11.8131 3.96979 17.0017 9.10701 18.0419 16.6287 6.27092
188.962 2.77399 7.51642 10.8411 12.5831 11.9263 9.16031 13.5211 6.7888 10.8068 2.70479 5.12767 6.40169 13.2767 7.12113 15.7355 16.859
194.701 9.80282 13.1371 6.20633 12.0068 4.89786 7.59859 6.70268 5.77001 9.99144 7.63798 9.53353 8.93846 13.8645 5.19424 9.43855 15.0127
204.587 9.38345 10.1143 7.16035 20.1756 9.02715 13.1684 7.16065 7.25484 6.50959 5.12553 5.94352 22.2041 14.4541 17.4495 17.6252 11.5227
195.395 14.8975 4.58129 18.6003 15.4098 4.11957 6.56739 7.36145 9.54819 8.31688 8.76607 12.6239 4.52692 6.96356 8.09006 5.76842 16.3323
190.252 7.9534 9.62052 5.54871 18.7217 14.1861 17.6494 6.41812 6.9857 10.6221 7.25 9.69672 13.9009 7.11518 10.2178 9.79607 12.7207
182.47 6.44815 11.4347 6.57378 13.8849 9.81002 11.4965 6.82358 8.84859 6.96695 5.31496 7.94628 10.676 7.47367 7.26022 11.9116 15.6614
177.848 7.40222 16.9383 3.55406 9.19628 9.59546 12.5026 6.82787 7.88797 7.1074 9.47745 7.0299 12.6585 7.21863 8.80173 13.9865 10.2214
173.751 8.68317 9.96435 4.73165 10.771 6.39176 5.89317 8.59108 8.42462 11.8492 2.77073 13.7084 3.76723 6.61648 10.6553 8.54464 12.2208
174.789 9.11688 12.6949 5.84749 10.0362 10.8612 5.93137 6.97386 4.91299 10.0767 11.8034 12.7965 6.19364 8.60001 10.2355 7.25527 13.5984
180.411 5.92149 2.35778 6.34837 11.4326 9.36061 12.2896 9.50699 6.93432 6.26605 11.6639 6.47097 19.0683 10.265 12.4479 7.66833 8.20387
201.155 6.70409 5.1032 11.4958 9.18964 10.6348 11.4439 3.28425 5.44146 9.22113 10.9136 10.8762 9.49073 6.67668 4.27542 10.6945 10.9391
181.083 5.65403 5.08559 9.55523 8.91678 5.32675 14.2588 9.04543 14.2022 11.2587 3.5338 5.89757 17.7131 9.59312 6.19946 11.5275 17.6455
194.012 8.57487 6.46905 7.29829 10.8294 7.37466 6.95012 13.4219 12.5702 7.07611 6.37598 8.49334 12.5644 4.52667 9.43263 12.132 18.2969
195.689 7.03728 16.319 9.28543 8.18446 12.1236 9.20115 17.6081 9.67498 11.1233 8.94065 6.59155 6.46149 8.63491 8.02091 9.20049 22.0523
190.703 12.0896 13.6759 12.3806 11.2706 11.063 7.85147 3.11198 9.21015 9.5381 9.49933 7.53618 10.4065 5.38959 7.0419 21.2532 18.3121
183.842 7.11607 9.21215 11.8993 11.4199 4.93532 7.63891 3.51042 5.40548 17.829 4.42845 6.10707 15.4189 8.74052 7.25218 20.3848 10.7226
176.128 13.4333 9.62874 6.34725 14.3588 12.6184 2.80156 8.49452 13.7125 10.0451 14.7813 17.3001 14.6992 17.6404 9.41827 10.1532 14.529
184.793 10.9324 6.57677 5.74695 18.6064 4.91681 12.3536 9.72999 16.1251 8.52452 3.84936 13.6344 6.84199 19.132 8.49029 11.0815 15.9351
191.802 9.16525 13.9178 12.0011 9.83618 10.0771 9.77176 8.93192 8.87465 8.17132 6.30537 12.0056 12.4011 26.3995 16.3359 11.5131 13.6806
206.144 15.5825 8.29568 8.62486 11.734 9.45081 7.98484 9.15752 12.9865 11.8977 9.82257 10.0715 13.4666 11.7954 9.89647 14.2323 18.7294
178.834 21.4807 12.8498 9.11992 8.97052 6.51667 9.67022 5.16748 13.744 8.8976 8.09237 9.81524 11.266 10.6246 13.7344 3.94762 24.1302
183.806 12.9363 11.0962 16.9886 9.01518 13.0794 10.3667 10.4634 5.80109 4.96423 8.23263 7.72965 9.82359 5.28539 13.3502 10.9424 15.9806
184.268 3.53643 8.04266 13.9674 10.135 6.96543 3.8793 7.11339 18.1319 7.68409 1.99655 6.75626 9.89243 12.2785 20.8394 14.6228 21.0549
180.286 14.6369 2.17479 7.7009 8.33696 4.82139 11.4796 16.0152 11.5548 14.5425 13.0141 14.1921 12.9548 9.93166 8.38221 10.161 22.1387
197.156 6.25891 8.32494 15.2052 12.3895 5.50432 6.87505 10.8261 8.99584 6.34883 14.4774 5.00996 3.39821 8.25089 18.8772 11.6916 27.1634
195.303 12.3424 8.32581 6.28516 17.615 6.7613 7.74539 13.6834 5.20085 9.59654 8.36452 11.9096 10.959 3.73671 15.1135 13.0283 21.9172
209.844 3.88644 8.2914 12.4194 15.3514 9.74263 8.04934 12.3676 6.74698 5.30201 5.76923 11.2899 10.4312 9.68055 5.9609 7.83405 7.96312
188.464 4.83977 8.38473 12.3721 4.3597 13.894 15.6125 12.0321 15.2572 9.52886 12.3675 17.7782 7.04115 10.9263 11.836 14.1185 13.5226
188.099 18.1468 9.88195 8.11535 5.48827 10.2834 12.05 8.37613 8.09821 15.004 5.73538 10.4065 9.79025 7.4818 3.45718 13.6434 14.0471
193.347 7.8104 11.5303 8.27982 19.0027 13.7893 7.06952 17.9621 15.3695 4.17531 11.9269 10.3864 5.51015 11.6488 18.7314 13.0144 10.2283
189.579 8.15051 11.018 12.8318 6.8828 16.7841 12.1007 18.9547 9.39228 8.29354 8.05111 5.49404 3.24111 9.56445 13.8076 17.8761 7.46594
178.267 8.9875 9.73543 1.32495 12.1287 14.3733 8.86421 16.8241 9.2887 6.86062 12.7664 10.7676 13.5429 5.34301 17.8482 5.22516 13.7794
192.86 10.3359 6.90099 6.03805 6.49834 13.7035 10.6641 6.89678 8.28109 8.85472 9.74865 4.18991 10.5922 17.4465 10.4761 14.8004 16.4259
181.851 19.461 4.90432 3.7436 8.58171 4.65411 9.166 21.6159 9.75445 8.33485 5.17346 7.99051 9.82618 7.06147 12.9407 17.031 16.4086
195.402 6.35617 8.4334 10.8125 8.72538 14.7308 6.83569 4.56563 27.2798 7.16515 6.50071 6.21263 11.0952 14.8299 4.39285 5.56867 17.0089
194.425 8.3726 6.17235 11.4148 9.81226 4.76518 7.79652 6.89087 14.1531 5.65404 12.9377 5.86802 10.82 10.3579 14.9316 21.2113 24.3937
190.142 4.5259 3.67076 9.50047 13.9372 10.286 15.524 9.91194 6.23206 11.5884 10.5503 6.00116 10.2705 6.83462 23.2935 12.5928 19.5617
191.208 6.22812 5.72092 12.2833 9.77799 7.08613 10.5601 7.60665 16.2897 12.6696 8.37575 6.16661 11.8385 11.678 13.6749 9.61778 11.8197
197.178 5.23106 7.57922 12.3913 22.9037 6.32394 10.0289 3.89756 11.1119 6.91185 11.7784 6.33989 12.5841 6.54045 22.9146 22.9782 15.2278
186.102 8.66119 9.33597 11.7973 12.8759 14.754 13.9633 6.31263 5.93697 7.17913 14.3127 16.7732 14.1917 8.6883 13.4078 18.0884 7.49558
186.885 10.2263 8.61513 10.2645 13.8159 14.4244 7.95074 11.7171 17.8358 8.90483 12.7567 4.5706 8.22954 6.66474 8.62341 14.1572 14.1079
191.919 13.2869 8.09091 7.99892 7.90253 14.6277 11.777 20.8923 5.64156 8.51869 18.0966 3.9816 16.6601 6.06506 23.6004 4.44125 10.0146
187.944 14.0692 11.8596 8.65208 8.28323 4.99226 14.288 9.72006 10.4875 5.46563 13.4038 5.52637 23.2384 6.06506 17.6504 15.8563 15.0944
196.059 10.585 10.302 20.8971 4.26935 9.89277 9.06583 6.12839 8.08972 7.53399 8.51814 9.3956 9.36838 7.6998 16.8335 4.32261 11.9585
194.69 11.9371 7.03508 8.13196 6.40761 9.31463 2.75595 9.14705 9.40864 16.3587 9.93911 17.6843 12.166 8.55021 10.6679 8.29216 13.1539
185.687 14.2688 22.7748 8.37466 16.5707 4.75679 10.6241 8.0152 6.76659 8.76204 8.05451 16.0171 7.64756 8.0904 8.23791 6.81713 18.3741
180.413 14.2047 9.50948 18.0772 13.6675 15.2697 13.3945 9.95695 7.2424 3.55757 7.23972 5.34332 5.57868 5.77208 20.7648 6.64165 7.91423
172.872 4.04509 11.9473 2.47949 1.76861 5.92449 7.27884 9.68344 14.3885 14.6745 5.29696 11.0981 13.4623 12.8715 4.39307 20.4743 18.202
192.219 6.25981 16.6105 9.79514 19.8823 5.23733 12.5181 8.25159 1.81482 10.9237 8.76112 16.4104 8.20515 5.35658 15.4743 7.69118 20.9691
183.894 7.99036 6.77783 4.09451 6.86423 14.1732 12.4807 10.534 4.21636 7.86502 8.58382 8.29373 11.9059 5.53897 18.7299 13.3214 16.5326
187.974 5.02532 5.60793 7.68236 11.064 9.02506 12.592 17.5065 12.923 4.61227 6.91343 7.93594 6.8241 11.4535 10.1075 10.2312 23.0882
185.182 7.58041 7.14716 8.47772 9.08828 3.58588 11.911 5.77041 10.0653 9.96654 14.8809 8.64623 7.92216 7.11167 14.2856 14.8223 15.4171
196.288 8.04238 8.45126 5.38476 13.9015 4.25868 7.88179 9.75169 4.86137 7.07089 7.30709 14.1767 6.28123 7.92965 15.091 8.71345 17.4978
191.922 9.16925 6.19159 15.9457 8.56676 8.93649 3.47359 10.3473 15.1615 7.60142 4.63048 12.6016 10.9097 3.63448 17.4955 8.39804 18.0065
201.306 6.749 8.62879 3.18284 6.65062 17.2296 12.7331 9.41111 7.69803 6.7452 7.13377 7.25888 7.49301 13.7138 6.48369 9.82644 17.3727
184.542 10.8004 7.2711 2.65996 15.6363 5.84708 11.1363 12.0601 7.31275 4.99914 13.0805 9.5326 8.81648 8.37093 6.86104 9.34689 9.46293
175.754 8.02662 8.99572 6.28711 9.44393 13.9181 8.2087 3.68581 7.62415 2.76322 10.3046 5.66023 10.1937 10.3421 16.5289 3.88941 14.3388
195.002 5.13321 7.9858 7.24334 9.99572 10.0867 8.98575 5.12088 5.08651 13.8916 15.1378 11.2258 10.0851 7.40131 17.0513 19.3366 8.73407
183.685 16.0744 4.47065 10.7851 13.5686 11.5019 3.24223 9.40305 7.5267 6.71415 7.99217 11.0556 10.1043 6.76899 13.5235 7.61936 8.8414
179.286 10.5043 11.911 12.1715 6.34168 10.6571 11.0195 13.0667 5.05882 2.64705 18.1284 16.9936 13.0887 11.8621 15.7668 11.717 11.4757
190.335 11.5806 3.17502 9.09264 4.41182 10.2281 11.2709 5.47063 13.5774 13.1754 20.5039 20.5738 10.0319 9.54426 21.8696 12.9124 14.3887
190.597 16.7542 14.8659 7.93377 14.9092 15.5179 10.1422 16.6247 3.72386 4.75627 6.75005 18.8435 4.44982 14.3735 10.9194 8.99541 21.0304
203.442 5.97466 16.5634 11.8382 14.1062 10.755 9.94098 10.6181 11.5062 4.80399 11.8126 9.28458 21.5813 6.79812 7.96964 9.31278 9.47761
197.71 8.37437 9.0177 11.8284 11.0121 20.2076 17.7753 9.03907 11.2874 5.02467 8.54535 5.43198 6.77214 6.39018 12.8987 12.609 16.9187
184.389 5.43512 13.4485 10.7483 9.25656 5.81387 10.5192 8.33583 2.94364 5.38349 6.92517 18.6226 14.1267 8.42756 12.1573 6.0049 18.1918
187.008 4.91383 10.596 7.22024 6.53053 2.97349 10.2694 13.6961 15.1301 7.90985 8.50648 10.3534 8.3022 7.47846 8.13643 4.47554 6.34371
189.588 9.60111 6.38434 7.63505 11.2299 8.08036 21.3738 19.7341 5.22665 7.54784 10.7617 18.6284 11.2461 9.19591 13.5988 6.39587 12.1798
169.886 7.87705 27.2479 8.61773 10.5722 13.849 13.3581 7.32967 13.2434 5.62638 9.52516 7.51629 14.4291 13.1915 10.5157 7.65966 14.0298
182.058 22.096 7.81139 13.7889 5.36251 8.43914 10.571 8.96186 8.12835 2.61441 9.62773 10.8383 16.2907 11.8784 8.08912 9.10958 10.1933
194.261 10.792 7.09804 13.8628 12.2821 7.46176 13.6091 6.44817 12.9348 5.54535 4.53217 6.98378 11.8864 4.06691 11.7775 6.58751 15.9226
176.494 6.29722 8.12517 31.5004 9.15323 12.0322 8.87223 3.85767 5.90594 4.61075 3.00298 7.98277 5.53475 7.72995 12.7958 8.71322 8.87893
191.609 10.3158 15.0088 11.8945 10.5265 13.1773 3.179 15.4402 15.5739 13.5327 6.78032 5.79241 14.6306 9.00085 12.1341 7.84912 13.9044
177.38 5.98091 13.9842 11.4768 14.3839 11.5521 9.60477 17.7184 5.06716 18.8819 6.29785 13.3711 8.87692 7.62707 7.06824 7.84072 8.69541
197.126 6.71454 17.1888 18.5506 6.18323 10.2169 15.2896 18.887 12.4463 9.86221 9.76773 13.6341 9.37551 14.8971 14.4834 15.5131 13.4874
181.086 9.29997 8.43278 4.89124 8.43197 13.2266 8.6798 10.9248 5.9033 11.2429 5.0575 13.4508 8.14641 12.5272 18.0307 25.4274 14.1867
190.916 6.28242 10.727 11.5068 8.16736 10.1455 6.75665 4.31563 8.61399 11.6524 8.59759 10.8202 7.3344 8.26457 3.59578 6.0413 10.7727
194.579 12.6481 12.8248 8.85886 10.2006 16.4961 14.8195 8.73523 8.54831 3.33884 12.1419 6.96668 9.2262 11.8983 8.01722 7.81978 10.2508
185.418 1.94675 12.0243 10.7446 11.2986 8.36508 17.4602 6.41053 7.26378 6.15656 8.31916 13.9489 8.37849 11.9629 3.99777 13.4477 17.1041
180.249 7.86485 4.10213 12.1751 4.17098 17.934 13.4049 10.2354 21.6514 8.25842 5.04256 16.528 7.27115 11.4977 11.3211 6.0243 15.6869
194.529 13.7259 11.2135 6.88124 3.65912 8.26088 15.7016 8.77412 16.1969 11.7646 3.95361 5.0443 11.2016 10.1084 18.6058 18.0125 11.0369
195.994 14.4221 7.02199 9.89112 6.60226 11.3644 7.79174 7.80504 19.9476 6.33846 12.8456 13.0651 9.51982 13.9565 16.6693 6.94687 11.8278
191.321 7.91759 6.49402 15.3117 10.7129 8.85507 6.23639 6.12926 3.68085 2.58548 9.29774 12.7556 5.427 8.29099 14.4141 10.8487 17.8577
179.879 9.33795 5.74187 7.17194 10.3336 7.94115 5.62038 12.6368 12.3897 15.3513 9.40731 8.2289 10.6852 4.91861 7.48484 9.99476 10.1729
182.721 9.98509 5.09175 13.9047 14.3495 4.98816 11.6148 8.56781 5.96762 10.7109 9.00373 8.25672 6.92726 8.77163 17.9342 12.6605 20.0704
191.837 13.068 9.02329 7.51907 15.6206 15.0106 20.0246 9.29944 25.6537 8.13572 4.28941 11.4391 6.11453 11.4833 7.25134 11.8834 14.9169
197.54 7.16098 4.56558 6.43865 12.5086 14.1375 12.0606 22.5442 9.98395 7.41965 13.457 7.58929 8.75568 14.0065 8.96273 6.87927 13.8313
180.061 6.36864 7.2379 7.30826 11.0198 11.0054 13.7826 13.8522 2.33778 6.3054 12.1534 6.32093 3.1973 8.9342 14.8856 1.57341 19.2567
175.766 5.64226 7.63169 5.23574 11.2137 10.6787 15.4941 5.19385 1.54976 14.3345 12.4269 12.0977 10.8869 16.7845 9.21606 17.2498 16.2996
195.221 4.79754 8.86177 8.71298 15.0598 15.218 14.4455 6.48378 18.0227 10.0985 3.99485 8.45674 14.4511 8.61672 14.186 6.96138 17.1902
193.35 7.37293 6.23555 7.3689 10.3319 11.8105 5.59663 9.09838 14.3067 11.5432 6.64137 6.57385 9.98265 16.0661 5.52339 13.5489 9.34604
199.242 7.03624 2.34843 12.1757 8.3729 7.91382 13.1116 6.84479 10.7934 5.39135 24.1425 6.11093 9.63684 9.41689 8.55783 10.3855 9.53516
197.884 5.87521 18.6192 5.18713 16.6866 9.29553 9.16981 6.12343 9.17418 9.42819 24.0885 9.34448 11.6644 12.9628 13.3472 22.4572 23.8523
196.441 2.0762 7.77616 8.07097 5.94347 11.9655 8.39789 7.14899 8.50226 13.7173 11.8664 10.7666 20.7395 9.7596 7.55598 13.6368 15.8484
200.656 5.35615 7.78142 5.64891 10.0142 13.5725 6.91723 6.7414 8.7019 8.18355 10.1973 16.3347 5.79048 9.04502 8.22725 15.644 10.5798
197.456 10.6057 8.73469 6.99746 7.38205 14.9773 12.0713 11.6971 14.881 12.1279 11.9167 6.06637 9.07222 4.26838 8.22023 11.4943 15.412
188.795 17.3581 10.1186 16.6746 5.5977 16.4125 10.0567 4.52529 11.2648 10.406 6.98267 13.065 6.55642 5.67865 8.72879 11.9469 15.3287
199.842 17.1096 14.1344 13.6881 10.5444 6.21477 13.4856 15.2543 11.4367 12.5608 7.19599 14.7736 9.16456 8.42549 18.0777 13.232 10.4884
178.852 13.6019 12.6464 12.9784 10.8048 12.424 10.278 5.23534 9.70055 6.99257 11.9778 15.1484 5.1938 11.0446 11.4343 15.0518 24.9016
176.232 7.78872 9.4333 6.71403 10.6644 9.69369 5.13947 8.65651 7.17079 6.49235 11.9479 6.01877 18.3499 10.2469 16.4339 4.22162 13.2559
178.469 12.9788 6.89674 4.71064 20.6756 6.80506 9.25205 9.92991 6.62278 12.5428 8.03114 6.83757 13.9607 13.1518 9.35932 12.3906 7.23442
192.409 7.3137 12.8164 16.3786 9.22556 5.41519 11.9389 10.74 18.4199 13.6029 21.9462 3.82611 10.2896 17.2891 8.57641 19.1865 13.2537
183.511 11.1559 15.9005 3.89285 8.25294 10.5703 8.46489 17.6163 17.8645 5.02623 18.1511 8.44879 11.645 4.74453 9.32587 4.40344 9.62733
195.755 7.88583 13.0956 10.1918 8.51494 7.11013 8.21643 21.121 7.34331 4.44708 4.54876 9.75652 11.3109 6.0903 8.90255 5.64317 7.1339
191.95 7.47335 5.26047 10.0489 6.75936 10.9092 10.1762 9.82337 16.1778 7.96793 3.6945 11.7791 11.6341 7.64118 13.0684 12.6649 9.67923
188.671 10.9039 10.9511 7.22849 8.3255 8.88283 7.05946 7.30482 11.5576 8.35366 8.0147 8.31739 14.7179 12.0306 11.9383 11.6582 9.07028
194.567 8.13415 8.65947 12.3603 12.9195 11.1453 9.04841 10.3578 9.13743 12.0899 9.73105 11.7044 15.1247 5.46913 11.7137 10.802 12.1492
178.703 6.0066 9.47884 7.3938 14.1697 8.40414 15.165 9.09163 8.23869 6.51365 12.972 5.5377 16.9326 7.05686 10.6444 7.58277 8.79993
197.919 19.0993 7.04495 4.78324 9.13561 7.13545 11.1515 6.88435 9.00367 8.10703 6.82194 3.68535 14.8625 11.9889 8.55464 7.17248 12.846
174.65 10.023 9.65921 13.4421 5.48839 13.7976 9.54652 15.497 8.74253 14.5597 9.10061 4.10025 10.1023 9.04231 14.548 7.13191 10.9335
178.029 14.174 11.465 5.1004 4.77894 15.6731 16.507 11.9027 5.91146 3.03143 15.7087 12.3898 11.5011 9.9225 6.88346 8.36388 10.651
195.387 2.97513 10.724 14.7954 8.20617 5.391 7.21485 10.5516 8.98172 6.33594 7.65247 8.10941 2.84005 18.2162 10.5601 4.47563 12.9244
206.521 16.4252 3.97255 9.0701 10.0101 10.0453 9.0811 3.60349 8.99717 13.2205 6.52057 8.41492 9.77218 13.7839 14.5854 9.39717 14.7294
196.915 13.2902 5.7635 10.7806 10.627 16.1989 9.93341 5.97524 10.839 9.53273 8.5305 5.09009 11.5174 10.6105 6.29227 6.43985 12.9787
199.128 5.2158 10.3517 10.2887 14.6676 13.5405 4.93308 7.54065 8.65944 7.69524 8.63 7.29794 15.8909 4.65549 15.0434 13.815 6.28833
189.481 6.96321 20.719 9.96356 6.82166 17.5441 5.0691 14.592 5.12551 10.1884 5.10369 7.07091 14.2494 5.52801 9.46284 13.2339 8.40118
192.837 6.38252 13.5672 14.7228 10.6348 9.61256 12.201 5.83696 7.07788 9.62513 9.44838 10.3069 12.6735 7.5345 22.208 15.383 8.7209
200.759 6.38252 8.31122 13.5329 8.87326 6.34188 10.4194 7.02912 12.2942 6.25466 8.63691 10.2866 9.78196 3.87159 15.255 17.193 11.4525
167.531 10.3799 14.8614 16.7179 11.703 14.3733 6.05608 13.4931 9.42113 8.09806 12.11 6.1441 6.48745 8.14907 13.6939 8.75382 15.6249
185.839 6.54189 10.6744 17.0897 8.42118 2.21141 7.98447 9.37426 12.3071 11.8418 11.3713 7.96333 8.99263 9.6537 13.2813 12.9409 14.4819
198.79 5.79856 5.21258 9.75232 11.2631 12.1962 13.3646 5.13637 12.0345 5.6159 9.74649 10.7361 16.5499 9.66594 13.5743 6.37002 19.5847
190.43 14.1397 4.17499 9.23392 6.06495 8.88796 17.231 6.84172 5.02118 10.2405 7.43859 5.60641 17.1957 17.1415 20.0083 7.37397 18.583
180.915 10.3928 9.99379 10.6574 13.924 6.23294 10.9808 7.07828 13.6462 2.21233 7.78055 12.9257 3.65177 12.1977 11.6475 10.1685 14.4343
197.102 10.0807 3.58107 10.1142 14.8453 9.81853 14.3824 11.5693 9.67392 3.94379 7.22517 8.05084 6.98797 11.5943 9.13829 9.12458 16.4876
191.034 9.63515 13.6421 15.1142 3.34215 7.76344 4.04978 10.4837 7.44173 4.16217 7.4488 6.98165 10.9965 9.73492 5.74754 22.9442 15.3535
183.562 5.14657 13.9041 8.81638 10.175 10.4235 11.3888 8.51308 6.23429 6.36985 2.45897 7.83699 14.1709 14.064 15.0172 15.1264 12.1269
189.755 8.39586 5.02594 5.27731 7.99815 9.68748 8.65021 8.83032 19.9735 4.50602 8.14276 9.92171 24.5731 17.6716 17.0619 13.7597 7.99807
190.301 9.45835 8.85136 14.4308 16.2122 12.214 13.9699 10.1349 11.7191 10.2119 3.67488 14.7611 11.2239 16.3413 11.3519 8.04659 18.4528
190.209 17.9773 4.72162 20.9869 13.6268 8.47345 11.4996 8.96369 7.92165 9.10607 11.3456 14.2623 15.8825 16.4536 15.9324 14.5402 17.5071
191.014 11.2937 6.59688 16.8269 5.7708 7.2323 18.0974 10.331 8.54651 11.5413 5.19239 2.76993 10.8537 12.7635 8.66388 8.64988 17.5248
172.612 8.49822 4.97884 14.4786 7.90214 14.2598 8.97769 9.24215 5.37564 7.84034 9.00431 2.2969 8.2057 11.5904 9.20908 15.5653 18.3225
182.807 12.74 11.2933 16.7921 5.53261 1.23871 8.99145 9.66536 5.1663 11.323 12.1614 14.2605 18.3963 9.75126 17.5893 11.0122 17.5948
185.825 2.2108 4.18343 16.8405 9.95319 2.69304 6.65622 8.04764 4.90415 6.66836 12.5732 4.39596 8.91379 15.0722 5.24487 10.1534 12.2136
194.66 6.17091 17.2841 18.202 10.9701 2.57367 22.2566 8.85435 6.00299 7.83236 27.5717 18.3062 14.7332 12.0067 18.66 6.9944 15.1314
172.965 6.49624 7.6757 7.9601 6.68915 4.28221 18.9287 8.17802 11.2779 8.95166 5.45236 8.11216 5.643 19.281 12.3292 12.3461 17.1812
192.399 8.62242 8.59178 10.0893 10.4881 8.6111 12.099 7.88429 6.80173 7.82644 4.17542 14.2663 10.6736 10.4773 9.42636 14.0305 11.2237
180.963 18.1311 9.75887 21.0315 14.2136 13.7754 17.7562 4.93168 12.6647 18.1678 2.51829 17.494 9.53407 8.16433 9.98831 15.5412 20.8697
174.67 7.77704 4.59975 9.82681 9.12502 10.8313 27.2778 14.7191 12.6779 7.68536 4.71903 6.05281 4.5479 13.3635 14.1524 14.3066 12.7345
175.618 19.383 7.22151 7.1417 7.04273 2.668 4.9147 12.3685 11.0798 10.2761 4.1157 11.6072 17.7623 11.3894 13.0825 11.5903 5.16506
200.006 17.5656 13.7998 13.606 8.56642 8.08895 11.2405 6.70978 8.12154 6.94496 6.10593 4.79137 4.62227 8.93485 13.6794 7.69543 22.8078
201.573 4.26448 7.68983 8.16699 12.0912 15.0703 15.9853 7.25047 11.0731 10.2969 8.40345 16.4937 7.44505 15.2769 11.7061 18.0175 5.33447
186.395 7.61231 4.75985 10.5142 8.17402 6.52384 14.2067 13.0211 8.57691 13.9509 7.71263 8.86166 8.46156 13.0257 11.9126 11.6444 11.4138
194.34 8.14641 6.31461 7.32476 11.7677 9.43801 17.8731 6.06663 12.8709 14.099 6.15376 8.80359 15.6062 9.14952 5.63432 6.60253 15.0134
200.794 6.36373 9.9747 12.524 5.93259 13.993 15.4811 6.62272 12.4836 7.38576 8.03501 6.78535 14.3682 11.5916 6.84457 13.7605 17.2137
189.646 13.7488 9.41555 10.8258 8.72557 9.16195 3.95356 7.60619 10.6006 8.62455 10.3378 7.69279 10.1751 10.0531 5.69718 10.9761 16.2148
189.585 5.3667 5.74668 12.301 6.5837 2.73251 14.4915 7.62312 4.43543 10.9255 11.3812 6.01858 12.82 11.7449 22.0823 7.50892 13.2087
183.966 4.87565 3.47651 13.869 5.51424 7.15315 13.0385 5.6706 7.40585 16.5424 4.06613 6.30984 13.7616 11.0477 5.79661 4.72496 14.447
178.447 14.6096 11.9746 8.73366 7.47714 7.01055 16.1953 6.49218 4.01868 11.1653 4.01545 20.4032 13.6461 9.9843 12.2145 13.4785 10.0264
196.604 13.1263 10.9377 13.2538 7.61776 10.6008 10.8013 3.53025 7.80181 8.31773 4.26 15.2994 14.1439 11.1683 14.2321 9.46022 18.2412
185.932 11.1027 3.45938 9.9253 4.69992 4.29443 9.89021 12.5439 8.2302 6.79526 3.65982 9.10379 10.7801 9.0592 14.6922 7.92331 16.7184
197.445 14.7393 14.0113 12.5511 9.73663 10.5475 12.2509 4.30781 5.37095 11.7871 3.27249 5.27437 7.74995 5.96751 7.63872 12.8036 6.94203
194.864 10.2124 6.76609 10.6484 8.36513 8.44703 10.5051 9.18358 5.39335 3.82287 2.95545 15.4251 8.11546 7.86573 14.8469 16.8391 18.0146
199.174 14.6352 9.54097 12.2536 5.27766 8.8691 7.90901 7.92562 9.9609 7.13102 9.55826 4.96905 4.39185 4.75751 12.0638 5.7758 21.289
197.01 11.9915 5.15578 11.3663 15.6198 12.0887 11.1834 6.26367 4.61807 6.04004 8.50788 9.75597 8.62215 14.5836 15.0868 6.87614 6.44714
196.027 14.4646 9.59495 12.1332 10.2934 13.8437 11.2845 17.5644 4.70601 7.66151 10.7342 9.7399 12.9214 12.9933 9.57243 15.1756 24.3137
189.054 5.41257 2.40197 7.71581 15.4045 3.82036 13.1298 7.42713 7.56188 8.81342 9.0227 5.93219 20.3828 9.73528 26.1395 6.9915 24.4506
188.284 19.744 9.15791 14.0252 6.58402 6.77388 9.99621 6.51153 13.4693 7.62468 10.4491 12.993 8.89898 8.87136 6.29445 16.3327 22.8277
187.867 9.08833 18.1113 16.6936 6.37565 8.33427 6.30367 11.8933 12.7142 5.66394 9.12771 12.409 12.2972 5.19006 14.1177 15.5717 14.356
191.119 11.3227 13.6277 5.17161 6.36635 9.29917 4.98885 16.9763 8.71012 7.75989 3.63933 7.93693 9.10025 6.9507 14.881 14.8155 17.4259
193.535 6.92817 11.6789 11.1162 4.57152 10.9133 9.18734 7.62962 5.6226 16.0316 8.99831 6.76432 8.97746 4.86826 11.7307 14.3163 17.3088
182.117 4.74451 4.50788 5.9012 7.73008 9.5487 9.76325 17.7105 6.82943 4.61791 7.7077 6.52313 11.9512 8.19182 6.94773 13.7225 16.877
191.619 12.6301 12.0276 11.7002 5.74395 3.49889 9.14918 4.02388 7.61847 4.14931 4.73138 11.5817 14.9954 6.09079 10.0325 10.2238 8.38668
186.033 6.5172 2.88024 3.53207 9.99206 12.6752 9.68095 12.8873 9.75255 3.77726 14.2816 11.4744 7.87526 14.8024 11.402 14.0487 7.90083
186.106 12.5816 6.32247 4.43791 5.2981 6.86712 10.3495 15.3182 8.74494 8.18109 6.27342 11.3133 9.41114 10.2734 11.5574 7.88391 12.7924
187.441 28.3798 6.15562 15.8537 5.23392 9.58732 5.69068 13.2207 9.05727 9.50066 8.46334 14.1513 6.36442 12.7201 11.7774 7.20855 14.6089
191.924 5.65199 11.6054 9.90574 7.67375 9.72184 13.6785 5.27117 12.1363 11.7704 8.33988 6.48123 21.0989 5.91638 16.2084 16.7634 11.9054
200.026 7.32381 3.80993 12.3176 6.21755 7.05826 7.53278 5.8148 7.40223 6.84799 5.62578 6.58295 11.837 4.10705 11.0657 9.18893 10.8504
204.185 7.3573 5.89914 6.07947 12.7285 5.05882 11.1421 5.16 5.71256 5.68364 13.5076 7.70574 13.1505 9.53011 10.5593 10.7919 13.9254
184.813 4.84328 4.46563 6.06656 4.73561 9.33356 13.6475 13.5733 9.56041 16.8797 7.89223 6.45273 12.2346 15.1482 5.64421 13.2628 25.4808
190.515 6.49782 6.95151 11.4965 7.78094 7.36646 14.1923 12.4751 12.0676 12.373 13.7498 3.58085 6.82405 10.3041 8.26199 6.4439 18.0866
198.611 8.75594 7.41812 6.83768 4.16045 8.69508 5.05013 8.50452 12.8648 14.7701 4.04981 17.0667 14.5757 9.78485 10.374 8.85767 17.217
195.889 5.94508 7.937 3.91179 8.97241 17.876 13.223 12.3103 2.17306 4.04622 4.95559 12.8449 15.2455 9.34487 18.6411 14.6729 10.5701
195.63 11.7499 11.6803 6.76002 18.0084 6.23471 9.8842 9.84622 7.58746 11.0655 11.9574 8.06182 16.5392 10.9688 12.9182 15.3715 10.865
197.017 5.82505 4.20789 15.3449 7.88428 6.54043 8.47713 11.4124 5.96738 5.19883 4.04512 8.13815 12.0621 10.468 7.41647 9.5346 9.29981
208.141 9.7799 7.88873 18.0997 7.64771 7.09312 11.5384 9.77405 14.7497 11.0068 9.69144 10.072 6.26003 21.55 6.30711 8.78576 9.35103
174.666 11.2896 16.3914 11.6572 8.53781 4.0601 10.5821 9.49343 4.41116 11.3908 9.67178 22.1829 6.63695 8.84614 8.93378 10.2435 9.5866
191.235 20.5294 10.4423 13.1072 11.018 5.56978 6.96491 14.8973 13.4734 7.61404 6.49217 13.2377 19.9641 11.4729 9.98198 17.7292 21.4879
196.204 7.29218 6.29819 14.2503 8.45406 3.83969 10.5976 3.96036 13.6263 8.35421 17.0587 6.89984 9.65205 12.6824 9.11763 9.48241 11.371
184.682 12.7821 5.50791 3.87474 8.89935 8.85233 14.6608 12.0734 18.4515 12.2383 12.3855 5.84736 17.8679 7.8432 18.1217 7.56741 19.0873
208.751 10.6127 12.2975 11.1415 10.0361 3.53948 8.23375 8.05416 8.89354 5.2256 16.8536 4.0761 11.9031 7.51521 6.68186 14.9944 21.1733
202.842 17.7212 6.17475 11.4959 6.82681 4.02186 5.25855 11.6929 9.07029 9.96791 3.7856 12.3971 5.01415 9.72108 8.57823 5.17113 17.1724
209.238 2.26419 7.58218 8.68031 8.19285 4.62958 14.4321 5.64984 7.68258 6.927 10.4658 7.98767 12.0336 5.8326 19.717 9.26366 7.86233
182.047 4.11025 14.9627 14.6531 7.26526 16.6838 9.14695 4.57435 8.67765 5.16006 12.081 8.95992 11.4705 11.0286 5.90249 8.37276 10.3792
191.751 9.45249 6.05013 6.01407 10.9304 3.42554 10.0178 9.24576 12.2625 1.71025 8.27285 6.52573 8.74225 9.4704 13.9521 6.5693 7.12774
180.035 4.55151 12.2391 11.2697 14.332 10.4473 6.73027 16.8852 13.7325 8.55658 3.73978 6.92387 9.47745 9.23118 14.7414 7.01184 16.2415
195.7 11.0639 17.1796 4.19151 9.27667 8.49628 8.34039 10.7291 11.1599 6.28122 9.26613 9.39412 8.74181 9.86736 7.91182 15.1707 17.9977
194.509 14.2429 4.66011 13.4431 5.45624 4.79416 10.7781 7.30825 6.29637 5.15337 5.43804 8.83504 5.29409 9.49625 5.23962 18.812 19.2516
190.346 17.6958 11.5716 10.8029 5.45482 14.5337 13.3969 22.7591 4.8953 4.35163 6.24431 7.57951 10.3564 3.16935 8.11032 12.444 18.1319
189.972 13.6093 6.2742 6.97217 6.59067 9.42749 6.98297 4.62016 12.3108 6.78 9.15553 13.4977 7.63793 8.93205 9.48379 5.85044 13.7955
213.242 10.6624 12.2622 9.71363 6.81401 3.94436 7.08815 12.3997 11.9077 19.3256 10.2784 12.676 6.43571 12.6912 7.71448 15.0651 13.1748
170.185 8.8883 6.71077 10.7365 3.95702 7.92369 12.0607 14.6974 8.1686 14.2182 2.31388 12.9608 9.62697 12.036 10.3332 9.0407 6.00393
180.116 7.13802 9.76661 10.679 9.231 10.5383 10.6309 10.4989 8.33528 14.0264 3.5363 4.01385 7.86178 12.8142 10.3262 7.21542 21.1255
187.085 9.37197 4.90574 13.4514 8.6592 7.19825 8.26008 3.24273 5.96715 8.98121 3.2786 15.2368 8.53609 5.52827 14.5167 7.26961 10.2666
200.485 12.2196 2.59025 13.6889 8.02792 8.29684 7.46235 17.6935 7.86953 7.07316 4.39291 6.28071 12.5524 5.35505 5.0077 10.7111 6.66569
172.843 12.7817 15.9411 9.46485 2.79918 8.55218 11.2728 8.67912 2.9572 7.97988 5.28145 8.90354 12.6055 11.5534 4.76227 9.30202 7.44179
211.405 10.101 5.12951 5.59927 21.2606 7.13595 13.3679 7.30854 14.1743 18.2012 7.09573 4.13457 11.8306 9.29164 4.27802 6.37648 10.4065
184.911 10.0626 7.415 4.30914 7.31934 13.4348 13.847 5.97784 10.7811 11.1442 13.1772 4.75332 9.51333 18.7798 6.55277 4.17203 24.1009
198.308 6.34645 4.82832 8.44779 13.268 9.8135 6.60615 7.2454 9.65645 5.76423 2.66381 8.4439 6.897 10.2176 8.0595 14.3741 20.9573
185.351 15.4247 8.00408 10.1303 6.3642 6.19634 7.63166 6.56794 15.8356 6.40808 3.09789 8.80019 10.0206 13.1451 16.8538 4.96603 13.1802
192.724 8.8851 10.2076 9.04428 3.47587 11.9489 11.37 8.914 14.4333 7.55527 14.5315 12.4647 7.40155 10.7239 6.25344 8.31529 11.1251
189.797 6.30976 11.7638 19.7686 11.3803 10.388 9.10019 8.87393 11.5461 8.27321 7.50517 10.132 5.65426 10.9069 18.9001 12.0746 16.0797
191.661 5.8297 7.91961 10.5185 13.3483 10.0306 8.37539 8.92562 9.21859 5.44995 5.39923 9.71049 14.9957 14.9494 14.4087 10.0332 14.8782
179.813 7.24246 9.98787 6.26146 5.19853 9.24536 10.0725 9.96584 4.94011 12.8025 13.5342 6.34609 15.8373 9.35187 10.2318 8.50673 12.7126
182.005 15.7664 9.22711 17.8203 13.0944 5.20226 8.30013 5.69083 9.75158 13.707 12.1058 5.48995 6.90166 7.78077 4.61495 11.1989 14.7793
193.559 4.89181 8.56196 7.44645 13.6261 7.6913 11.8476 17.164 3.99304 4.85098 11.9697 5.02928 7.57135 8.87512 8.94001 6.92931 11.8966
186.758 8.02864 7.77947 6.44025 12.9129 8.75182 5.81131 7.89277 17.904 12.055 8.51621 11.4763 15.5425 8.40098 6.52789 4.46905 11.8966
199.651 11.7729 6.30421 7.15527 11.2753 8.58382 9.75294 13.987 4.5885 2.95711 6.88066 10.3812 12.1954 4.55305 11.3264 9.3311 14.8217
202.599 6.33277 12.415 15.0151 13.0435 6.79371 19.9172 13.1698 7.95137 10.2809 7.53188 4.92608 9.3959 9.09276 7.40075 15.626 22.9817
189.731 5.43531 6.94998 4.62268 12.1281 15.1939 4.64902 6.57727 8.63991 19.1619 8.40098 5.96615 6.8328 9.70932 17.2212 30.7485 8.14887
204.935 12.7686 11.7321 8.45567 3.97909 10.4651 7.96891 9.19162 8.65186 1.85673 10.7972 6.43546 5.23429 12.5877 7.03784 11.1937 17.1396
193.294 4.06634 5.94352 18.75 7.01022 11.4586 9.96363 1.40876 9.42328 6.57749 11.2763 10.2108 7.39277 7.6634 17.874 25.5972 14.0163
194.768 14.9616 7.60321 7.96464 9.97957 17.0599 13.7064 9.7532 5.48813 6.54423 6.30857 10.3144 7.26226 8.81316 7.69776 11.9112 6.14424
198.359 12.076 7.84661 7.00806 6.37023 6.41616 7.81487 5.20561 12.3997 8.57826 9.9406 21.7997 13.5346 8.61605 12.685 4.26137 12.8629
177.807 5.59262 5.79184 6.27725 14.5249 12.591 11.9198 4.20126 6.00899 7.3016 4.25044 4.75224 8.0102 9.06125 14.1955 13.44 14.7909
187.466 8.81642 5.2762 4.87086 8.11067 6.25101 9.40172 7.82543 5.33385 15.8629 7.42599 6.51486 20.989 7.71135 12.4866 3.86803 17.1955
187.832 8.37773 1.98702 17.2477 10.5175 9.66014 12.9706 12.5975 10.4891 4.29083 9.40574 5.78707 9.50937 9.19056 13.8325 7.09643 11.8461
192.255 6.63321 8.42077 6.94164 9.91849 2.87402 18.0065 7.7941 11.9231 16.7103 12.5284 12.3793 12.1804 6.77215 11.3724 6.94526 15.3841
186.189 15.3946 7.65015 3.78252 9.49701 8.74744 6.24385 11.1713 12.4789 4.0551 9.23276 6.16432 11.8339 8.50853 3.68892 4.8632 13.2766
183.845 14.1169 6.30091 10.2484 9.41201 4.24133 19.5424 10.6091 3.37589 11.0065 20.4891 17.9861 10.7003 8.37558 10.5301 16.0294 17.0677
175.705 7.81198 16.4587 14.0911 7.61518 5.28529 7.72625 7.91071 5.53545 6.77905 12.5676 5.48051 9.91498 4.11847 7.5668 7.1628 26.0982
175.934 8.90996 9.25055 8.0346 7.67095 6.93633 20.0399 4.31004 6.24006 10.0398 3.57774 17.4449 13.1896 12.2922 1.42666 8.15256 10.0052
172.535 13.9741 6.44223 10.6899 4.42211 6.82588 6.85908 9.87943 6.01652 18.5834 10.4568 3.92586 13.6397 9.79688 11.8 4.70067 20.1403
169.352 10.6422 14.9739 10.5417 17.8599 7.37378 8.29651 2.90659 17.1751 4.21606 5.98554 9.1599 14.5611 12.433 4.5286 10.2154 8.65228
163.349 2.85499 12.8804 12.4845 5.81889 6.6386 8.48188 7.63094 10.4024 6.06177 11.2487 8.39799 6.94798 14.1108 4.61043 8.25273 10.1482
181.343 3.68184 9.40035 13.5666 8.15978 4.97008 15.4907 10.3053 13.1433 8.11152 10.5589 2.5055 10.9524 2.41666 9.25328 3.07948 19.9036
193.791 11.7209 12.8397 9.10641 4.42051 7.54439 12.5039 11.8785 11.7269 10.7515 16.338 14.2214 17.3347 10.2909 16.2462 11.8405 21.4001
177.025 5.32166 10.5968 5.9164 9.99034 7.87231 14.9211 5.4637 15.3579 11.5228 9.03922 12.9977 20.6304 4.67916 14.7897 9.6414 20.375
184.664 4.86724 10.9513 20.8112 10.1569 6.10003 13.7181 7.95479 13.2429 9.83958 4.65176 10.663 5.43748 18.7567 13.4795 16.4703 5.78663
203.439 3.23152 10.5701 11.6111 9.93874 11.7531 9.42013 9.52157 13.0389 14.3218 7.18515 12.6352 4.76763 16.7181 25.8127 9.46458 10.2823
191.997 9.21598 8.17605 9.59429 12.6974 9.65559 10.0241 6.95133 12.3273 10.8983 5.18829 10.2168 10.5833 14.6968 18.1359 11.1146 13.4164
193.537 5.41376 5.59332 6.4592 12.6198 8.08774 3.71469 21.6312 11.564 3.17375 8.05471 3.74587 19.4968 14.5379 12.0828 13.6417 20.7704
188.852 18.468 9.90563 4.81704 9.74839 12.4785 11.6644 6.07076 9.69263 16.1662 6.45353 4.59245 12.9906 21.4413 9.60942 9.37983 19.5442
196.769 15.7256 9.39717 7.3892 9.57477 7.5636 6.66214 16.3645 12.649 11.7251 11.1081 13.4236 11.587 7.11658 13.2192 13.1907 19.6993
196.786 3.25344 6.79313 15.127 9.46293 10.0063 6.16796 14.3545 10.3473 2.63761 14.6983 11.5982 6.11151 15.1563 12.6131 18.2855 12.7796
193.608 5.88907 10.6416 19.1455 11.1356 11.8813 8.88251 1.33459 15.5815 11.2234 6.72735 10.0699 4.80753 13.9696 10.7907 14.1709 21.2083
180.552 3.66259 6.49183 9.78907 7.90363 12.7992 2.3463 11.9761 6.48695 6.37085 10.2311 6.63795 10.5507 11.1735 4.35044 12.9501 16.6582
191.751 18.8599 10.926 10.5144 6.47149 22.6783 12.2697 11.253 8.45616 10.9425 14.1183 8.1634 10.0276 5.14982 20.9114 7.52266 15.28
178.132 6.86993 7.26674 7.919 13.6077 15.2444 13.6444 9.35882 7.23225 8.98129 1.94466 8.67508 9.27525 3.06926 14.8372 12.8968 23.6775
196.831 2.57988 6.67387 8.06278 14.2417 7.72508 7.39791 4.93805 10.6536 7.78046 14.398 3.77701 9.7128 3.70672 16.6481 14.0056 17.4452
176.727 7.21708 3.73377 14.9801 13.9655 2.06738 6.49746 7.90629 9.26434 10.3607 12.004 10.0315 21.0883 4.13571 8.05407 15.7648 3.88253
198.152 11.7037 6.57192 8.62483 14.5868 4.81193 15.8247 10.6668 6.91983 8.82699 11.0169 9.75533 16.5749 8.68542 13.2542 18.7748 18.0323
203.239 12.9259 2.25809 4.65928 10.2979 7.85098 8.05532 12.9686 5.8844 8.80075 8.55813 9.29409 15.1376 5.72545 14.0133 16.4849 13.2289
180.812 6.51242 7.38695 5.8197 10.866 4.9676 7.2125 6.70315 7.63345 8.43316 10.202 7.35329 9.37779 15.8212 16.6553 15.2258 18.3841
168.075 4.47844 7.69456 4.70586 9.74025 9.45776 10.9983 8.27821 22.7691 7.35458 4.25486 7.57971 13.6072 7.2741 8.2944 9.48233 8.35756
189.072 9.30907 7.21814 6.20058 9.36144 8.42105 3.59232 5.0412 5.5689 7.3876 14.5456 12.3481 5.40703 21.6805 11.1635 16.893 13.2969
189.685 7.91584 22.5199 16.4343 4.76154 12.7895 11.5182 9.17478 11.1943 5.56143 2.11333 4.27938 11.5853 7.13292 15.75 16.1903 7.93478
195.331 6.11672 19.9569 11.568 6.90873 6.03741 7.39868 19.6647 18.9955 5.50477 6.02172 5.21276 22.6425 10.671 11.1317 15.6833 25.6975
187.078 7.66127 16.5815 4.90106 6.66082 9.31465 7.48462 9.70705 18.2198 7.91652 6.73316 6.24253 8.51446 10.6747 11.8207 17.1532 13.077
181.09 8.71567 16.4493 6.18936 9.22344 9.02903 11.5667 1.93826 15.5774 7.69935 11.1118 11.8162 5.03811 5.6356 9.20415 8.91928 24.4698
183.888 9.26878 4.11029 3.08932 11.3837 6.47452 11.0737 14.9481 9.49657 7.795 6.7506 3.96385 12.44 8.90745 4.00887 9.43918 17
193.118 14.3537 4.04015 12.0447 2.87277 3.17275 8.29586 14.0613 9.09853 2.26175 4.98667 2.59828 8.1867 6.26154 10.3959 8.0996 13.403
193.974 4.83931 10.9448 9.36982 12.5355 9.16715 3.9303 12.2006 7.0364 10.2405 7.43157 5.33057 8.60285 8.47376 18.3371 7.63407 11.3535
184.707 9.68346 6.21434 4.63418 11.2967 5.16288 6.62771 3.81953 9.99688 5.20607 4.39069 7.67409 7.12756 12.9207 15.2324 10.2324 19.9639
200.144 17.8006 14.8519 8.94539 21.6174 10.3864 8.10948 9.39729 7.35908 12.1248 4.89908 8.44845 12.797 10.5995 8.02988 10.2529 8.237
199.125 14.9565 10.7567 10.11 4.45657 5.91684 9.42322 6.49244 19.3336 12.174 10.9188 16.9876 6.52358 12.545 7.30982 13.3536 16.42
194.273 10.7339 6.56573 15.2246 3.50081 3.4799 9.73353 6.80457 4.09941 9.88484 5.32608 6.4577 5.23157 15.6089 8.55032 12.8274 7.62491
186.977 14.4727 9.26341 6.33904 6.48106 3.35259 2.67235 8.99451 3.96236 7.58279 18.4751 6.99171 15.2776 7.35027 10.1928 11.2593 14.2017
192.149 9.87099 8.90227 14.0392 15.052 10.9696 9.10575 6.95616 6.49754 8.01926 15.1469 5.75625 9.20311 12.0974 10.0472 12.4995 21.8748
186.9 18.9388 8.46736 11.1488 12.567 6.27639 13.7919 4.75562 7.52007 9.66415 7.72344 4.54498 7.85091 8.35595 6.645 14.3716 14.8632
210.158 12.3333 8.44833 9.79805 5.91819 10.5762 18.3777 15.0124 16.3353 4.61697 7.57532 10.3674 3.33813 9.14605 7.52219 11.6166 9.69016
198.201 12.0116 12.6528 8.53963 5.94094 7.85883 14.8972 5.7547 8.82972 14.3271 8.08827 6.33955 11.4514 8.25808 11.643 12.052 13.6052
186.598 4.82806 13.7535 7.01263 4.33427 8.20624 6.08079 9.7804 7.74438 4.43954 9.20678 15.5171 14.2114 7.47783 8.20862 4.90357 15.0082
186.76 9.85592 7.7406 2.81888 6.46273 12.9868 11.311 8.20868 8.75502 6.34801 9.2925 7.57406 11.8538 11.8556 9.88222 12.7749 16.2859
188.032 8.28228 5.24004 6.83709 10.4159 4.62424 15.7084 6.42863 8.90604 6.35067 13.2787 13.8297 8.96656 13.2448 8.25271 16.6672 8.08122
182.651 12.0553 9.61948 19.1202 4.57496 13.0987 8.28504 5.32019 6.29613 8.42684 8.59706 8.39737 13.1003 14.4625 14.9748 17.5327 12.2086
194.814 13.0984 4.40059 19.8122 3.29807 14.0796 8.7212 12.1071 2.96483 6.61893 14.2662 2.26049 12.3686 14.1486 18.2001 5.62517 13.5629
184.487 11.3661 2.76402 4.34669 10.7375 8.42198 15.3788 6.20032 10.7493 5.72763 19.6117 4.54862 10.2479 16.256 18.3029 14.3844 14.8517
167.444 11.3061 1.86265 9.10444 10.4831 5.7056 10.903 11.2376 10.1623 16.581 17.106 8.27107 9.81939 8.81962 16.1185 11.0316 9.27795
180.96 6.77617 11.6917 12.806 11.3734 14.6579 8.92918 5.95141 9.42925 9.98099 5.81076 12.3764 10.8057 5.11401 13.1437 8.05585 9.1684
191.552 13.3976 11.1436 12.5657 7.83435 4.60574 12.7216 11.6606 16.5196 8.96939 11.9067 8.31018 7.55808 3.89977 17.9901 7.62415 12.2663
193.355 10.4336 13.0676 18.5211 8.8819 12.0774 9.16511 14.4393 6.61979 5.97669 15.2012 4.5399 9.20959 12.5171 9.10615 7.42682 12.9276
206.201 11.1778 14.9183 7.48177 8.29431 9.60923 10.4033 5.77921 4.61363 3.77142 1.73756 5.80838 13.8393 17.8631 7.03329 4.05288 21.5764
183.422 12.7018 24.4085 6.95294 9.98858 18.4951 10.0679 14.3307 6.23355 3.82539 10.8581 7.52034 9.20755 8.61986 10.929 12.0032 4.72319
192.141 14.0849 7.10512 9.75713 4.77019 15.6104 10.5057 23.9737 7.25585 5.39398 15.5376 6.63675 8.38744 5.01702 6.29591 13.047 12.4632
184.043 9.80083 11.9997 10.64 12.0058 11.2734 10.5218 7.3042 7.8913 8.18289 8.86705 5.15718 7.45724 1.24626 2.08303 13.7475 17.9622
200.742 9.70962 13.7369 7.1384 10.4681 16.6805 10.526 6.58706 4.96398 12.4586 7.71168 4.78139 5.20298 9.07519 12.4718 9.0542 17.3971
191.869 4.15447 8.80663 11.397 9.90526 23.9853 9.95175 6.60953 7.13666 10.2637 8.30796 10.9329 9.20183 7.92035 23.976 12.356 3.86692
193.361 14.5763 14.2538 14.2818 14.7551 7.68748 6.65637 17.5732 7.55769 9.38319 7.52702 7.39532 17.4828 6.2175 11.38 8.05962 19.2822
191.07 16.4204 13.4923 14.2528 7.91785 10.7072 7.77019 8.49231 12.675 4.28987 2.51296 9.74131 13.4179 9.17134 18.1731 6.50881 18.8626
180.647 5.07236 13.1388 14.4679 9.13884 10.0588 5.18361 9.08351 4.21354 4.04809 9.43664 5.25966 8.41854 6.41082 9.74783 14.6776 12.9368
181.129 8.12417 11.8186 12.1572 8.83772 17.9842 9.91718 8.93614 19.927 5.86642 2.53274 8.07536 6.37863 9.37688 10.0632 11.5764 21.3153
186.371 9.53707 20.2587 10.5483 8.5041 18.5399 12.5768 7.04367 7.5113 8.16518 12.83 3.32729 12.938 8.07868 10.3203 12.1779 22.9188
192.999 7.02703 10.5393 9.37478 2.31061 18.4082 11.7435 7.37468 3.93765 13.3052 3.24348 8.58463 9.48525 6.99756 19.0811 12.1481 12.1311
196.06 13.2926 6.63105 9.76733 12.3088 11.5141 7.67703 6.9647 12.6483 4.7005 14.3925 11.0943 10.4787 10.8417 6.04472 13.341 11.3209
194.919 6.52098 5.09996 6.32925 11.4605 13.4366 3.85545 8.78682 15.3671 10.1215 21.6156 5.23229 10.4057 2.7448 14.3476 8.62688 14.775
202.066 18.0336 9.10718 11.203 4.58008 4.34692 7.94548 6.59814 10.0905 2.82275 9.96152 5.41129 11.7605 8.62893 17.8009 3.29204 14.6201
182.268 10.7181 4.92418 7.03932 5.80971 12.6113 9.20531 6.96819 13.5792 4.8815 11.1912 8.80328 12.3797 9.14313 10.5988 8.06445 8.85557
186.491 8.0861 9.10163 7.18507 14.421 13.5471 13.2507 9.3077 14.4285 9.69579 14.8956 10.0153 7.51226 2.48016 11.9411 20.487 8.67714
187.723 7.07243 3.74554 6.64913 4.68157 7.23352 3.20989 11.7671 8.88299 8.97316 17.8763 3.12887 4.37227 13.5377 8.28134 11.8882 10.0967
187.795 7.55101 3.7743 4.88407 10.2328 13.3342 15.8122 6.9933 9.75924 2.47712 5.45924 6.83836 5.31511 11.2806 6.33355 6.88317 25.0502
198.693 14.5505 5.1792 10.5831 7.4098 7.58676 10.0081 4.14971 27.8083 5.91329 10.5354 3.43787 7.51769 6.52147 13.0794 8.61984 10.9232
206.021 7.90483 7.52585 14.0087 8.05762 8.58007 7.50846 10.8476 5.66322 10.0045 10.0349 4.71237 10.9258 5.02956 12.287 11.2126 10.6744
195.868 6.08421 10.0214 15.0189 7.14104 5.57475 14.7088 8.12602 12.9279 7.83107 10.9059 18.234 6.84309 12.0138 19.7138 17.1534 16.8135
190.831 3.94107 9.10564 8.53497 7.84339 12.7395 15.0226 12.0593 12.539 4.79956 11.6118 14.5785 13.0584 5.48736 14.0424 20.1996 8.64027
200.575 16.2374 9.31516 4.25921 8.23144 9.43315 2.73429 5.38368 8.89979 5.4759 8.69987 4.4984 3.90781 16.1745 4.20762 6.8171 27.2668
193.487 9.81997 5.29148 15.9626 10.6813 6.54081 4.72336 4.67027 8.65451 12.1951 6.63149 12.8467 9.45126 14.8153 16.172 5.18679 11.6503
179.428 5.09028 2.88184 18.5354 8.55228 3.84198 7.31311 9.20843 7.1685 11.5943 8.32966 6.13473 12.2882 16.587 8.86506 6.97387 24.1123
190.834 14.2785 8.63734 5.91617 7.80838 3.52565 11.8917 8.52908 7.24228 7.16702 11.9382 8.75589 9.44862 8.12354 5.76912 5.69929 16.6599
193.333 8.88467 5.87776 8.24056 6.5934 6.92961 16.5726 8.76341 5.94476 11.3151 9.28975 12.263 8.4769 15.6077 15.7527 12.6941 12.5901
183.752 8.00708 15.6556 4.21055 17.2335 6.3967 11.7253 11.9741 6.87286 7.96605 7.60767 4.26498 4.31148 15.439 15.4163 15.6369 15.5906
185.939 8.66653 4.25685 7.22516 6.07352 11.3935 14.1988 4.84539 6.57637 9.00528 15.6343 9.88549 18.5065 8.67375 11.3241 7.35757 10.6964
170.829 9.89766 15.5249 12.3354 8.10256 7.33154 10.0844 9.51417 6.34576 5.95105 5.02384 11.3622 15.4824 6.91215 11.0127 9.04923 18.5701
189.833 20.6031 7.76334 10.7966 8.42695 5.74625 9.12266 14.0321 11.4392 13.2487 8.73003 5.82796 12.4763 15.8069 9.32838 8.66022 12.7074
180.695 11.0237 11.3 6.46013 15.4449 8.24068 3.55113 10.807 9.13737 8.24868 11.4862 3.97769 12.4534 8.61794 4.37744 13.9707 16.3572
190.086 8.17552 16.0592 4.49335 12.8481 9.37255 16.1885 5.2799 7.87783 8.67496 16.5956 14.5468 9.70453 5.57541 10.3544 7.15853 15.9549
193.023 4.15263 10.0575 15.4333 23.153 3.76091 17.5528 21.808 5.95042 8.04426 8.29301 12.3524 9.03863 8.11037 14.3752 8.93196 16.3302
190.632 12.1187 5.46803 5.98545 12.1437 5.50876 5.00234 9.97541 12.706 8.82867 11.3723 4.14124 8.35505 18.6958 10.8008 12.7013 18.0037
182.096 7.9023 10.691 14.1548 11.801 19.918 13.7903 8.44125 12.7191 13.7794 12.1914 4.72557 9.64197 4.68451 14.2367 18.4592 13.6563
194.061 4.49801 9.83567 9.05454 4.43826 16.1254 10.5842 5.94736 7.97128 8.61093 6.97953 11.123 11.5352 8.28336 19.4632 17.5996 11.5719
190.675 9.9464 6.13499 13.8719 10.7097 4.65951 10.0069 8.65945 6.13827 6.12427 8.75404 10.9629 8.94309 5.07627 11.4218 5.83797 6.37204
179.323 5.10264 4.81557 5.92027 8.06234 4.83277 11.617 11.6023 8.13353 10.4598 10.6852 10.0966 9.38721 8.31847 10.5236 15.1552 14.4581
195.496 13.5548 7.55589 4.71035 9.00773 18.8034 7.68573 7.94474 13.4252 15.3132 5.85101 11.7167 11.993 11.2858 8.86597 4.95263 8.12751
190.046 9.67672 11.3068 9.06792 10.755 9.61907 15.4492 10.4071 8.66882 11.9717 2.94183 12.1814 15.9853 4.70838 11.0267 7.61918 13.7734
179.85 8.49902 5.36678 11.0242 7.43663 15.2353 11.6228 2.70381 7.52303 9.99139 10.5 7.81921 18.7245 9.18306 8.30376 3.86147 20.743
180.977 11.0869 7.55778 2.05842 12.0448 20.2507 11.9396 9.73111 20.7137 7.35075 14.6782 9.40068 11.4948 6.78266 9.40712 7.17452 10.4792
192.371 5.63136 5.65803 8.08395 12.1961 6.3338 4.95956 18.9101 18.8921 11.2483 10.567 9.40791 9.56359 7.6595 17.5733 14.2741 5.51091
190.57 15.3814 16.5993 6.41046 4.1498 8.14001 11.2888 8.13589 18.6714 6.61774 5.72891 6.77192 9.75298 3.2233 13.9489 7.15905 15.1222
186.326 6.27315 7.8899 9.06337 10.0323 11.6789 18.9076 8.14062 7.70367 9.42323 11.6195 9.17555 8.74964 6.76241 12.6929 7.55071 13.4629
188.581 12.9638 9.79519 6.02904 11.0208 8.09952 11.2712 21.2646 5.7688 7.56664 11.6061 11.6733 14.7031 6.02868 9.85449 6.5251 14.1633
188.767 5.78833 22.0308 5.89023 6.53097 9.05505 15.8325 5.68875 3.6663 3.98928 8.08282 8.01406 12.263 20.2158 8.69722 7.12885 13.6815
195.802 7.07531 9.59465 15.1006 11.1427 4.03049 7.23534 14.9599 6.43648 7.62491 6.07659 14.8377 9.45 9.58891 14.4409 7.5118 11.839
190.262 16.9963 14.898 14.8392 11.817 8.17412 17.1298 5.69379 15.5608 4.68014 5.12013 7.29385 16.0438 9.3316 5.6361 18.5552 15.28
177.498 9.99172 11.5261 6.96406 3.20504 11.9069 15.0833 11.4296 11.4668 12.8799 10.5929 7.03304 5.74868 9.15788 11.5173 11.1215 4.17005
194.208 7.46924 8.35364 10.9864 3.99325 13.2437 14.6943 8.92701 9.29103 11.885 22.4936 12.4738 9.5799 12.7136 12.0755 13.5235 14.7794
186.09 10.8351 7.67788 19.1781 3.0464 7.06287 16.5319 7.36611 10.4888 7.41726 10.7727 5.39743 8.23454 12.2352 22.4115 10.0993 11.7924
177.519 13.3201 5.95675 17.0152 8.30651 9.05556 6.55497 11.1248 16.3152 7.35075 12.5528 4.50076 8.10858 12.4991 11.8989 25.3957 14.2433
188.196 4.98129 8.38924 13.0352 5.02504 12.0768 9.73037 8.34552 7.89933 10.5468 4.67923 10.9288 9.07678 14.1064 11.6707 9.86589 12.7754
177.539 13.6782 5.20858 14.0778 11.1243 12.9125 8.69979 11.7597 6.90111 5.2299 10.2875 7.29978 9.25727 8.24918 15.4935 12.7647 13.1515
180.823 7.93458 8.54776 8.06844 4.76388 21.7696 8.94623 14.7915 14.0209 5.93547 8.36705 14.8648 11.9579 9.98093 10.1517 7.30195 14.3533
176.679 5.51021 9.45756 3.88659 10.6669 18.1173 14.1793 11.7848 17.191 4.58385 10.7303 9.10576 4.18591 5.79099 6.6311 18.4304 17.2265
186.052 9.61829 8.05721 8.05516 13.2143 15.8862 8.5633 5.46256 14.5757 13.275 10.9333 17.0439 12.705 7.55288 6.34953 6.38474 7.69359
188.836 18.7612 9.07592 6.31403 6.99016 16.315 6.2558 8.09793 17.6239 4.04524 9.61737 6.95104 12.0289 5.21311 5.83555 10.9113 10.4202
207.681 7.268 9.61986 8.60046 7.88417 18.0356 4.22941 9.95078 7.92354 17.3472 11.7204 6.77422 16.8939 10.0512 14.7362 14.7792 15.9355
202.659 15.9143 8.34776 9.2018 11.0451 13.8305 10.4758 5.28244 4.98281 2.99091 7.05843 5.76399 12.9065 10.5833 14.0938 10.3874 25.3569
201.526 3.89098 6.01783 6.41418 13.2333 5.43016 12.4949 5.01201 16.9207 6.74089 9.35444 6.34903 12.0105 4.34227 12.6511 4.79132 12.8872
198.919 16.1932 6.3892 7.7326 3.82516 9.24513 7.77592 5.58955 4.80686 3.47847 9.73385 17.9871 8.76749 7.51911 2.2966 16.6569 24.3584
195.415 16.3827 10.925 8.14322 21.0897 13.3204 5.12265 9.78364 3.67294 7.04239 9.78854 9.65757 11.4123 1.72192 13.5318 1.9459 19.3995
197.808 20.9673 4.62137 7.25607 9.61017 21.9407 9.50739 6.72263 7.86259 8.72314 7.74396 8.29757 15.9779 7.8964 15.8763 11.4794 6.24263
198.516 11.636 7.47943 8.20859 6.60468 5.38075 5.82067 16.4679 10.1682 16.8471 10.9684 7.61072 13.2453 7.07314 23.7263 11.0832 11.237
181.661 9.41253 12.105 3.90092 5.3552 15.9456 5.97166 11.3806 12.7064 9.14746 5.98628 10.9306 14.1153 12.2092 16.3533 10.3413 14.9406
179.608 9.43367 27.1139 10.3437 6.02771 6.13472 9.16496 4.05113 11.8118 9.75689 11.9657 12.4165 13.0749 13.5005 8.4436 5.83143 11.4029
174.199 10.6063 15.2652 17.2408 6.54818 9.31178 22.7592 4.01474 4.52082 13.5199 5.14746 3.89928 6.43132 10.5069 9.92044 13.9508 19.7833
173.257 6.51753 10.1431 18.7341 13.742 8.57281 22.9618 11.9891 5.94282 14 3.22654 16.9038 15.567 7.95817 17.2087 10.3524 8.53837
175.804 6.4977 15.9869 10.7174 7.46122 4.94975 6.0182 2.19806 4.54718 10.4559 7.01483 10.255 5.57869 5.67749 13.8952 10.0594 8.51686
194.59 13.5341 11.0272 9.95793 9.52275 10.3544 5.22289 3.17509 11.1645 19.0534 2.83165 9.23845 12.2556 7.68795 11.2271 11.4416 7.35729
207.777 13.4403 10.6719 9.69208 4.82167 17.6625 14.6436 14.7087 13.2169 9.72101 11.5334 16.0445 12.6148 17.8241 15.1221 5.16435 19.7171
189.516 26.7667 15.7017 7.19987 13.5227 7.72486 11.1092 7.94031 3.22013 12.6934 8.72284 10.4346 13.8849 17.1062 4.76267 10.4465 19.8071
190.782 6.22106 5.97126 10.7235 15.9168 7.085 14.8886 7.388 6.90021 8.9254 1.27432 3.77664 10.8021 4.32631 15.1921 7.37067 20.0336
188.336 6.93262 5.97126 6.22112 19.4891 8.46986 9.7957 4.0532 5.80532 10.4676 14.0232 17.0602 10.5923 4.66711 9.15429 13.2117 20.8597
178.798 14.2299 15.192 8.45716 12.0568 16.7166 10.1136 11.9631 10.7373 7.5058 9.75673 11.6764 8.15715 7.17655 15.7574 9.22514 12.3322
195.465 13.9748 14.6292 14.5311 11.5934 11.0508 17.0051 8.43819 6.90077 10.1477 5.10139 4.94599 14.4317 17.9702 11.7801 8.58912 13.2512
184.861 10.0103 5.1859 13.2304 8.23871 4.57041 17.7982 8.32335 7.48735 10.2595 12.0684 13.7204 5.19088 7.73541 6.77361 15.6956 9.71429
180.022 2.224 3.75933 11.995 17.6722 4.83421 13.7049 10.0194 11.7345 11.6746 12.3792 8.65187 4.87517 10.0858 11.5585 15.6698 16.2405
177.791 16.6522 12.7136 9.17187 16.9613 15.375 8.90552 3.70522 8.4378 10.4621 11.1156 6.76942 6.69541 13.9127 11.8976 18.142 6.63033
190.119 8.26736 18.4209 4.60537 1.50059 8.55405 8.6115 5.13529 7.53834 9.59389 11.6582 8.00608 6.82818 11.4299 9.21262 11.5693 15.7395
189.071 9.54633 8.90091 10.2298 13.7982 8.35847 7.67542 8.19825 7.42232 8.22275 11.1932 7.14826 7.52949 10.7859 15.1042 15.4412 14.3799
190.799 7.76314 13.0593 6.51778 9.42384 7.95178 6.47798 6.80306 9.66519 10.2433 4.64593 14.3063 7.23026 21.2782 17.3204 14.8211 23.5963
182.18 20.8256 5.19032 9.04311 7.50681 4.76592 12.0318 7.41714 14.9998 17.3884 15.7602 9.40674 8.27615 10.6698 12.437 14.3092 17.4316
163.367 13.477 13.2871 10.0807 7.39486 14.4404 8.37921 6.63906 7.49977 13.8449 15.8796 9.46961 11.3609 13.7325 4.77466 7.34261 21.7169
191.725 10.8553 11.9306 8.67129 10.1125 3.30229 5.73864 9.47229 8.32076 13.7203 8.94715 1.98208 7.75858 2.00607 8.96651 9.37658 19.0717
169.556 10.8193 12.7625 12.191 4.78972 9.38522 18.3673 5.55708 13.4287 13.0643 16.7515 5.34751 9.54225 9.47481 8.0737 10.8305 4.13308
185.901 12.3037 7.307 11.6634 5.43407 13.2819 12.9245 9.76531 14.3321 13.2969 8.50208 9.06368 8.09957 8.75864 12.5441 10.6694 24.8916
188.44 5.57655 4.31381 5.62986 8.24438 3.94623 9.86798 8.82496 9.96935 5.36413 4.72632 9.01834 10.3816 8.18161 5.60999 10.4188 27.2559
199.688 15.3693 13.5443 9.85177 8.75974 8.50905 7.9126 5.30434 13.9295 7.54871 4.28883 9.32436 7.01121 8.1643 3.22483 10.0252 14.4184
192.435 4.87352 14.2409 10.3316 5.17858 11.5436 6.86851 7.00999 5.34985 8.89488 2.85481 5.52989 14.5336 7.85289 9.25711 14.9753 16.5113
197.028 4.58381 6.34804 9.31967 5.11491 5.46634 9.70216 6.83004 5.87486 13.086 6.40751 4.1096 15.0944 10.8074 10.6613 6.91271 13.3406
191.375 2.46814 14.6326 5.64966 8.85406 10.7076 6.52206 5.16155 15.4366 6.20173 6.65148 12.2515 7.40445 11.0528 13.6103 9.18254 14.2422
182.053 11.726 5.96103 11.7282 3.4842 8.90308 9.152 10.8402 2.50429 3.38707 10.5455 12.3671 6.47768 6.60674 5.71522 7.14284 25.7069
180.486 8.08322 3.97207 11.0128 16.4116 2.73142 13.2281 10.0395 16.2842 11.6475 6.35586 5.38233 6.97486 10.3683 5.87568 5.92299 21.0136
211.636 9.05319 12.5557 3.04145 6.46356 3.75565 11.044 14.9454 28.4949 18.2007 8.6076 13.4461 5.07803 11.2449 14.6835 3.00306 13.0844
198.681 13.6074 15.2791 12.6238 11.4192 14.1043 7.10547 11.4699 5.53997 16.3093 3.94168 6.47691 8.69319 11.8953 20.5822 8.61507 14.4155
197.465 15.596 13.8353 7.68931 15.044 13.0068 14.4439 18.3225 11.3079 14.4246 10.442 7.3538 4.84592 9.25397 18.5208 4.87248 25.0397
205.413 11.9929 6.669 13.4743 10.7379 24.0035 6.09366 8.7158 20.2113 15.3134 8.37073 6.02673 14.4566 12.2902 9.3887 11.0902 17.6331
202.839 13.6888 4.07633 5.80172 6.09431 11.0131 4.96178 5.65712 6.81104 15.714 4.60093 5.61803 10.915 4.42761 11.4107 12.7821 16.7322
181.868 14.9351 11.8642 15.4006 6.93086 11.6276 8.31818 13.5633 5.97901 18.6651 5.39612 6.73616 19.135 16.2626 9.91843 17.357 16.9271
194.084 7.96958 7.85734 7.75073 12.9904 13.4481 6.0268 8.98298 13.1639 18.7411 7.45372 8.21632 16.7229 10.0588 10.197 26.5955 25.1028
187.223 6.51231 5.43824 14.0012 3.971 10.6836 10.4167 5.30408 3.98578 6.58229 4.64387 9.96242 8.47264 9.71421 12.8523 5.47411 19.6274
184.85 2.70801 4.04883 7.01313 6.73338 9.98692 7.76776 6.10927 14.0825 13.8826 13.1469 6.57091 7.98223 2.89456 8.84377 10.6794 18.8183
189.701 12.071 13.3891 13.5524 3.64014 8.7714 14.4862 6.65814 6.80181 21.2327 7.49765 15.7018 7.27374 6.44962 8.75877 10.4949 11.2947
198.543 18.4289 7.5951 8.65184 9.69075 16.0493 11.0231 11.2659 10.1254 8.77144 8.24515 11.1387 8.67199 3.0251 11.9514 12.5246 14.6848
198.367 14.0404 6.95624 8.53083 8.0644 11.2361 6.00367 11.2165 11.2035 14.0008 2.3792 13.1627 7.396 3.20257 7.18349 9.61721 15.9307
184.391 10.3967 11.6392 9.27703 15.2611 8.45783 5.9996 7.57721 12.0655 5.63062 3.56123 8.52278 7.80421 11.554 5.97297 12.7418 22.881
191.617 8.62319 7.77923 21.2079 5.12862 4.23982 9.07101 7.94062 17.1278 10.6903 6.1342 10.6549 14.7327 19.6072 18.8645 14.0349 7.3427
184.73 7.47592 5.62412 8.84932 11.637 8.38404 20.1231 8.19901 10.0018 16.512 10.8064 13.7749 16.5195 9.11392 11.6032 3.92425 7.59088
181.628 8.16261 8.09108 3.39549 2.62311 5.61936 7.90603 16.8252 13.9837 16.3972 6.42005 17.718 13.4543 5.88829 9.91844 10.1044 16.221
200.548 8.32246 22.5526 7.65519 19.0803 17.5354 9.36865 13.0461 10.3823 9.7166 6.12616 8.71695 7.52614 12.5644 2.34303 9.35801 19.138
182.362 3.32913 15.1031 7.98018 7.4148 19.0923 4.52469 4.17607 5.60836 9.12162 2.28884 18.3082 7.54777 11.4785 5.67693 21.0375 16.657
181.254 10.8163 10.1624 18.2373 9.95223 6.80067 6.63291 6.52082 8.41676 14.1215 7.12207 13.0348 12.3731 5.43724 15.9139 13.2409 12.8493
182.096 13.3478 21.3815 15.9072 19.0921 5.09858 8.67058 5.78454 13.914 9.17452 15.6212 10.0442 14.1302 10.0476 28.6261 11.4341 12.1601
184.936 10.501 5.41603 10.6606 11.0027 7.20007 11.534 4.76486 9.3005 8.27155 15.1762 21.9238 11.7454 6.87674 18.5213 12.0039 18.4503
190.687 14.3752 14.0689 7.9182 14.1064 10.7021 12.3644 4.44616 3.33346 9.73919 4.76759 9.12805 12.6694 7.97361 16.0549 2.20528 15.8031
182.996 4.28941 7.68022 5.66653 15.9114 12.1752 3.95872 3.54071 9.20557 8.90431 13.3804 12.2147 13.6779 3.47255 14.9273 12.8382 16.819
194.007 11.5686 9.6126 7.90457 9.61852 10.523 5.53188 10.1533 10.8531 16.2127 9.49908 16.3663 16.0943 16.1984 16.1679 14.0059 13.8713
193.098 10.5978 13.9311 7.20539 12.3607 5.43065 15.659 12.3661 12.0763 10.5068 9.44567 6.54872 17.5063 16.9282 5.82597 10.438 21.5095
180.013 11.0878 19.2344 11.2461 12.3422 5.16899 13.0922 13.1207 10.7224 7.12754 8.45072 12.5433 13.4709 2.92659 9.50952 29.0249 10.0274
189.212 9.73208 8.75288 4.55 10.9381 4.93494 10.3543 6.00983 13.8653 8.84896 8.63576 9.53292 13.6643 5.78081 12.5763 12.0282 7.65861
191.104 14.0579 6.44687 5.13161 17.9187 8.30628 13.9511 7.10912 12.2029 7.49004 9.90878 11.2828 12.6622 19.646 13.516 9.3845 15.7266
190.778 6.58173 7.02815 10.9249 15.5459 15.0267 12.8603 14.3831 11.3589 13.8477 8.42035 12.8668 4.21003 14.2515 5.97587 9.14343 16.1989
190.973 4.78128 14.7806 10.5098 13.3835 11.5432 5.95578 9.3864 7.48241 14.0031 10.7009 6.23535 3.5159 11.7169 14.3498 13.6808 19.2245
195.82 6.79476 3.85454 28.8694 14.5757 5.77996 20.836 5.96695 14.4198 4.75376 0.509375 15.2086 7.72887 12.6415 14.0736 14.1683 14.453
188.17 7.48315 8.18321 19.4879 22.6659 7.60556 12.2231 15.1002 19.0535 4.3095 13.5609 12.4357 8.77513 8.319 8.07552 5.76392 11.5361
179.506 11.5474 11.1569 14.1973 3.63963 7.51916 16.0759 8.03364 7.78535 5.14595 8.98355 7.15883 9.75225 7.67785 8.84085 3.01669 15.8678
187.408 11.7181 14.2208 9.35749 4.37483 6.58752 17.056 8.03804 4.6553 9.06644 7.50634 12.1496 3.93011 3.29166 21.1141 15.0985 11.6967
191.24 15.6251 14.0177 7.31919 2.77625 11.7525 17.0803 6.92853 13.8706 14.5934 7.91331 8.87327 10.6715 6.88213 5.03359 12.6888 7.82847
186.383 3.92587 4.03975 19.8017 1.41327 8.29464 7.12769 8.35239 10.6734 13.2601 9.6149 5.26918 10.2815 8.25255 20.6482 12.2393 13.69
191.729 9.41498 14.4896 15.6161 10.9095 4.80862 20.5443 11.5972 21.1447 8.69629 9.01461 9.1737 20.809 21.1056 12.5219 11.0879 15.5327
194.97 4.73235 6.12474 5.35742 8.22128 13.4107 16.2635 9.06771 15.3124 4.80046 9.50505 14.4302 15.7952 15.9215 7.18591 13.8511 13.6465
177.913 5.10208 18.9282 5.51473 7.48529 18.0129 12.1101 7.77555 10.9368 4.41679 6.70086 11.5113 9.42294 16.3694 14.7122 5.07539 10.7505
182.886 6.01041 18.4156 11.2765 15.7987 19.7433 15.4209 8.62203 8.28744 8.08663 4.97857 8.74343 12.1692 6.18994 12.3583 7.86801 23.1028
168.923 6.42826 6.37201 12.6285 8.10366 9.89382 8.70652 12.0206 4.88995 15.3663 6.10673 9.03569 14.8907 5.09282 6.84802 9.4248 19.6782
186.482 7.17391 15.0471 24.25 10.8674 19.5502 14.8039 7.22183 2.13758 10.5926 11.2511 9.9439 8.08444 11.1246 15.2867 9.50066 15.0122
193.445 12.0531 15.9806 9.83802 6.50934 14.9768 6.63921 9.72209 5.97497 4.16404 5.61414 14.0072 3.76861 8.14179 10.1549 5.32326 14.8734
176.625 6.58528 2.60831 8.99559 9.23295 8.03389 7.49847 19.831 8.92589 5.53137 8.73071 12.7202 6.19085 9.68038 4.85271 16.1217 15.661
196.229 9.88248 5.63542 14.332 7.78616 6.64642 5.53951 19.1177 3.6922 3.18758 10.4663 13.5604 13.288 9.11465 9.28863 9.6534 12.9795
195.81 11.178 5.68388 8.23364 9.86714 11.8841 15.141 14.7177 4.45783 7.0797 10.1426 6.69183 9.47302 9.2721 7.29641 11.9078 12.379
181.943 11.8102 12.264 10.4768 9.42664 14.2414 9.99171 6.44978 18.1249 8.96128 7.49307 8.65149 4.27889 12.791 10.4986 11.9017 11.0027
200.417 12.3409 8.82697 9.99384 9.57159 27.2478 12.4207 17.8856 10.3175 7.50497 4.19645 15.7898 5.82084 13.8175 10.7224 9.39017 10.9568
194.942 8.25834 8.38681 6.5617 6.64782 5.6521 8.84911 14.1155 6.27976 7.7805 13.5712 12.8944 9.41836 6.72988 3.51266 14.3131 9.36034
198.771 8.76215 10.5978 14.0901 6.72477 10.8836 8.06977 8.28628 13.0968 8.04405 8.0861 12.657 9.92457 5.75151 9.46763 14.9032 10.3459
187.785 11.4751 11.9639 11.853 12.0865 7.63921 8.43513 14.2857 4.09178 10.6787 9.46604 9.82466 12.813 5.4104 7.58881 4.93693 18.5818
195.641 14.1234 21.8885 14.3001 9.26785 9.93204 10.1397 11.2227 7.97849 11.5425 7.28771 6.09648 22.3814 13.3125 9.18677 13.3397 18.7581
172.487 13.6887 17.1892 10.1032 8.89129 6.54088 10.254 16.2544 9.59256 10.2732 4.28568 3.6909 9.19865 11.0968 16.0665 10.3474 18.6325
198.052 10.6396 12.1259 7.8982 5.67945 9.52858 2.49963 3.94194 12.7478 3.86441 8.89317 5.28947 6.05039 13.321 9.07239 17.4287 11.9306
191.7 6.87356 4.08654 13.2402 5.29732 21.1244 5.57304 6.1503 7.84045 4.76204 10.4906 4.85226 8.83281 14.8697 4.54922 9.62176 14.3791
197.205 4.15169 10.4932 13.0455 13.8902 10.0075 7.6871 9.11194 12.5587 12.095 11.9174 8.66535 8.9999 18.1247 10.9067 4.61464 22.1106
176.039 4.21384 10.6257 8.26906 10.5996 9.57313 7.12278 5.25656 4.03099 7.60343 5.48721 8.56459 9.96069 14.543 7.87582 8.12876 20.9105
192.258 7.46184 9.31258 5.49435 19.9164 10.3006 11.0446 14.7256 16.4588 5.86958 6.46795 6.63462 13.8055 8.11283 9.90949 13.8601 20.2587
189.201 3.60291 13.9558 9.54736 10.2492 12.6116 5.48923 6.3711 14.9424 6.73804 8.94989 8.27576 14.2348 5.88453 7.72311 4.12845 15.996
185.352 9.51997 13.4782 7.79659 6.97221 9.7349 11.2211 10.288 13.3044 8.79846 13.184 7.58766 5.57429 16.3627 7.91567 16.3614 19.9388
199.079 10.5737 3.88528 11.937 4.94104 5.37967 13.9257 11.6131 12.0119 9.57375 11.7962 14.7533 7.82255 9.22925 7.73758 7.57679 12.0589
186.058 10.1565 8.57081 10.9422 10.092 8.9841 24.6217 5.61224 8.16313 8.91639 13.8474 7.12976 12.7575 10.9057 7.23974 8.91422 17.8156
190.455 10.0964 12.0271 16.1993 1.00374 6.05129 13.7892 4.77014 6.40509 10.796 10.5043 6.63547 11.7116 9.78834 16.3377 6.00248 13.7984
192.786 7.21235 11.1866 7.71908 10.5045 14.6368 9.66537 6.06679 9.65626 12.3396 9.89734 7.51209 17.6399 7.43996 18.2894 20.2432 17.7284
186.687 10.7573 6.48214 11.5807 16.4523 10.1025 12.0309 6.82066 9.62004 7.04505 15.9139 13.4281 10.8265 8.25086 21.2155 10.6201 20.5607
183.844 10.6522 14.0599 10.8965 6.70657 4.53806 4.92953 3.57088 13.2875 9.84192 17.8853 12.3552 6.68166 13.1283 18.9247 17.0903 6.13783
191.859 6.89645 8.26588 7.58303 8.0775 19.4411 6.37498 5.22265 15.7582 6.49455 3.86552 12.5983 5.27744 12.6855 16.252 7.47227 14.0848
197.939 6.76564 6.01518 12.1175 12.0284 5.54704 15.0935 6.22746 8.09543 8.43874 8.16298 10.6476 8.07568 13.595 19.6334 10.7746 11.0659
188.039 12.6897 11.6276 7.52626 3.24783 10.2149 10.7945 18.8607 9.54748 6.78799 4.23112 8.652 15.343 9.96558 19.5051 9.76275 15.5516
189.724 20.3406 11.6241 11.9384 9.87034 13.4275 8.08555 24.1145 8.90116 7.72672 10.178 6.90967 11.4654 17.1881 10.636 7.19481 16.2815
181.738 8.43616 8.01073 11.14 10.2665 6.76088 8.03442 2.46809 6.55412 10.7691 7.15528 8.34083 5.8165 10.5781 7.29935 8.86491 15.6682
189.98 7.45446 8.50902 6.27065 11.1937 5.14356 6.51435 9.34983 9.54741 7.44022 8.34803 8.98984 7.44662 5.47986 16.9025 6.64345 12.6466
193.697 14.7433 7.76279 6.8503 9.81962 11.677 16.4015 19.0543 6.06895 7.30595 6.33149 7.8557 12.3619 8.00104 8.68106 16.8068 18.5341
190.784 10.5448 4.91934 6.04692 11.6132 4.58602 7.91153 13.7529 5.23496 9.19848 11.1111 7.90782 9.37047 8.80877 17.3841 12.6687 6.94662
189.917 13.0419 5.42367 10.1311 6.30353 3.56686 14.4916 16.3003 6.64568 17.0093 8.8997 7.63715 9.3194 8.43699 8.86336 12.671 12.1843
178.661 12.3221 6.66337 23.2234 3.2294 12.0568 14.6225 12.0604 9.28678 9.99115 9.33851 10.0016 15.6538 14.8331 4.01929 7.39412 9.39252
173.676 8.96332 13.7714 20.9527 7.99023 9.05303 7.08171 11.7811 5.93173 7.24438 6.14303 10.0923 8.01355 9.34686 22.589 18.8407 14.324
183.59 16.3106 3.46417 8.41274 8.78347 4.05352 3.99724 11.593 19.6906 5.73306 4.41327 23.3219 8.68873 5.56646 22.8922 14.5493 10.5131
182.032 7.91389 13.1194 12.6282 10.3334 4.2714 8.07066 11.1808 15.2283 20.6889 12.5839 13.5912 8.0083 7.89186 12.5015 5.14019 7.52904
175.518 5.20774 5.72359 8.06259 13.9399 8.95875 17.5298 5.47514 10.9474 8.7109 11.5319 9.21224 5.3007 11.3345 9.17602 8.81511 13.1831
193.828 15.4817 4.63964 12.848 7.82869 5.81989 10.6284 10.7325 6.92575 10.8685 13.0536 4.87879 14.8282 2.57489 8.93495 6.60688 15.0378
176.411 6.50996 8.37489 2.16556 7.9763 7.92744 10.1201 10.1333 6.43963 13.3192 7.40848 11.6167 17.297 12.6121 11.2765 3.76293 12.4695
176.675 9.01745 5.94818 13.0963 6.84079 6.0457 15.2646 9.89524 11.1195 10.0897 14.938 8.218 15.4026 6.36535 7.88313 9.46662 11.3423
180.617 14.1677 10.2301 14.4968 10.8894 8.50013 9.20866 2.13709 11.124 11.4821 15.6252 6.422 9.66388 8.93085 5.93977 15.148 20.4349
186.235 7.38833 5.78867 5.69297 3.28802 10.3513 14.2456 12.4958 14.3023 7.96557 7.19008 7.27709 6.53079 6.47824 23.9998 19.2928 29.3062
180.015 5.35331 9.25838 8.95698 10.641 8.53519 14.2456 9.24827 7.24633 7.25735 6.01593 10.3342 8.54195 5.66779 18.2882 9.96365 22.2039
182.888 6.99636 7.45996 9.63621 4.89577 9.35399 16.4894 12.6703 8.24882 6.80578 5.18385 9.46781 20.4607 11.2412 24.9247 12.0613 21.2674
171.692 8.50009 14.1401 11.8054 9.5242 8.74068 14.9758 6.80102 5.19449 8.76576 3.88895 7.1579 7.28012 9.90006 18.5492 12.0205 19.8133
189.302 3.9358 3.9361 2.62656 16.4401 12.6513 12.3127 2.79377 7.97313 7.50099 7.23249 8.88695 9.99168 10.4515 11.0721 8.0593 19.0851
182.842 10.0483 6.75603 5.84717 2.10279 5.92818 13.7259 6.49743 13.5556 5.03114 7.79953 10.1352 4.40491 9.43335 13.3558 4.49624 8.12376
173.779 8.21852 11.7386 6.27747 10.2797 13.3462 14.3045 4.6473 8.92448 17.7574 11.329 5.0796 7.30984 6.08034 11.0193 5.32471 14.8672
185.417 7.20502 12.4217 5.40454 14.1051 5.51747 4.55052 15.629 9.8394 7.60483 5.96739 5.57568 13.2581 10.089 15.3301 6.34927 12.2724
189.456 6.34564 15.6218 5.33993 6.22646 10.4271 5.04635 15.8634 2.84 8.44682 9.98934 8.39129 5.42273 8.21509 11.0474 6.8622 19.5999
178.841 8.22024 15.1501 11.5228 8.67506 11.6625 7.5325 18.0893 1.83163 6.78829 19.8548 22.879 10.7718 28.1497 19.4445 7.41675 9.83063
188.854 7.06871 21.8126 20.7911 14.0719 13.0701 13.2622 15.6535 10.9241 5.10079 7.32867 16.9895 11.0823 17.0994 8.01167 7.18445 20.6941
180.89 6.83331 6.73484 4.03799 13.104 13.0743 6.4038 7.22133 22.495 8.10309 6.70968 14.3303 7.6742 14.0606 16.7054 9.89062 7.78777
178.916 14.3852 4.27094 12.3601 9.03208 7.94698 11.2277 6.9022 8.22172 7.80802 5.43424 15.6799 7.2364 5.29793 7.24407 15.6619 15.5598
203.471 4.09248 6.53559 4.80183 11.1283 5.94544 16.3765 6.88459 7.14337 7.04782 16.5305 4.4783 12.1428 6.24368 12.7885 10.002 15.3093
200.62 6.67592 9.04366 12.716 5.93617 11.784 9.22552 9.33271 3.00616 7.1275 5.56414 9.95551 11.6933 11.1601 14.1154 15.4747 13.6625
192.426 6.04618 11.7803 6.8612 7.8486 3.49456 20.8783 12.0816 8.18535 9.55617 11.6011 3.91463 10.6373 6.65849 14.46 7.95929 12.8587
196.089 7.72002 6.0933 13.0858 1.70105 9.69683 14.2342 14.465 8.16425 10.1696 10.9107 6.7348 7.64022 3.70783 11.1192 12.2082 15.2554
172.37 9.76838 8.38038 9.68139 8.61732 22.7454 17.1836 6.96219 11.6083 9.6088 11.2939 16.2129 7.88602 8.52533 18.7685 9.38659 22.9431
175.162 7.35016 10.8746 12.2198 3.63401 19.1636 8.12957 12.7717 12.5312 6.4912 12.0805 14.1671 7.87354 8.16902 9.17845 9.44955 20.4688
182.952 7.42532 13.5433 3.98008 7.76554 11.4671 8.89021 5.45867 11.9574 11.8394 9.49292 10.6461 9.52493 17.8323 7.29367 7.78895 22.0652
194.86 9.56481 5.95364 9.72334 19.2923 10.1894 14.3923 22.6314 13.8195 6.81602 5.2233 9.33986 13.7959 15.3671 8.95559 20.275 10.3036
196.787 11.4474 5.50069 9.8296 10.1675 5.44404 6.44543 6.91094 6.73151 9.22234 16.7527 10.3358 12.2624 9.47346 7.83714 5.06286 11.0669
185.014 7.42594 6.10063 16.5838 5.73889 6.95377 11.0857 6.99976 8.53717 7.88963 9.9544 12.7859 14.6922 10.8387 15.6001 7.4376 11.4445
187.185 10.2317 19.4915 16.1828 10.5737 16.9344 11.095 9.46081 14.8442 19.7766 12.1015 5.65632 7.47764 16.7762 11.7022 7.53054 20.8992
183.813 10.0332 10.1424 22.8968 13.5298 8.16916 13.6954 7.76967 17.3973 14.4179 12.1131 7.70122 6.15476 12.6276 13.3802 9.74044 13.3
195.532 13.1801 13.6777 12.2739 18.1332 6.81904 11.9397 14.2344 11.3702 7.55747 4.69209 9.5252 5.06479 8.5979 9.79921 8.73846 11.5274
195.578 15.411 14.129 15.6025 9.27929 9.66275 6.71564 6.60439 3.20736 6.37574 5.16114 13.5486 18.5601 7.92463 7.41548 17.3218 16.992
194.052 8.89138 5.56989 8.68465 17.1241 15.5353 6.79999 13.6177 9.54534 7.04161 7.69072 4.36622 12.3117 6.6605 9.70948 16.0628 16.2826
183.159 8.44103 6.86784 6.63327 14.5811 9.63054 7.51128 8.09539 12.4098 10.8419 7.73571 14.521 8.05887 10.8631 6.9579 4.1633 17.0268
186.618 5.78355 7.2326 8.75177 14.2389 9.54841 7.44695 5.13824 8.89474 6.81239 8.36246 8.99549 14.2582 9.79651 15.7327 7.39214 8.34673
185.47 6.08685 10.1643 6.49386 7.40281 7.13118 14.0252 6.26945 10.0004 10.366 13.7113 6.74588 8.58663 11.0834 11.3357 14.7561 13.888
186.688 11.3216 14.0893 5.80793 2.85963 7.19361 7.41769 3.68098 9.54309 9.53691 7.25305 7.10956 17.9283 3.98307 7.82595 4.40344 18.0927
188.361 7.12295 10.8172 7.91029 9.91306 5.42226 13.0351 11.6029 5.0868 5.29943 11.6934 3.74789 5.24547 11.2627 11.2048 9.38278 17.581
196.544 4.19704 13.0621 17.5508 11.4168 7.72793 9.42596 20.1877 9.89867 5.80984 12.4896 8.41589 9.86451 7.11203 11.1108 12.3802 15.8287
219.531 6.50107 11.2923 9.32322 12.7842 6.3117 14.1944 12.6623 17.4787 11.1981 7.87624 19.3957 8.35036 5.67695 20.9775 15.3168 14.2566
185.271 7.72961 7.38738 5.89754 14.6244 8.34675 8.03102 9.40795 8.61731 11.4334 11.7269 5.91542 8.37634 10.764 12.708 11.4726 28.8618
182.241 2.96763 17.1598 5.63564 18.886 6.38508 10.6391 6.08223 7.02583 8.39911 13.0132 9.0549 8.05955 19.611 9.40531 15.0667 24.189
175.88 4.44358 15.5605 13.5725 10.4785 11.3991 4.07641 10.6689 10.0295 6.98629 8.40289 11.7969 19.5065 15.0928 13.5087 11.7615 19.495
170.655 8.1543 16.4664 12.1536 8.18837 5.44069 9.90592 14.1611 9.96356 9.26475 3.55797 11.0051 11.3941 11.5175 13.3862 8.77717 8.34432
181.397 6.22179 11.4657 8.72088 16.6872 15.8323 8.35256 2.26344 5.06195 11.249 5.02312 7.8029 9.33762 6.02942 11.0795 16.6455 23.1782
182.982 3.32267 9.47968 13.5242 18.7995 10.9292 7.97443 3.72304 16.5163 18.6752 7.72024 14.5236 10.784 6.76984 10.4579 11.9533 11.1873
179.06 8.42342 9.21836 11.2879 11.846 8.59074 9.53089 15.6471 6.07021 10.8769 13.3306 7.0755 12.8609 7.09301 14.9972 13.0011 28.6007
185.605 10.0774 13.1752 8.0006 12.0074 2.06992 10.8927 4.61118 6.40153 11.0791 8.00701 19.8587 9.69223 22.1874 7.57983 12.7859 10.131
195.006 7.41326 3.9862 7.85642 4.84901 8.81476 7.66438 16.4496 4.2841 5.99276 11.1636 7.68867 13.4224 17.0445 5.30973 10.3298 21.0141
186.265 4.7028 18.5439 9.98562 11.329 14.1953 10.3696 9.01296 8.83621 15.4745 6.24826 9.30333 9.54455 5.92918 16.067 5.97205 14.4417
186.956 8.76158 15.4456 9.7577 8.00093 15.7926 10.5663 11.2071 2.77111 16.2585 5.9921 6.87182 13.5146 6.38668 12.8066 5.4565 18.5829
190.685 7.11335 14.1424 9.55284 10.6525 14.2452 12.7973 8.94566 11.9535 11.4042 10.1928 8.0617 18.4828 4.8075 15.8979 4.98877 11.7968
183.026 11.0931 16.5636 5.18283 14.9556 9.0157 10.3288 12.852 8.67675 4.7064 7.24588 7.35099 14.47 7.09635 6.55921 12.0056 17.327
180.225 7.39268 15.0827 3.66568 11.1684 6.80569 7.23249 13.247 7.2385 8.48622 7.06885 7.9191 7.20635 6.17115 13.9128 11.1131 24.4189
177.073 3.73554 5.02565 14.5339 9.66138 13.5754 6.58469 9.47231 6.44307 7.90337 10.0318 7.70708 11.3709 12.6515 13.5089 12.5428 12.1076
181.59 10.7413 15.5169 12.0021 9.09319 3.13296 9.20524 12.6419 8.87445 5.69886 16.7365 4.40174 7.14054 13.2955 11.3168 12.8905 13.9738
183.975 6.47784 22.5498 12.44 8.47283 13.789 9.82704 8.78573 6.54088 9.5644 9.14656 6.54373 17.1787 12.019 14.8493 11.4381 18.3754
185.163 13.2751 16.3505 7.33427 3.59841 12.8294 13.2163 9.5162 8.80834 8.36391 9.22514 7.64159 14.0146 13.3216 12.5703 8.08292 20.1834
196.431 6.53063 17.4877 6.06198 13.4886 13.9231 2.95476 8.287 6.23857 9.67707 8.61151 6.51218 6.58571 7.71934 20.5005 4.7359 24.0245
187.926 13.0412 18.1812 6.91721 16.1831 4.24485 16.0536 15.3852 12.8459 10.9154 7.43859 10.4554 17.5603 10.2856 21.6604 11.446 15.2653
184.23 6.72134 9.29597 12.9002 11.5407 4.88327 6.47371 9.70298 14.0166 13.6249 6.77659 14.1815 15.2362 8.40576 9.57854 3.9488 9.3574
175.463 8.27898 7.45793 13.1627 6.03452 9.18474 8.69764 17.2209 10.2801 14.1747 9.22942 17.8762 8.69864 8.92652 12.4452 5.20795 19.8099
190.054 8.05732 29.2466 5.19685 4.84831 5.94784 12.2295 6.04157 4.7145 16.9522 8.1314 9.69199 11.17 9.57082 11.538 5.12845 8.44973
191.098 7.47945 33.2074 9.94566 14.0408 3.09485 13.1686 13.611 11.7551 13.3621 6.59225 8.31082 6.50062 5.09766 10.5289 7.18155 14.9162
182.619 7.95373 13.6576 14.6741 8.36109 6.71293 17.8001 15.3623 6.81346 12.4031 8.39057 8.22578 7.19914 10.1423 11.55 7.66987 14.9261
181.145 10.9104 6.08157 11.8112 15.3537 7.16911 14.3692 8.82499 2.83044 2.82101 8.29546 4.97156 5.70804 7.81594 13.2356 15.9801 13.1126
187.715 6.00574 4.80857 8.02659 14.0893 10.9883 7.39693 11.8804 4.79968 10.6348 10.1482 8.95535 4.3817 7.46564 16.5814 8.82251 11.46
185.745 4.62383 12.0769 4.89377 8.21785 13.3523 7.35333 2.32006 8.83974 12.2365 8.80954 7.62537 18.3808 6.6199 9.62882 15.7451 12.0231
184.159 12.5856 11.5729 11.6861 17.1392 5.54935 12.7727 10.7735 8.50376 7.42054 11.9009 12.199 18.8096 6.90313 5.33094 14.3893 16.3122
195.193 14.7907 7.4531 9.93438 5.21739 8.51924 11.2467 8.57089 6.81095 14.1825 6.48647 6.01307 7.51721 3.60233 11.0626 7.56072 10.409
188.078 11.6391 3.73373 15.0288 9.81746 10.2616 23.5111 11.6425 3.78632 8.90588 7.42988 7.34791 8.33343 15.8475 6.72871 15.1916 10.2002
